version 2
JvmtiExport can_access_local_variables 0
JvmtiExport can_hotswap_or_post_breakpoint 0
JvmtiExport can_post_on_exceptions 0
# 410 ciObject found
instanceKlass org/springframework/core/annotation/AnnotationsScanner
ciInstanceKlass java/lang/Cloneable 1 0 7 100 1 100 1 1 1
instanceKlass org/apache/catalina/loader/JdbcLeakPrevention
instanceKlass  @bci com/bookstore/repository/BookRepository deleteById (Ljava/lang/String;)Z 7 <appendix> member <vmtarget> ; # com/bookstore/repository/BookRepository$$Lambda+0x000001faad513270
instanceKlass  @bci com/bookstore/service/BookService getBookById (Ljava/lang/String;)Lcom/bookstore/model/Book; 9 <appendix> member <vmtarget> ; # com/bookstore/service/BookService$$Lambda+0x000001faad513050
instanceKlass  @bci com/bookstore/repository/BookRepository findById (Ljava/lang/String;)Ljava/util/Optional; 10 <appendix> member <vmtarget> ; # com/bookstore/repository/BookRepository$$Lambda+0x000001faad512e00
instanceKlass org/springframework/http/ResponseEntity$DefaultBuilder
instanceKlass org/springframework/validation/annotation/ValidationAnnotationUtils
instanceKlass  @bci org/springframework/web/servlet/mvc/method/annotation/AbstractMessageConverterMethodArgumentResolver readWithMessageConverters (Lorg/springframework/http/HttpInputMessage;Lorg/springframework/core/MethodParameter;Ljava/lang/reflect/Type;)Ljava/lang/Object; 666 <appendix> member <vmtarget> ; # org/springframework/web/servlet/mvc/method/annotation/AbstractMessageConverterMethodArgumentResolver$$Lambda+0x000001faad539910
# instanceKlass java/lang/invoke/LambdaForm$MH+0x000001faad53d400
# instanceKlass java/lang/invoke/LambdaForm$MH+0x000001faad53d000
# instanceKlass java/lang/invoke/LambdaForm$BMH+0x000001faad53cc00
# instanceKlass java/lang/invoke/LambdaForm$DMH+0x000001faad53c800
# instanceKlass java/lang/invoke/LambdaForm$DMH+0x000001faad53c400
instanceKlass tools/jackson/core/io/NumberInput
instanceKlass tools/jackson/databind/cfg/CoercionConfigs$1
instanceKlass  @bci tools/jackson/databind/deser/impl/MethodProperty set (Ltools/jackson/databind/DeserializationContext;Ljava/lang/Object;Ljava/lang/Object;)V 21 <adapter> ; # java/lang/invoke/LambdaForm$MH+0x000001faad53c000
instanceKlass tools/jackson/core/json/ByteSourceJsonBootstrapper
instanceKlass tools/jackson/databind/deser/jdk/RadixDeserializerFactory
instanceKlass tools/jackson/databind/deser/jdk/NumberDeserializers
instanceKlass tools/jackson/databind/deser/bean/BeanPropertyMap
instanceKlass com/fasterxml/jackson/annotation/JsonAlias
instanceKlass tools/jackson/databind/deser/ReadableObjectId$Referring
instanceKlass tools/jackson/databind/util/ViewMatcher
instanceKlass tools/jackson/databind/deser/impl/NullsConstantProvider
instanceKlass tools/jackson/databind/deser/BeanDeserializerBuilder
instanceKlass tools/jackson/databind/deser/bean/CreatorCollector
instanceKlass tools/jackson/core/TokenStreamLocation
instanceKlass tools/jackson/databind/deser/jdk/JDKValueInstantiators
instanceKlass tools/jackson/databind/annotation/JsonValueInstantiator
instanceKlass tools/jackson/databind/jsontype/impl/SubTypeValidator
instanceKlass tools/jackson/databind/deser/jdk/JDKMiscDeserializers
instanceKlass tools/jackson/core/filter/TokenFilter
instanceKlass org/springframework/http/converter/json/MappingJacksonInputMessage
instanceKlass  @bci org/springframework/http/converter/AbstractJacksonHttpMessageConverter readJavaType (Ltools/jackson/databind/JavaType;Lorg/springframework/http/HttpInputMessage;Ljava/util/Map;)Ljava/lang/Object; 42 <appendix> member <vmtarget> ; # org/springframework/http/converter/AbstractJacksonHttpMessageConverter$$Lambda+0x000001faad5241b0
instanceKlass org/springframework/http/codec/ServerSentEvent
instanceKlass org/springframework/web/servlet/mvc/method/annotation/AbstractMessageConverterMethodArgumentResolver$EmptyBodyCheckingHttpInputMessage
instanceKlass org/springframework/http/server/ServletRequestHeadersAdapter$RequestHeaderOverrideWrapper
instanceKlass org/springframework/http/server/ServletRequestHeadersAdapter
instanceKlass  @bci tools/jackson/databind/util/internal/UnreflectHandleSupplier initialize ()Ljava/lang/invoke/MethodHandle; 27 <appendix> member <vmtarget> ; # tools/jackson/databind/util/internal/UnreflectHandleSupplier$$Lambda+0x000001faad523018
instanceKlass tools/jackson/databind/annotation/JsonAppend
instanceKlass tools/jackson/databind/ser/PropertyBuilder$1
instanceKlass tools/jackson/databind/BeanProperty$Std
instanceKlass com/fasterxml/jackson/annotation/JsonTypeId
instanceKlass tools/jackson/databind/ser/PropertyBuilder
instanceKlass com/fasterxml/jackson/annotation/JsonIgnoreType
instanceKlass tools/jackson/databind/ser/BeanSerializerBuilder
instanceKlass tools/jackson/databind/util/BeanUtil
instanceKlass tools/jackson/databind/PropertyMetadata
instanceKlass com/fasterxml/jackson/annotation/JsonPropertyDescription
instanceKlass com/fasterxml/jackson/annotation/JsonPropertyOrder
instanceKlass tools/jackson/databind/annotation/JsonNaming
instanceKlass com/fasterxml/jackson/annotation/JacksonInject
instanceKlass tools/jackson/databind/introspect/POJOPropertyBuilder$2
instanceKlass tools/jackson/databind/introspect/POJOPropertyBuilder$1
instanceKlass tools/jackson/databind/introspect/PotentialCreator
instanceKlass com/fasterxml/jackson/annotation/JsonCreator
instanceKlass  @bci tools/jackson/databind/introspect/AnnotatedCreatorCollector collect (Ljava/lang/Class;)Ltools/jackson/databind/introspect/AnnotatedClass$Creators; 72 <appendix> member <vmtarget> ; # tools/jackson/databind/introspect/AnnotatedCreatorCollector$$Lambda+0x000001faad51dda8
instanceKlass  @bci tools/jackson/databind/introspect/AnnotatedCreatorCollector collect (Ljava/lang/Class;)Ltools/jackson/databind/introspect/AnnotatedClass$Creators; 59 <appendix> member <vmtarget> ; # tools/jackson/databind/introspect/AnnotatedCreatorCollector$$Lambda+0x000001faad51db58
instanceKlass com/fasterxml/jackson/annotation/JsonSetter
instanceKlass  @bci tools/jackson/databind/util/internal/UnreflectHandleSupplier <init> (Ljava/lang/invoke/MethodType;)V 6 <appendix> member <vmtarget> ; # tools/jackson/databind/util/internal/UnreflectHandleSupplier$$Lambda+0x000001faad51d2e8
instanceKlass tools/jackson/databind/util/internal/UnreflectHandleSupplier
instanceKlass tools/jackson/databind/introspect/AnnotatedMethodCollector$MethodBuilder
instanceKlass tools/jackson/databind/introspect/MemberKey
instanceKlass tools/jackson/databind/introspect/POJOPropertyBuilder$Linked
instanceKlass tools/jackson/databind/AnnotationIntrospector$ReferenceProperty
instanceKlass tools/jackson/databind/introspect/POJOPropertyBuilder$WithMember
instanceKlass com/fasterxml/jackson/annotation/JsonIgnore
instanceKlass com/fasterxml/jackson/annotation/JsonAutoDetect$1
instanceKlass com/fasterxml/jackson/annotation/JsonProperty
instanceKlass com/fasterxml/jackson/annotation/JsonGetter
instanceKlass tools/jackson/databind/PropertyName
instanceKlass com/fasterxml/jackson/annotation/JsonAnySetter
instanceKlass com/fasterxml/jackson/annotation/JsonAnyGetter
instanceKlass com/fasterxml/jackson/annotation/JsonValue
instanceKlass com/fasterxml/jackson/annotation/JsonKey
instanceKlass tools/jackson/databind/introspect/AnnotatedFieldCollector$FieldBuilder
instanceKlass tools/jackson/databind/introspect/TypeResolutionContext$Basic
instanceKlass tools/jackson/databind/introspect/AnnotationMap
instanceKlass tools/jackson/databind/introspect/CollectorBase
instanceKlass tools/jackson/databind/introspect/PotentialCreators
instanceKlass com/fasterxml/jackson/annotation/JsonIdentityInfo
instanceKlass com/fasterxml/jackson/annotation/JsonAutoDetect
instanceKlass tools/jackson/databind/introspect/POJOPropertiesCollector
instanceKlass tools/jackson/databind/ext/sql/JavaSqlTypeHandlerFactory
instanceKlass org/w3c/dom/Document
instanceKlass org/w3c/dom/Node
instanceKlass tools/jackson/databind/ext/OptionalHandlerFactory
instanceKlass java/util/stream/DoubleStream
instanceKlass java/util/stream/LongStream
instanceKlass java/util/concurrent/locks/ReentrantReadWriteLock$Sync$HoldCounter
instanceKlass java/util/concurrent/atomic/Striped64$Cell
instanceKlass  @bci com/bookstore/controller/BookApiController getStats ()Ljava/util/Map; 76 <appendix> argL0 ; # com/bookstore/controller/BookApiController$$Lambda+0x000001faad512bb8
instanceKlass  @bci com/bookstore/controller/BookApiController getStats ()Ljava/util/Map; 43 <appendix> argL0 ; # com/bookstore/controller/BookApiController$$Lambda+0x000001faad5129a0
instanceKlass com/bookstore/model/BookFactory
instanceKlass  @bci org/springframework/web/servlet/view/AbstractView exposeModelAsRequestAttributes (Ljava/util/Map;Ljakarta/servlet/http/HttpServletRequest;)V 2 <appendix> member <vmtarget> ; # org/springframework/web/servlet/view/AbstractView$$Lambda+0x000001faad5164d8
# instanceKlass java/lang/invoke/LambdaForm$MH+0x000001faad514000
instanceKlass com/bookstore/model/Book
instanceKlass com/bookstore/dto/BookRequest
# instanceKlass java/lang/invoke/LambdaForm$DMH+0x000001faad511800
instanceKlass com/bookstore/service/BookService
instanceKlass com/bookstore/repository/BookRepository
instanceKlass com/bookstore/controller/BookApiController
instanceKlass org/springframework/web/bind/annotation/DeleteMapping
instanceKlass org/springframework/web/bind/annotation/PutMapping
instanceKlass org/springframework/web/bind/annotation/RestController
# instanceKlass java/lang/invoke/LambdaForm$MH+0x000001faad510800
instanceKlass com/bookstore/BookstoreApplication
instanceKlass org/apache/catalina/loader/JdbcLeakPrevention
# instanceKlass java/lang/invoke/LambdaForm$DMH+0x000001faad510400
# instanceKlass java/lang/invoke/LambdaForm$MH+0x000001faad4b0c00
instanceKlass java/io/ObjectInputStream$GetField
instanceKlass sun/reflect/misc/ReflectUtil
instanceKlass  @bci java/io/ObjectInputFilter$Config <clinit> ()V 368 <appendix> argL0 ; # java/io/ObjectInputFilter$Config$$Lambda+0x000001faad41a0f8
instanceKlass jdk/internal/access/JavaObjectInputFilterAccess
instanceKlass java/io/ObjectInputFilter$Config$BuiltinFilterFactory
instanceKlass  @bci java/io/ObjectInputFilter$Config <clinit> ()V 80 <appendix> argL0 ; # java/io/ObjectInputFilter$Config$$Lambda+0x000001faad419aa8
instanceKlass  @bci java/io/ObjectInputFilter$Config <clinit> ()V 56 <appendix> argL0 ; # java/io/ObjectInputFilter$Config$$Lambda+0x000001faad419890
instanceKlass java/io/ObjectInputFilter
instanceKlass java/io/ObjectInputFilter$Config
instanceKlass java/io/ObjectInputStream$ValidationList
instanceKlass java/io/ObjectInputStream$HandleTable$HandleList
instanceKlass java/io/ObjectInputStream$HandleTable
instanceKlass  @bci java/io/ObjectInputStream <clinit> ()V 40 <appendix> argL0 ; # java/io/ObjectInputStream$$Lambda+0x000001faad418358
instanceKlass jdk/internal/access/JavaObjectInputStreamReadString
instanceKlass  @bci java/io/ObjectInputStream <clinit> ()V 32 <appendix> argL0 ; # java/io/ObjectInputStream$$Lambda+0x000001faad417f48
instanceKlass jdk/internal/access/JavaObjectInputStreamAccess
instanceKlass java/io/ObjectStreamClass$ClassDataSlot
instanceKlass java/io/ObjectStreamClass$FieldReflector
instanceKlass java/io/ObjectStreamClass$FieldReflectorKey
instanceKlass  @bci jdk/internal/reflect/MethodHandleLongFieldAccessorImpl getLong (Ljava/lang/Object;)J 11 <adapter> ; # java/lang/invoke/LambdaForm$MH+0x000001faad510000
instanceKlass java/io/ObjectStreamClass$2
instanceKlass java/io/ClassCache
instanceKlass java/io/ObjectStreamClass$Caches
instanceKlass java/io/ObjectStreamClass
instanceKlass java/io/ObjectOutputStream$ReplaceTable
instanceKlass java/io/ObjectOutputStream$HandleTable
instanceKlass java/io/ObjectOutput
instanceKlass  @bci com/bookstore/repository/BookRepository deleteById (Ljava/lang/String;)Z 7 <appendix> member <vmtarget> ; # com/bookstore/repository/BookRepository$$Lambda+0x000001faad50bc00
instanceKlass  @bci com/bookstore/model/EBook getExtraInfo ()Ljava/lang/String; 4 <appendix> form vmentry <vmtarget> ; # java/lang/invoke/LambdaForm$MH+0x000001faad50b800
instanceKlass java/lang/invoke/MethodHandleImpl$CountingWrapper$1
instanceKlass org/springframework/beans/PropertyAccessorFactory
instanceKlass org/springframework/validation/DefaultMessageCodesResolver
instanceKlass  @bci com/bookstore/service/BookService getBookById (Ljava/lang/String;)Lcom/bookstore/model/Book; 9 <appendix> member <vmtarget> ; # com/bookstore/service/BookService$$Lambda+0x000001faad4ffce0
instanceKlass  @bci com/bookstore/repository/BookRepository findById (Ljava/lang/String;)Ljava/util/Optional; 10 <appendix> member <vmtarget> ; # com/bookstore/repository/BookRepository$$Lambda+0x000001faad4ffa90
# instanceKlass java/lang/invoke/LambdaForm$MH+0x000001faad50b400
# instanceKlass java/lang/invoke/LambdaForm$MH+0x000001faad50b000
# instanceKlass java/lang/invoke/LambdaForm$MH+0x000001faad50ac00
instanceKlass org/unbescape/uri/UriEscapeUtil
instanceKlass org/unbescape/uri/UriEscape
instanceKlass org/thymeleaf/standard/expression/AssignationSequence
instanceKlass org/thymeleaf/standard/expression/Assignation
instanceKlass org/thymeleaf/standard/expression/AssignationUtils
instanceKlass jdk/internal/math/FDBigInteger
instanceKlass java/text/FieldPosition$Delegate
instanceKlass org/thymeleaf/util/NumberUtils$1
instanceKlass org/thymeleaf/util/NumberUtils
# instanceKlass java/lang/invoke/LambdaForm$MH+0x000001faad50a800
# instanceKlass java/lang/invoke/LambdaForm$MH+0x000001faad50a400
# instanceKlass java/lang/invoke/LambdaForm$MH+0x000001faad50a000
# instanceKlass java/lang/invoke/LambdaForm$MH+0x000001faad509c00
# instanceKlass java/lang/invoke/LambdaForm$MH+0x000001faad509800
instanceKlass  @bci org/springframework/expression/spel/support/ReflectiveMethodResolver resolve (Lorg/springframework/expression/EvaluationContext;Ljava/lang/Object;Ljava/lang/String;Ljava/util/List;)Lorg/springframework/expression/MethodExecutor; 145 <appendix> argL0 ; # org/springframework/expression/spel/support/ReflectiveMethodResolver$$Lambda+0x000001faad50c000
# instanceKlass java/lang/invoke/LambdaForm$MH+0x000001faad509400
# instanceKlass java/lang/invoke/LambdaForm$MH+0x000001faad509000
# instanceKlass java/lang/invoke/LambdaForm$BMH+0x000001faad508c00
# instanceKlass java/lang/invoke/LambdaForm$DMH+0x000001faad508800
instanceKlass org/thymeleaf/expression/Numbers
instanceKlass org/thymeleaf/expression/ExpressionObjects
instanceKlass org/springframework/expression/spel/support/ReflectivePropertyAccessor$OptimalPropertyAccessor
# instanceKlass java/lang/invoke/LambdaForm$MH+0x000001faad508400
instanceKlass  @bci org/thymeleaf/util/ExpressionUtils isTypeBlockedForMemberCalls (Ljava/lang/Class;)Z 9 <appendix> member <vmtarget> ; # org/thymeleaf/util/ExpressionUtils$$Lambda+0x000001faad507628
instanceKlass  @bci org/springframework/expression/spel/support/ReflectivePropertyAccessor lambda$getSortedMethods$0 (Ljava/lang/Class;)[Ljava/lang/reflect/Method; 6 <appendix> argL0 ; # org/springframework/expression/spel/support/ReflectivePropertyAccessor$$Lambda+0x000001faad507190
instanceKlass  @bci org/springframework/expression/spel/support/ReflectivePropertyAccessor getSortedMethods (Ljava/lang/Class;)[Ljava/lang/reflect/Method; 5 <appendix> argL0 ; # org/springframework/expression/spel/support/ReflectivePropertyAccessor$$Lambda+0x000001faad506f58
instanceKlass  @bci org/springframework/expression/spel/support/ReflectivePropertyAccessor$PropertyCacheKey hashCode ()I 1 <appendix> argL1 form vmentry <vmtarget> ; # java/lang/invoke/LambdaForm$MH+0x000001faad508000
instanceKlass org/thymeleaf/engine/IteratedGatheringModelProcessable$IterationModels
instanceKlass org/thymeleaf/engine/DataDrivenTemplateIterator
instanceKlass org/thymeleaf/engine/IterationStatusVar
instanceKlass org/thymeleaf/standard/expression/Each
instanceKlass org/thymeleaf/standard/expression/EachUtils
instanceKlass org/apache/tomcat/util/http/parser/Cookie$ByteBuffer
instanceKlass org/apache/tomcat/util/http/parser/Cookie
instanceKlass java/net/spi/URLStreamHandlerProvider
instanceKlass java/net/URL$1
instanceKlass java/net/URL$2
instanceKlass jdk/internal/misc/ThreadTracker
instanceKlass java/net/URL$ThreadTrackHolder
instanceKlass jakarta/servlet/http/HttpSessionBindingListener
instanceKlass jakarta/servlet/http/CookieNameValidator
instanceKlass jakarta/servlet/http/Cookie
instanceKlass org/apache/catalina/session/StandardSessionFacade
instanceKlass sun/security/provider/SecureRandom$SeederHolder
instanceKlass jakarta/servlet/http/HttpSession$Accessor
instanceKlass org/apache/catalina/session/StandardSession
instanceKlass  @bci org/springframework/util/UnmodifiableMultiValueMap forEach (Ljava/util/function/BiConsumer;)V 5 <appendix> member <vmtarget> ; # org/springframework/util/UnmodifiableMultiValueMap$$Lambda+0x000001faad503c70
instanceKlass  @bci org/springframework/web/servlet/FlashMap addTargetRequestParams (Lorg/springframework/util/MultiValueMap;)Lorg/springframework/web/servlet/FlashMap; 6 <appendix> member <vmtarget> ; # org/springframework/web/servlet/FlashMap$$Lambda+0x000001faad503a40
instanceKlass org/springframework/web/util/HierarchicalUriComponents$FullPathComponent
instanceKlass org/springframework/web/util/HierarchicalUriComponents$1
instanceKlass org/springframework/web/util/UriComponents$UriTemplateVariables
instanceKlass org/springframework/web/util/UriComponentsBuilder$FullPathComponentBuilder
instanceKlass org/springframework/web/util/UriComponentsBuilder$PathSegmentComponentBuilder
instanceKlass org/springframework/web/util/RfcUriParser$InternalParser
instanceKlass org/springframework/web/util/RfcUriParser
instanceKlass org/springframework/web/util/HierarchicalUriComponents$PathComponent
instanceKlass org/springframework/web/util/UriComponentsBuilder$CompositePathComponentBuilder
instanceKlass org/springframework/web/util/UriComponentsBuilder$PathComponentBuilder
instanceKlass org/springframework/web/util/UriComponents
instanceKlass  @bci org/springframework/web/servlet/view/RedirectView queryProperties (Ljava/util/Map;)Ljava/util/Map; 11 <appendix> member <vmtarget> ; # org/springframework/web/servlet/view/RedirectView$$Lambda+0x000001faad4facd0
instanceKlass  @bci org/springframework/web/servlet/DispatcherServlet render (Lorg/springframework/web/servlet/ModelAndView;Ljakarta/servlet/http/HttpServletRequest;Ljakarta/servlet/http/HttpServletResponse;)V 138 <appendix> member <vmtarget> ; # org/springframework/web/servlet/DispatcherServlet$$Lambda+0x000001faad4faab0
instanceKlass java/io/FileOutputStream$1
instanceKlass com/bookstore/model/BookFactory
instanceKlass jdk/internal/util/ByteArrayLittleEndian
instanceKlass java/util/UUID$Holder
# instanceKlass java/lang/invoke/LambdaForm$MH+0x000001faad4ff400
# instanceKlass java/lang/invoke/LambdaForm$MH+0x000001faad4ff000
# instanceKlass java/lang/invoke/LambdaForm$MH+0x000001faad4fec00
# instanceKlass java/lang/invoke/LambdaForm$MH+0x000001faad4fe800
# instanceKlass java/lang/invoke/LambdaForm$MH+0x000001faad4fe400
# instanceKlass java/lang/invoke/LambdaForm$MH+0x000001faad4fe000
# instanceKlass java/lang/invoke/LambdaForm$DMH+0x000001faad4fdc00
# instanceKlass java/lang/invoke/LambdaForm$BMH+0x000001faad4fd800
# instanceKlass java/lang/invoke/LambdaForm$DMH+0x000001faad4fd400
# instanceKlass java/lang/invoke/LambdaForm$MH+0x000001faad4fd000
# instanceKlass java/lang/invoke/LambdaForm$BMH+0x000001faad4fcc00
# instanceKlass java/lang/invoke/LambdaForm$DMH+0x000001faad4fc800
# instanceKlass java/lang/invoke/LambdaForm$DMH+0x000001faad4fc400
# instanceKlass java/lang/invoke/LambdaForm$DMH+0x000001faad4fc000
instanceKlass  @bci org/apache/tomcat/util/http/Parameters addParameter (Ljava/lang/String;Ljava/lang/String;)V 69 <appendix> argL0 ; # org/apache/tomcat/util/http/Parameters$$Lambda+0x000001faad4fa878
instanceKlass org/springframework/expression/spel/ast/PropertyOrFieldReference$AccessorValueRef
instanceKlass org/springframework/expression/common/ExpressionUtils
instanceKlass  @bci org/thymeleaf/util/ExpressionUtils isTypeBlockedForAllPurposes (Ljava/lang/String;)Z 50 <appendix> member <vmtarget> ; # org/thymeleaf/util/ExpressionUtils$$Lambda+0x000001faad4f91b0
instanceKlass  @bci org/thymeleaf/util/ExpressionUtils isTypeBlockedForAllPurposes (Ljava/lang/String;)Z 21 <appendix> member <vmtarget> ; # org/thymeleaf/util/ExpressionUtils$$Lambda+0x000001faad4f8f60
instanceKlass  @bci org/thymeleaf/util/ExpressionUtils <clinit> ()V 1089 <appendix> argL0 ; # org/thymeleaf/util/ExpressionUtils$$Lambda+0x000001faad4f8d28
instanceKlass  @bci org/thymeleaf/util/ExpressionUtils <clinit> ()V 1079 <appendix> argL0 ; # org/thymeleaf/util/ExpressionUtils$$Lambda+0x000001faad4f8ae0
instanceKlass  @bci org/thymeleaf/util/ExpressionUtils <clinit> ()V 1069 <appendix> argL0 ; # org/thymeleaf/util/ExpressionUtils$$Lambda+0x000001faad4f88a8
instanceKlass  @bci org/thymeleaf/util/ExpressionUtils <clinit> ()V 1037 <appendix> argL0 ; # org/thymeleaf/util/ExpressionUtils$$Lambda+0x000001faad4f8670
instanceKlass  @bci org/thymeleaf/util/ExpressionUtils <clinit> ()V 1005 <appendix> argL0 ; # org/thymeleaf/util/ExpressionUtils$$Lambda+0x000001faad4f8438
instanceKlass  @bci org/thymeleaf/util/ExpressionUtils <clinit> ()V 973 <appendix> argL0 ; # org/thymeleaf/util/ExpressionUtils$$Lambda+0x000001faad4f8200
instanceKlass java/util/concurrent/atomic/AtomicStampedReference
instanceKlass java/util/concurrent/atomic/AtomicReferenceFieldUpdater
instanceKlass java/util/concurrent/atomic/AtomicMarkableReference
instanceKlass java/util/concurrent/atomic/AtomicLongFieldUpdater
instanceKlass java/util/concurrent/atomic/AtomicIntegerFieldUpdater
instanceKlass java/util/concurrent/atomic/AtomicIntegerArray
instanceKlass org/thymeleaf/util/ExpressionUtils
instanceKlass org/springframework/expression/spel/support/ReflectiveMethodExecutor
instanceKlass org/springframework/expression/spel/support/ReflectionHelper
instanceKlass  @bci org/springframework/expression/spel/support/ReflectiveMethodResolver resolve (Lorg/springframework/expression/EvaluationContext;Ljava/lang/Object;Ljava/lang/String;Ljava/util/List;)Lorg/springframework/expression/MethodExecutor; 51 <appendix> member <vmtarget> ; # org/springframework/expression/spel/support/ReflectiveMethodResolver$$Lambda+0x000001faad4f73b8
instanceKlass org/springframework/expression/spel/ast/MethodReference$MethodValueRef
instanceKlass org/thymeleaf/util/EvaluationUtils
instanceKlass org/springframework/web/bind/support/BindParamNameResolver
instanceKlass  @bci org/springframework/web/servlet/support/ExtendedServletRequestDataBinder <init> (Ljava/lang/Object;Ljava/lang/String;)V 7 <appendix> argL0 ; # org/springframework/web/servlet/support/ExtendedServletRequestDataBinder$$Lambda+0x000001faad4f6688
instanceKlass org/springframework/context/support/DefaultMessageSourceResolvable
instanceKlass org/springframework/context/MessageSourceResolvable
instanceKlass org/springframework/validation/DefaultBindingErrorProcessor
instanceKlass org/springframework/web/bind/ServletRequestDataBinder$ServletRequestValueResolver
instanceKlass org/springframework/validation/DataBinder$ValueResolver
instanceKlass org/springframework/validation/AbstractErrors
instanceKlass org/springframework/validation/BindingErrorProcessor
instanceKlass tools/jackson/databind/ser/impl/PropertySerializerMap$TypeAndSerializer
instanceKlass tools/jackson/core/io/NumberOutput
instanceKlass tools/jackson/databind/ser/jdk/NumberSerializers$1
instanceKlass tools/jackson/databind/ser/impl/PropertySerializerMap$SerializerAndMapResult
instanceKlass tools/jackson/databind/ser/jdk/JDKMiscSerializers
instanceKlass tools/jackson/databind/ser/jdk/NumberSerializers
instanceKlass tools/jackson/databind/ser/jdk/JDKCoreSerializers
instanceKlass java/util/OptionalDouble
instanceKlass java/util/OptionalLong
instanceKlass tools/jackson/core/io/CharTypes$AltQuoteEscapes
instanceKlass tools/jackson/core/util/JacksonFeatureSet
instanceKlass tools/jackson/core/TokenStreamContext
instanceKlass tools/jackson/core/util/TextBuffer
instanceKlass java/util/AbstractMap$SimpleEntry
instanceKlass tools/jackson/databind/ser/jdk/JDKKeySerializers
instanceKlass com/fasterxml/jackson/annotation/JsonInclude
instanceKlass tools/jackson/databind/util/IgnorePropertiesUtil
instanceKlass tools/jackson/databind/ser/impl/PropertySerializerMap
instanceKlass com/fasterxml/jackson/annotation/JsonIncludeProperties$Value
instanceKlass com/fasterxml/jackson/annotation/JsonIncludeProperties
instanceKlass com/fasterxml/jackson/annotation/JsonIgnoreProperties$Value
instanceKlass com/fasterxml/jackson/annotation/JsonIgnoreProperties
instanceKlass com/fasterxml/jackson/annotation/JsonFilter
instanceKlass tools/jackson/databind/util/ArrayIterator
instanceKlass tools/jackson/databind/annotation/JsonTypeResolver
instanceKlass tools/jackson/databind/introspect/AnnotatedClassResolver
instanceKlass tools/jackson/databind/BeanDescription$SupplierBase
instanceKlass tools/jackson/databind/util/internal/PrivateMaxEntriesMap$EntryIterator
instanceKlass  @bci tools/jackson/databind/ser/impl/ReadOnlyClassToSerializerMap <init> (Ltools/jackson/databind/ser/SerializerCache;Ltools/jackson/databind/util/LookupCache;)V 43 <appendix> member <vmtarget> ; # tools/jackson/databind/ser/impl/ReadOnlyClassToSerializerMap$$Lambda+0x000001faad4e1dc0
instanceKlass tools/jackson/databind/util/TypeKey
instanceKlass tools/jackson/databind/ser/impl/ReadOnlyClassToSerializerMap$Bucket
instanceKlass tools/jackson/databind/ser/impl/ReadOnlyClassToSerializerMap
instanceKlass tools/jackson/databind/BeanDescription$Supplier
instanceKlass tools/jackson/databind/ObjectWriter$Prefetch
instanceKlass tools/jackson/databind/cfg/GeneratorSettings
instanceKlass tools/jackson/databind/util/internal/PrivateMaxEntriesMap$AddTask
instanceKlass tools/jackson/databind/util/internal/PrivateMaxEntriesMap$WeightedValue
instanceKlass tools/jackson/databind/type/ClassStack
instanceKlass tools/jackson/databind/type/TypeBindings$AsKey
instanceKlass tools/jackson/databind/type/TypeBindings$TypeParamStash
instanceKlass org/springframework/util/TypeUtils
instanceKlass  @bci org/springframework/http/converter/AbstractJacksonHttpMessageConverter writeInternal (Ljava/lang/Object;Lorg/springframework/core/ResolvableType;Lorg/springframework/http/HttpOutputMessage;Ljava/util/Map;)V 47 <appendix> member <vmtarget> ; # org/springframework/http/converter/AbstractJacksonHttpMessageConverter$$Lambda+0x000001faad4e7a58
instanceKlass org/springframework/web/servlet/mvc/method/annotation/AbstractMessageConverterMethodProcessor$2
instanceKlass  @bci org/springframework/web/servlet/mvc/method/annotation/AbstractMessageConverterMethodProcessor writeWithMessageConverters (Ljava/lang/Object;Lorg/springframework/core/MethodParameter;Lorg/springframework/http/server/ServletServerHttpRequest;Lorg/springframework/http/server/ServletServerHttpResponse;)V 826 <appendix> member <vmtarget> ; # org/springframework/web/servlet/mvc/method/annotation/AbstractMessageConverterMethodProcessor$$Lambda+0x000001faad4e7618
instanceKlass org/springframework/http/converter/json/MappingJacksonValue
instanceKlass org/springframework/http/server/ServerHttpAsyncRequestControl
instanceKlass org/springframework/http/server/ServletServerHttpRequest
# instanceKlass java/lang/invoke/LambdaForm$MH+0x000001faad4e0400
instanceKlass org/springframework/http/ResponseEntity$BodyBuilder
instanceKlass org/springframework/http/ResponseEntity$HeadersBuilder
instanceKlass  @bci org/springframework/web/servlet/mvc/support/DefaultHandlerExceptionResolver handleErrorResponse (Lorg/springframework/web/ErrorResponse;Ljakarta/servlet/http/HttpServletRequest;Ljakarta/servlet/http/HttpServletResponse;Ljava/lang/Object;)Lorg/springframework/web/servlet/ModelAndView; 20 <appendix> member <vmtarget> ; # org/springframework/web/servlet/mvc/support/DefaultHandlerExceptionResolver$$Lambda+0x000001faad4e64b8
instanceKlass org/springframework/web/ErrorResponse$Builder
instanceKlass org/springframework/util/StreamUtils
instanceKlass org/apache/coyote/Constants
instanceKlass org/springframework/http/StreamingHttpOutputMessage
instanceKlass org/springframework/http/server/ServletResponseHeadersAdapter
instanceKlass org/springframework/http/server/ServletServerHttpResponse
instanceKlass org/springframework/web/servlet/resource/HttpResource
instanceKlass org/springframework/web/util/UriUtils
instanceKlass  @bci org/springframework/web/servlet/handler/AbstractUrlHandlerMapping exposePathWithinMapping (Ljava/lang/String;Ljava/lang/String;Ljakarta/servlet/http/HttpServletRequest;)V 15 <appendix> member <vmtarget> ; # org/springframework/web/servlet/handler/AbstractUrlHandlerMapping$$Lambda+0x000001faad4df7a8
instanceKlass org/springframework/web/servlet/handler/AbstractHandlerMapping$CorsInterceptor
instanceKlass org/springframework/web/servlet/handler/AbstractUrlHandlerMapping$PathExposingHandlerInterceptor
instanceKlass  @bci org/springframework/http/server/DefaultPathContainer subPath (Lorg/springframework/http/server/PathContainer;II)Lorg/springframework/http/server/PathContainer; 125 <appendix> argL0 ; # org/springframework/http/server/DefaultPathContainer$$Lambda+0x000001faad4df0b8
instanceKlass java/util/ArrayList$SubList$2
instanceKlass  @bci org/springframework/http/server/DefaultPathContainer subPath (Lorg/springframework/http/server/PathContainer;II)Lorg/springframework/http/server/PathContainer; 100 <appendix> member <vmtarget> ; # org/springframework/http/server/DefaultPathContainer$$Lambda+0x000001faad4deea0
instanceKlass  @cpi org/springframework/http/server/DefaultPathContainer 310 form vmentry <vmtarget> ; # java/lang/invoke/LambdaForm$DMH+0x000001faad4e0000
instanceKlass  @bci org/springframework/http/server/DefaultPathContainer subPath (Lorg/springframework/http/server/PathContainer;II)Lorg/springframework/http/server/PathContainer; 80 <appendix> member <vmtarget> ; # org/springframework/http/server/DefaultPathContainer$$Lambda+0x000001faad4dec88
instanceKlass  @bci org/springframework/http/server/DefaultPathContainer subPath (Lorg/springframework/http/server/PathContainer;II)Lorg/springframework/http/server/PathContainer; 52 <appendix> member <vmtarget> ; # org/springframework/http/server/DefaultPathContainer$$Lambda+0x000001faad4dea70
instanceKlass org/springframework/web/servlet/mvc/method/RequestMappingInfoHandlerMapping$PartialMatchHelper
instanceKlass org/thymeleaf/engine/Model
instanceKlass org/thymeleaf/standard/processor/StandardTextTagProcessor$1
instanceKlass org/springframework/expression/spel/CodeFlow
instanceKlass org/springframework/expression/spel/ast/AccessorUtils
instanceKlass org/springframework/expression/spel/ExpressionState
instanceKlass org/thymeleaf/spring6/expression/SPELContextMapWrapper
instanceKlass org/thymeleaf/spring6/expression/SPELVariableExpressionEvaluator$ComputedSpelExpression
instanceKlass org/springframework/expression/spel/standard/SpelExpression
instanceKlass org/springframework/expression/spel/ast/ValueRef
instanceKlass org/springframework/expression/spel/standard/Token
instanceKlass org/springframework/expression/spel/standard/Tokenizer
instanceKlass  @bci org/springframework/expression/spel/standard/InternalSpelExpressionParser <init> (Lorg/springframework/expression/spel/SpelParserConfiguration;)V 23 <appendix> argL0 ; # org/springframework/expression/spel/standard/InternalSpelExpressionParser$$Lambda+0x000001faad4dbcc8
instanceKlass  @bci java/util/regex/Pattern union (Ljava/util/regex/Pattern$CharPredicate;Ljava/util/regex/Pattern$CharPredicate;Z)Ljava/util/regex/Pattern$CharPredicate; 14 <appendix> member <vmtarget> ; # java/util/regex/Pattern$$Lambda+0x000001faad40fdf0
instanceKlass org/springframework/expression/spel/ast/SpelNodeImpl
instanceKlass org/springframework/expression/spel/SpelNode
instanceKlass org/thymeleaf/standard/util/StandardExpressionUtils
instanceKlass org/thymeleaf/spring6/expression/SpringStandardExpressions
instanceKlass org/thymeleaf/standard/util/StandardProcessorUtils
instanceKlass org/thymeleaf/context/ILazyContextVariable
instanceKlass org/thymeleaf/spring6/context/SpringContextUtils
instanceKlass org/thymeleaf/spring6/requestdata/RequestDataValueProcessorUtils
instanceKlass org/unbescape/html/Html5EscapeSymbolsInitializer
instanceKlass org/unbescape/html/HtmlEscapeSymbols$1
instanceKlass org/unbescape/html/HtmlEscapeSymbols$Reference
instanceKlass org/unbescape/html/HtmlEscapeSymbols$References
instanceKlass org/unbescape/html/Html4EscapeSymbolsInitializer
instanceKlass org/unbescape/html/HtmlEscapeSymbols
instanceKlass org/unbescape/html/HtmlEscapeUtil
instanceKlass org/thymeleaf/standard/expression/NoOpToken
instanceKlass org/thymeleaf/cache/StandardCache$CacheEntry
instanceKlass org/thymeleaf/standard/expression/LiteralValue
instanceKlass org/thymeleaf/standard/expression/ExpressionParsingNode
instanceKlass org/thymeleaf/util/ArrayUtils
instanceKlass org/thymeleaf/standard/expression/LiteralSubstitutionUtil
instanceKlass org/thymeleaf/standard/expression/IStandardVariableExpression
instanceKlass org/thymeleaf/standard/expression/ExpressionParsingUtil
instanceKlass org/thymeleaf/standard/expression/Expression
instanceKlass org/thymeleaf/cache/ExpressionCacheKey
instanceKlass org/thymeleaf/standard/expression/ExpressionCache
instanceKlass org/thymeleaf/standard/expression/StandardExpressionPreprocessor
instanceKlass org/thymeleaf/standard/expression/StandardExpressions
instanceKlass org/thymeleaf/inline/NoOpInliner
instanceKlass org/thymeleaf/engine/Attribute$1
instanceKlass org/unbescape/html/HtmlEscape
instanceKlass org/thymeleaf/util/EscapedAttributeUtils$1
instanceKlass org/thymeleaf/util/EscapedAttributeUtils
instanceKlass org/thymeleaf/engine/ElementProcessorIterator
instanceKlass org/thymeleaf/engine/ProcessorExecutionVars
instanceKlass org/thymeleaf/engine/Attributes
instanceKlass org/thymeleaf/engine/ElementDefinitions$1
instanceKlass org/thymeleaf/engine/Attribute
instanceKlass org/thymeleaf/model/IAttribute
instanceKlass org/attoparser/ParsingAttributeSequenceUtil
instanceKlass org/thymeleaf/engine/EngineEventUtils
instanceKlass org/attoparser/HtmlElements$HtmlElementRepository$ElementComparator
instanceKlass org/attoparser/HtmlElements$HtmlElementRepository
instanceKlass org/attoparser/HtmlElement
instanceKlass org/attoparser/HtmlElements
instanceKlass org/attoparser/HtmlNames
instanceKlass org/attoparser/MarkupEventProcessorHandler$StandardNamesRepository
instanceKlass org/attoparser/util/TextUtil
instanceKlass org/attoparser/ParsingLocatorUtil
instanceKlass org/attoparser/ParsingDocTypeMarkupUtil
instanceKlass org/attoparser/ParsingCDATASectionMarkupUtil
instanceKlass org/attoparser/ParsingCommentMarkupUtil
instanceKlass org/attoparser/ParsingElementMarkupUtil
instanceKlass org/attoparser/ParsingMarkupUtil
instanceKlass org/thymeleaf/standard/inline/AbstractStandardInliner
instanceKlass org/thymeleaf/standard/processor/StandardInlineEnablementTemplateBoundariesProcessor$1
instanceKlass org/attoparser/select/ParseSelection
instanceKlass org/attoparser/ParseStatus
instanceKlass org/attoparser/MarkupEventProcessorHandler$StructureNamesRepository
instanceKlass org/thymeleaf/templateparser/markup/InlinedOutputExpressionMarkupHandler$InlineMarkupAdapterPreProcessorHandler
instanceKlass org/thymeleaf/standard/inline/OutputExpressionInlinePreProcessorHandler
instanceKlass org/thymeleaf/standard/inline/IInlinePreProcessorHandler
instanceKlass org/thymeleaf/model/ITemplateStart
instanceKlass org/thymeleaf/model/ITemplateEnd
instanceKlass org/attoparser/AbstractMarkupHandler
instanceKlass org/thymeleaf/engine/TemplateManager$1
instanceKlass org/thymeleaf/engine/AbstractTemplateHandler
instanceKlass org/thymeleaf/engine/DecreaseContextLevelProcessable
instanceKlass org/thymeleaf/engine/AbstractGatheringModelProcessable
instanceKlass org/thymeleaf/engine/IGatheringModelProcessable
instanceKlass org/thymeleaf/model/ICloseElementTag
instanceKlass org/thymeleaf/engine/TemplateModelController
instanceKlass org/thymeleaf/engine/XMLDeclarationStructureHandler
instanceKlass org/thymeleaf/engine/TextStructureHandler
instanceKlass org/thymeleaf/engine/ProcessingInstructionStructureHandler
instanceKlass org/thymeleaf/engine/DocTypeStructureHandler
instanceKlass org/thymeleaf/engine/CommentStructureHandler
instanceKlass org/thymeleaf/engine/CDATASectionStructureHandler
instanceKlass org/thymeleaf/engine/TemplateBoundariesStructureHandler
instanceKlass org/thymeleaf/engine/ElementModelStructureHandler
instanceKlass org/thymeleaf/engine/ElementTagStructureHandler
instanceKlass org/thymeleaf/model/IText
instanceKlass org/thymeleaf/processor/text/ITextStructureHandler
instanceKlass org/thymeleaf/model/IStandaloneElementTag
instanceKlass org/thymeleaf/model/IXMLDeclaration
instanceKlass org/thymeleaf/processor/xmldeclaration/IXMLDeclarationStructureHandler
instanceKlass org/thymeleaf/model/IProcessingInstruction
instanceKlass org/thymeleaf/processor/processinginstruction/IProcessingInstructionStructureHandler
instanceKlass org/thymeleaf/processor/element/IElementModelStructureHandler
instanceKlass org/thymeleaf/processor/element/IElementTagStructureHandler
instanceKlass org/thymeleaf/engine/IEngineTemplateEvent
instanceKlass org/thymeleaf/engine/AbstractTemplateEvent
instanceKlass org/thymeleaf/model/IOpenElementTag
instanceKlass org/thymeleaf/model/IDocType
instanceKlass org/thymeleaf/processor/doctype/IDocTypeStructureHandler
instanceKlass org/thymeleaf/model/IComment
instanceKlass org/thymeleaf/processor/comment/ICommentStructureHandler
instanceKlass org/thymeleaf/model/ICDATASection
instanceKlass org/thymeleaf/processor/cdatasection/ICDATASectionStructureHandler
instanceKlass org/thymeleaf/engine/IEngineProcessable
instanceKlass org/thymeleaf/processor/templateboundaries/ITemplateBoundariesStructureHandler
instanceKlass org/thymeleaf/engine/ProcessorTemplateHandler
instanceKlass org/thymeleaf/context/WebEngineContext$NoOpMapImpl
instanceKlass org/thymeleaf/model/IProcessableElementTag
instanceKlass org/thymeleaf/model/IElementTag
instanceKlass org/thymeleaf/context/WebEngineContext$ExchangeAttributeMap$SelectionTarget
instanceKlass org/thymeleaf/context/AbstractEngineContext
instanceKlass org/thymeleaf/context/Contexts
instanceKlass org/thymeleaf/engine/EngineContextManager
instanceKlass org/thymeleaf/engine/TemplateData
instanceKlass org/thymeleaf/cache/NonCacheableCacheEntryValidity
instanceKlass  @bci com/bookstore/controller/HomeController home (Lorg/springframework/ui/Model;)Ljava/lang/String; 68 <appendix> argL0 ; # com/bookstore/controller/HomeController$$Lambda+0x000001faad4b2000
instanceKlass  @bci com/bookstore/controller/HomeController home (Lorg/springframework/ui/Model;)Ljava/lang/String; 35 <appendix> argL0 ; # com/bookstore/controller/HomeController$$Lambda+0x000001faad4b1d10
instanceKlass  @bci org/springframework/boot/autoconfigure/condition/ConditionEvaluationReport getUnconditionalClasses ()Ljava/util/Set; 22 <appendix> member <vmtarget> ; # org/springframework/boot/autoconfigure/condition/ConditionEvaluationReport$$Lambda+0x000001faad4b5840
instanceKlass  @bci org/springframework/boot/autoconfigure/condition/ConditionEvaluationReport getDelta (Lorg/springframework/boot/autoconfigure/condition/ConditionEvaluationReport;)Lorg/springframework/boot/autoconfigure/condition/ConditionEvaluationReport; 14 <appendix> member <vmtarget> ; # org/springframework/boot/autoconfigure/condition/ConditionEvaluationReport$$Lambda+0x000001faad4b5610
instanceKlass  @bci org/springframework/boot/webmvc/autoconfigure/WelcomePageNotAcceptableHandlerMapping <init> (Lorg/springframework/boot/autoconfigure/template/TemplateAvailabilityProviders;Lorg/springframework/context/ApplicationContext;Lorg/springframework/core/io/Resource;Ljava/lang/String;)V 30 <appendix> member <vmtarget> ; # org/springframework/boot/webmvc/autoconfigure/WelcomePageNotAcceptableHandlerMapping$$Lambda+0x000001faad4b53f0
instanceKlass org/springframework/web/servlet/mvc/Controller
instanceKlass  @bci org/springframework/boot/webmvc/autoconfigure/WelcomePageHandlerMapping <init> (Lorg/springframework/boot/autoconfigure/template/TemplateAvailabilityProviders;Lorg/springframework/context/ApplicationContext;Lorg/springframework/core/io/Resource;Ljava/lang/String;)V 33 <appendix> member <vmtarget> ; # org/springframework/boot/webmvc/autoconfigure/WelcomePageHandlerMapping$$Lambda+0x000001faad4b4a68
instanceKlass com/bookstore/model/Book
instanceKlass com/bookstore/service/BookService
instanceKlass com/bookstore/repository/BookRepository
instanceKlass com/bookstore/controller/HomeController
instanceKlass com/bookstore/controller/BookController
instanceKlass com/bookstore/BookstoreApplication
instanceKlass  @bci org/springframework/boot/autoconfigure/diagnostics/analyzer/NoSuchBeanDefinitionFailureAnalyzer getUserConfigurationResults (Lorg/springframework/beans/factory/NoSuchBeanDefinitionException;)Ljava/util/List; 27 <appendix> member <vmtarget> ; # org/springframework/boot/autoconfigure/diagnostics/analyzer/NoSuchBeanDefinitionFailureAnalyzer$$Lambda+0x000001faad4b4828
instanceKlass org/springframework/boot/autoconfigure/diagnostics/analyzer/NoSuchBeanDefinitionFailureAnalyzer$UserConfigurationResult
instanceKlass  @bci org/springframework/boot/autoconfigure/diagnostics/analyzer/NoSuchBeanDefinitionFailureAnalyzer collectReportedConditionOutcomes (Lorg/springframework/beans/factory/NoSuchBeanDefinitionException;Ljava/util/List;)V 10 <appendix> member <vmtarget> ; # org/springframework/boot/autoconfigure/diagnostics/analyzer/NoSuchBeanDefinitionFailureAnalyzer$$Lambda+0x000001faad4b43f0
instanceKlass org/jspecify/annotations/NullUnmarked
instanceKlass java/lang/Package$1PackageInfoProxy
instanceKlass  @bci java/lang/Package getPackageInfo ()Ljava/lang/Class; 41 <appendix> member <vmtarget> ; # java/lang/Package$$Lambda+0x000001faad40f9d0
instanceKlass org/jspecify/annotations/NullMarked
instanceKlass org/jspecify/annotations/NonNull
instanceKlass com/bookstore/service/BookService
# instanceKlass java/lang/invoke/LambdaForm$DMH+0x000001faad4b0800
instanceKlass com/bookstore/controller/BookController
instanceKlass org/springframework/boot/devtools/autoconfigure/FileWatchingFailureHandler$Listener
instanceKlass org/springframework/boot/SpringBootExceptionHandler
instanceKlass org/springframework/boot/diagnostics/LoggingFailureAnalysisReporter
instanceKlass org/springframework/boot/diagnostics/FailureAnalysisReporter
instanceKlass  @bci org/springframework/boot/diagnostics/FailureAnalyzers loadFailureAnalyzers (Lorg/springframework/context/ConfigurableApplicationContext;Lorg/springframework/core/io/support/SpringFactoriesLoader;)Ljava/util/List; 25 <appendix> argL0 ; # org/springframework/boot/diagnostics/FailureAnalyzers$$Lambda+0x000001faad4ab638
instanceKlass org/springframework/boot/diagnostics/FailureAnalysis
instanceKlass  @bci org/springframework/core/io/support/SpringFactoriesLoader$FailureHandler lambda$handleMessage$0 (Ljava/util/function/BiConsumer;Ljava/lang/Class;Ljava/lang/String;Ljava/lang/Throwable;)V 2 <appendix> member <vmtarget> ; # org/springframework/core/io/support/SpringFactoriesLoader$FailureHandler$$Lambda+0x000001faad4aa6a8
instanceKlass org/springframework/boot/diagnostics/analyzer/MissingParameterNamesFailureAnalyzer
instanceKlass org/springframework/boot/diagnostics/AbstractFailureAnalyzer
instanceKlass  @bci org/springframework/core/io/support/SpringFactoriesLoader$FailureHandler logging (Lorg/apache/commons/logging/Log;)Lorg/springframework/core/io/support/SpringFactoriesLoader$FailureHandler; 1 <appendix> member <vmtarget> ; # org/springframework/core/io/support/SpringFactoriesLoader$FailureHandler$$Lambda+0x000001faad4ace80
instanceKlass org/springframework/boot/diagnostics/FailureAnalyzer
instanceKlass org/springframework/boot/diagnostics/FailureAnalyzers
instanceKlass org/springframework/boot/SpringBootExceptionReporter
instanceKlass org/springframework/boot/context/event/EventPublishingRunListener$LoggingErrorHandler
instanceKlass  @bci org/springframework/boot/SpringApplicationRunListeners failed (Lorg/springframework/context/ConfigurableApplicationContext;Ljava/lang/Throwable;)V 12 <appendix> member <vmtarget> ; # org/springframework/boot/SpringApplicationRunListeners$$Lambda+0x000001faad4ac428
instanceKlass  @bci org/springframework/boot/SpringApplicationRunListeners failed (Lorg/springframework/context/ConfigurableApplicationContext;Ljava/lang/Throwable;)V 6 <appendix> member <vmtarget> ; # org/springframework/boot/SpringApplicationRunListeners$$Lambda+0x000001faad4ac1f8
instanceKlass org/springframework/boot/ExitCodeGenerator
instanceKlass  @bci org/springframework/boot/web/server/PortInUseException ifPortBindingException (Ljava/lang/Exception;Ljava/util/function/Consumer;)V 4 <appendix> member <vmtarget> ; # org/springframework/boot/web/server/PortInUseException$$Lambda+0x000001faad4a7be0
instanceKlass  @bci org/springframework/boot/web/server/PortInUseException throwIfPortBindingException (Ljava/lang/Exception;Ljava/util/function/IntSupplier;)V 3 <appendix> member <vmtarget> ; # org/springframework/boot/web/server/PortInUseException$$Lambda+0x000001faad4a79b0
instanceKlass  @bci org/springframework/boot/tomcat/TomcatWebServer start ()V 100 <appendix> member <vmtarget> ; # org/springframework/boot/tomcat/TomcatWebServer$$Lambda+0x000001faad4a7530
instanceKlass java/util/function/IntSupplier
# instanceKlass java/lang/invoke/LambdaForm$MH+0x000001faad4a8c00
# instanceKlass java/lang/invoke/LambdaForm$DMH+0x000001faad4a8800
instanceKlass java/lang/ref/Finalizer$1
instanceKlass java/lang/ref/Finalizer$2
instanceKlass java/nio/file/Files$3
instanceKlass java/nio/file/SimpleFileVisitor
instanceKlass java/nio/file/FileVisitor
instanceKlass org/springframework/util/FileSystemUtils
instanceKlass java/util/WeakHashMap$HashIterator
instanceKlass java/sql/Driver
instanceKlass java/sql/DriverManager$2
instanceKlass java/sql/DriverManager$1
instanceKlass java/sql/DriverManager
instanceKlass org/apache/catalina/loader/JdbcLeakPrevention
instanceKlass  @bci java/util/concurrent/ConcurrentLinkedQueue clear ()V 1 <appendix> argL0 ; # java/util/concurrent/ConcurrentLinkedQueue$$Lambda+0x000001faad40e3a0
instanceKlass  @bci org/springframework/beans/factory/support/DefaultListableBeanFactory destroySingletons ()V 10 <appendix> argL0 ; # org/springframework/beans/factory/support/DefaultListableBeanFactory$$Lambda+0x000001faad4a6a58
instanceKlass  @bci org/springframework/beans/factory/support/DefaultListableBeanFactory destroySingletons ()V 5 <appendix> argL0 ; # org/springframework/beans/factory/support/DefaultListableBeanFactory$$Lambda+0x000001faad4a6830
instanceKlass org/apache/catalina/Lifecycle$SingleUse
instanceKlass sun/net/spi/DefaultProxySelector$3
instanceKlass sun/net/spi/DefaultProxySelector$NonProxyInfo
instanceKlass sun/net/spi/DefaultProxySelector$1
instanceKlass java/net/Proxy
instanceKlass java/net/ProxySelector
instanceKlass java/net/SocksSocketImpl$3
instanceKlass  @bci sun/nio/ch/NioSocketImpl closerFor (Ljava/io/FileDescriptor;Z)Ljava/lang/Runnable; 5 <appendix> member <vmtarget> ; # sun/nio/ch/NioSocketImpl$$Lambda+0x000001faad40ce90
instanceKlass java/net/SocksConsts
instanceKlass sun/net/PlatformSocketImpl
instanceKlass  @bci org/springframework/boot/tomcat/GracefulShutdown doShutdown (Lorg/springframework/boot/web/server/GracefulShutdownCallback;Ljava/util/concurrent/CountDownLatch;)V 7 <appendix> member <vmtarget> ; # org/springframework/boot/tomcat/GracefulShutdown$$Lambda+0x000001faad4a6218
instanceKlass  @bci org/springframework/boot/tomcat/GracefulShutdown shutDownGracefully (Lorg/springframework/boot/web/server/GracefulShutdownCallback;)V 26 <appendix> member <vmtarget> ; # org/springframework/boot/tomcat/GracefulShutdown$$Lambda+0x000001faad4a5ff8
instanceKlass  @bci org/springframework/boot/web/server/context/WebServerGracefulShutdownLifecycle stop (Ljava/lang/Runnable;)V 10 <appendix> member <vmtarget> ; # org/springframework/boot/web/server/context/WebServerGracefulShutdownLifecycle$$Lambda+0x000001faad4a5dd8
instanceKlass org/springframework/boot/web/server/GracefulShutdownCallback
instanceKlass  @bci org/springframework/context/support/DefaultLifecycleProcessor doStop (Ljava/util/Map;Ljava/lang/String;ZLjava/util/concurrent/CountDownLatch;Ljava/util/Set;)V 186 <appendix> member <vmtarget> ; # org/springframework/context/support/DefaultLifecycleProcessor$$Lambda+0x000001faad4a5780
instanceKlass  @bci org/springframework/context/support/DefaultLifecycleProcessor stopBeans (Z)V 46 <appendix> argL0 ; # org/springframework/context/support/DefaultLifecycleProcessor$$Lambda+0x000001faad4a5558
instanceKlass  @bci org/springframework/context/support/DefaultLifecycleProcessor lambda$stopBeans$0 (Ljava/util/Map;Ljava/util/Map;ZLjava/lang/String;Lorg/springframework/context/Lifecycle;)V 17 <appendix> member <vmtarget> ; # org/springframework/context/support/DefaultLifecycleProcessor$$Lambda+0x000001faad4a5318
instanceKlass  @bci org/springframework/context/support/DefaultLifecycleProcessor stopBeans (Z)V 21 <adapter> ; # java/lang/invoke/LambdaForm$MH+0x000001faad4a3c00
# instanceKlass java/lang/invoke/LambdaForm$DMH+0x000001faad4a3800
instanceKlass  @bci org/springframework/context/support/DefaultLifecycleProcessor stopBeans (Z)V 21 <appendix> form vmentry <vmtarget> ; # java/lang/invoke/LambdaForm$DMH+0x000001faad4a3400
instanceKlass  @bci org/springframework/context/support/DefaultLifecycleProcessor stopBeans (Z)V 21 <appendix> member <vmtarget> ; # org/springframework/context/support/DefaultLifecycleProcessor$$Lambda+0x000001faad4a50e8
instanceKlass  @cpi org/springframework/context/support/DefaultLifecycleProcessor 575 form vmentry <vmtarget> ; # java/lang/invoke/LambdaForm$DMH+0x000001faad4a3000
instanceKlass  @bci org/springframework/boot/devtools/restart/Restarter restart (Lorg/springframework/boot/devtools/restart/FailureHandler;)V 38 <appendix> member <vmtarget> ; # org/springframework/boot/devtools/restart/Restarter$$Lambda+0x000001faad4a4ec8
instanceKlass org/springframework/boot/devtools/autoconfigure/FileWatchingFailureHandler
instanceKlass  @bci org/springframework/boot/devtools/filewatch/ChangedFile getRelativeName ()Ljava/lang/String; 42 <appendix> member <vmtarget> ; # org/springframework/boot/devtools/filewatch/ChangedFile$$Lambda+0x000001faad4a4a80
instanceKlass org/springframework/boot/devtools/filewatch/ChangedFiles
instanceKlass  @bci org/springframework/boot/devtools/filewatch/DirectorySnapshot getChangedFiles (Lorg/springframework/boot/devtools/filewatch/DirectorySnapshot;Ljava/io/FileFilter;)Lorg/springframework/boot/devtools/filewatch/ChangedFiles; 20 <appendix> member <vmtarget> ; # org/springframework/boot/devtools/filewatch/DirectorySnapshot$$Lambda+0x000001faad4a41f0
instanceKlass  @bci org/springframework/expression/spel/support/ReflectivePropertyAccessor$PropertyCacheKey equals (Ljava/lang/Object;)Z 2 <adapter> ; # java/lang/invoke/LambdaForm$MH+0x000001faad4a2c00
# instanceKlass java/lang/invoke/LambdaForm$MH+0x000001faad4a2800
instanceKlass  @bci org/springframework/expression/spel/support/ReflectivePropertyAccessor$PropertyCacheKey equals (Ljava/lang/Object;)Z 2 <appendix> form vmentry <vmtarget> ; # java/lang/invoke/LambdaForm$MH+0x000001faad4a2400
instanceKlass  @bci org/springframework/expression/spel/support/ReflectivePropertyAccessor$PropertyCacheKey equals (Ljava/lang/Object;)Z 2 <appendix> argL1 form vmentry <vmtarget> ; # java/lang/invoke/LambdaForm$MH+0x000001faad4a2000
instanceKlass  @bci org/springframework/expression/spel/support/ReflectivePropertyAccessor$PropertyCacheKey equals (Ljava/lang/Object;)Z 2 <appendix> form names 9 function resolvedHandle form vmentry <vmtarget> ; # java/lang/invoke/LambdaForm$MH+0x000001faad4a1c00
instanceKlass  @bci org/springframework/expression/spel/support/ReflectivePropertyAccessor$PropertyCacheKey equals (Ljava/lang/Object;)Z 2 <appendix> form names 9 function resolvedHandle form names 5 function resolvedHandle form vmentry <vmtarget> ; # java/lang/invoke/LambdaForm$DMH+0x000001faad4a1800
# instanceKlass java/lang/invoke/LambdaForm$DMH+0x000001faad4a1400
# instanceKlass java/lang/invoke/LambdaForm$MH+0x000001faad4a1000
# instanceKlass java/lang/invoke/LambdaForm$MH+0x000001faad4a0c00
# instanceKlass java/lang/invoke/LambdaForm$MH+0x000001faad4a0800
# instanceKlass java/lang/invoke/LambdaForm$MH+0x000001faad4a0400
# instanceKlass java/lang/invoke/LambdaForm$MH+0x000001faad4a0000
instanceKlass org/apache/coyote/NonPipeliningProcessor
instanceKlass sun/nio/cs/Surrogate
instanceKlass sun/nio/cs/Surrogate$Parser
instanceKlass org/apache/coyote/http11/Constants
instanceKlass org/apache/tomcat/util/buf/HexUtils
instanceKlass  @bci org/springframework/web/util/HtmlCharacterEntityReferences <init> ()V 161 <appendix> member <vmtarget> ; # org/springframework/web/util/HtmlCharacterEntityReferences$$Lambda+0x000001faad49f780
instanceKlass org/springframework/web/util/HtmlCharacterEntityReferences
instanceKlass org/springframework/web/util/HtmlUtils
instanceKlass  @bci org/springframework/validation/support/BindingAwareModelMap putAll (Ljava/util/Map;)V 2 <appendix> member <vmtarget> ; # org/springframework/validation/support/BindingAwareModelMap$$Lambda+0x000001faad49f118
instanceKlass java/lang/Throwable$PrintStreamOrWriter
instanceKlass org/springframework/boot/webmvc/autoconfigure/error/BasicErrorController$1
instanceKlass  @bci org/springframework/web/servlet/mvc/method/RequestMappingInfoHandlerMapping getMappingComparator (Ljakarta/servlet/http/HttpServletRequest;)Ljava/util/Comparator; 1 <appendix> member <vmtarget> ; # org/springframework/web/servlet/mvc/method/RequestMappingInfoHandlerMapping$$Lambda+0x000001faad49e470
instanceKlass org/springframework/web/servlet/handler/AbstractHandlerMethodMapping$MatchComparator
instanceKlass java/util/stream/ReduceOps$6ReducingSink
instanceKlass  @bci java/util/stream/IntPipeline min ()Ljava/util/OptionalInt; 1 <appendix> argL0 ; # java/util/stream/IntPipeline$$Lambda+0x000001faad409f80
instanceKlass  @bci org/apache/catalina/core/ApplicationHttpRequest <clinit> ()V 150 <appendix> argL0 ; # org/apache/catalina/core/ApplicationHttpRequest$$Lambda+0x000001faad49dfb0
instanceKlass jakarta/servlet/ServletRequestWrapper
instanceKlass org/apache/catalina/core/ApplicationDispatcher$State
instanceKlass org/apache/catalina/core/ApplicationDispatcher
instanceKlass org/apache/catalina/AsyncDispatcher
instanceKlass org/apache/catalina/core/ApplicationContext$DispatchData
instanceKlass org/apache/catalina/util/RequestUtil
instanceKlass  @bci java/lang/ClassLoader definePackage (Ljava/lang/String;Ljava/lang/Module;)Ljava/lang/Package; 73 <appendix> member <vmtarget> ; # java/lang/ClassLoader$$Lambda+0x000001faad409b20
instanceKlass  @bci jdk/internal/loader/BootLoader$PackageHelper findModule (Ljava/lang/String;)Ljava/lang/Module; 90 <appendix> member <vmtarget> ; # jdk/internal/loader/BootLoader$PackageHelper$$Lambda+0x000001faad409900
instanceKlass jdk/internal/loader/BootLoader$PackageHelper
instanceKlass ch/qos/logback/classic/spi/ClassPackagingData
instanceKlass ch/qos/logback/classic/spi/STEUtil
instanceKlass ch/qos/logback/classic/spi/PackagingDataCalculator
instanceKlass ch/qos/logback/classic/spi/ThrowableProxyUtil
instanceKlass ch/qos/logback/classic/spi/StackTraceElementProxy
instanceKlass ch/qos/logback/classic/spi/ThrowableProxy
instanceKlass org/thymeleaf/util/LoggingUtils
instanceKlass org/thymeleaf/spring6/templateresource/SpringResourceTemplateResource
instanceKlass org/thymeleaf/cache/TemplateCacheKey
instanceKlass org/apache/tomcat/util/buf/C2BConverter
instanceKlass org/apache/tomcat/util/http/parser/MediaType
instanceKlass org/thymeleaf/util/ContentTypeUtils$ContentType
instanceKlass org/thymeleaf/util/ContentTypeUtils
instanceKlass org/thymeleaf/spring6/util/SpringContentTypeUtils
instanceKlass org/thymeleaf/expression/IExpressionObjects
instanceKlass org/thymeleaf/context/AbstractContext
instanceKlass org/thymeleaf/context/IWebContext
instanceKlass org/thymeleaf/ConfigurationPrinterHelper$ConfigLogBuilder
instanceKlass org/thymeleaf/Thymeleaf
instanceKlass org/thymeleaf/ConfigurationPrinterHelper
instanceKlass org/thymeleaf/templateparser/raw/RawParser$BufferPool
instanceKlass org/thymeleaf/templateparser/raw/RawParser
instanceKlass org/thymeleaf/templateparser/raw/IRawHandler
instanceKlass org/thymeleaf/templateparser/raw/RawTemplateParser
instanceKlass org/thymeleaf/templateparser/text/TextParser$BufferPool
instanceKlass org/thymeleaf/templateparser/text/TextParser
instanceKlass org/thymeleaf/templateparser/text/ITextHandler
instanceKlass org/thymeleaf/templateparser/text/AbstractTextTemplateParser
instanceKlass org/attoparser/MarkupParser$BufferPool
instanceKlass org/attoparser/MarkupParser
instanceKlass org/attoparser/config/ParseConfiguration$PrologParseConfiguration
instanceKlass org/attoparser/config/ParseConfiguration
instanceKlass org/attoparser/select/IMarkupSelectorReferenceResolver
instanceKlass org/attoparser/IMarkupHandler
instanceKlass org/attoparser/IProcessingInstructionHandler
instanceKlass org/attoparser/IElementHandler
instanceKlass org/attoparser/IAttributeSequenceHandler
instanceKlass org/attoparser/ITextHandler
instanceKlass org/attoparser/ICommentHandler
instanceKlass org/attoparser/ICDATASectionHandler
instanceKlass org/attoparser/IDocTypeHandler
instanceKlass org/attoparser/IXMLDeclarationHandler
instanceKlass org/attoparser/IDocumentHandler
instanceKlass org/attoparser/IMarkupParser
instanceKlass org/thymeleaf/templateparser/markup/AbstractMarkupTemplateParser
instanceKlass org/thymeleaf/cache/StandardCache$CacheDataContainer
instanceKlass org/thymeleaf/cache/StandardCache
instanceKlass org/thymeleaf/engine/ISSEThrottledTemplateWriterControl
instanceKlass org/thymeleaf/engine/IThrottledTemplateWriterControl
instanceKlass org/thymeleaf/templateparser/ITemplateParser
instanceKlass org/thymeleaf/engine/ITemplateHandler
instanceKlass org/thymeleaf/engine/TemplateManager
instanceKlass org/thymeleaf/engine/AttributeDefinitions$1
instanceKlass org/thymeleaf/engine/AttributeDefinitions$AttributeDefinitionRepository
instanceKlass org/thymeleaf/engine/AttributeDefinition
instanceKlass org/thymeleaf/engine/AttributeDefinitions
instanceKlass org/thymeleaf/engine/ElementDefinitions$ElementDefinitionRepository
instanceKlass org/thymeleaf/engine/ElementDefinitions$HTMLElementDefinitionSpec
instanceKlass org/thymeleaf/engine/ElementDefinition
instanceKlass org/thymeleaf/engine/ElementDefinitions
instanceKlass java/util/EnumMap$EntryIterator$Entry
instanceKlass org/thymeleaf/dialect/IPostProcessorDialect
instanceKlass org/thymeleaf/dialect/IPreProcessorDialect
instanceKlass org/thymeleaf/spring6/expression/Mvc$MethodArgumentBuilderWrapper
instanceKlass org/thymeleaf/spring6/expression/Mvc$Spring41MvcUriComponentsBuilderDelegate
instanceKlass org/thymeleaf/spring6/expression/Mvc$MvcUriComponentsBuilderDelegate
instanceKlass org/thymeleaf/spring6/expression/Mvc
instanceKlass org/thymeleaf/expression/Aggregates
instanceKlass org/thymeleaf/expression/Maps
instanceKlass org/thymeleaf/expression/Sets
instanceKlass org/thymeleaf/expression/Lists
instanceKlass org/thymeleaf/expression/Arrays
instanceKlass org/thymeleaf/expression/Objects
instanceKlass org/thymeleaf/expression/Bools
instanceKlass org/thymeleaf/expression/Uris
instanceKlass org/thymeleaf/standard/expression/StandardExpressionObjectFactory
instanceKlass org/thymeleaf/standard/serializer/StandardCSSSerializer
instanceKlass org/thymeleaf/standard/serializer/StandardJavaScriptSerializer$Jackson3StandardJavaScriptSerializer
instanceKlass org/thymeleaf/standard/serializer/StandardJavaScriptSerializer
instanceKlass org/thymeleaf/standard/expression/AbstractStandardConversionService
instanceKlass org/thymeleaf/standard/expression/IStandardExpression
instanceKlass org/thymeleaf/standard/expression/StandardExpressionParser
instanceKlass org/thymeleaf/spring6/expression/SPELVariableExpressionEvaluator
instanceKlass org/thymeleaf/util/ProcessorComparators$PostProcessorPrecedenceComparator
instanceKlass org/thymeleaf/util/ProcessorComparators$PreProcessorPrecedenceComparator
instanceKlass org/thymeleaf/util/ProcessorComparators$ProcessorPrecedenceComparator
instanceKlass org/thymeleaf/util/ProcessorComparators
instanceKlass org/thymeleaf/util/ProcessorConfigurationUtils$AbstractProcessorWrapper
instanceKlass org/thymeleaf/engine/IElementDefinitionsAware
instanceKlass org/thymeleaf/processor/processinginstruction/IProcessingInstructionProcessor
instanceKlass org/thymeleaf/postprocessor/IPostProcessor
instanceKlass org/thymeleaf/processor/xmldeclaration/IXMLDeclarationProcessor
instanceKlass org/thymeleaf/preprocessor/IPreProcessor
instanceKlass org/thymeleaf/util/ProcessorConfigurationUtils
instanceKlass org/thymeleaf/model/ITemplateEvent
instanceKlass org/thymeleaf/processor/templateboundaries/ITemplateBoundariesProcessor
instanceKlass org/thymeleaf/processor/comment/ICommentProcessor
instanceKlass org/thymeleaf/processor/doctype/IDocTypeProcessor
instanceKlass org/thymeleaf/processor/cdatasection/ICDATASectionProcessor
instanceKlass org/thymeleaf/processor/text/ITextProcessor
instanceKlass org/thymeleaf/processor/element/MatchingElementName
instanceKlass org/thymeleaf/engine/ElementNames$ElementNamesRepository
instanceKlass org/thymeleaf/engine/ElementName
instanceKlass org/thymeleaf/engine/ElementNames
instanceKlass org/thymeleaf/inline/IInliner
instanceKlass org/thymeleaf/model/IModel
instanceKlass org/thymeleaf/util/StringUtils
instanceKlass org/thymeleaf/processor/element/MatchingAttributeName
instanceKlass org/thymeleaf/util/TextUtils
instanceKlass org/thymeleaf/engine/AttributeNames$AttributeNamesRepository
instanceKlass org/thymeleaf/engine/AttributeName
instanceKlass org/thymeleaf/engine/AttributeNames
instanceKlass org/thymeleaf/standard/expression/StandardExpressionExecutionContext
instanceKlass org/thymeleaf/processor/AbstractProcessor
instanceKlass org/thymeleaf/processor/element/IElementTagProcessor
instanceKlass org/thymeleaf/processor/element/IElementProcessor
instanceKlass org/thymeleaf/processor/IProcessor
instanceKlass org/thymeleaf/engine/IAttributeDefinitionsAware
instanceKlass org/thymeleaf/DialectSetConfiguration$AggregateExpressionObjectFactory
instanceKlass org/thymeleaf/DialectSetConfiguration
instanceKlass org/thymeleaf/EngineConfiguration$LinkBuilderComparator
instanceKlass org/thymeleaf/EngineConfiguration$MessageResolverComparator
instanceKlass org/thymeleaf/EngineConfiguration$TemplateResolverComparator
instanceKlass org/thymeleaf/EngineConfiguration
instanceKlass  @bci org/springframework/expression/spel/support/StandardTypeConverter <init> ()V 5 <appendix> argL0 ; # org/springframework/expression/spel/support/StandardTypeConverter$$Lambda+0x000001faad4730f0
instanceKlass org/springframework/expression/spel/support/SimpleEvaluationContext$Builder
instanceKlass  @bci org/springframework/expression/spel/support/SimpleEvaluationContext <clinit> ()V 0 <appendix> argL0 ; # org/springframework/expression/spel/support/SimpleEvaluationContext$$Lambda+0x000001faad472ae0
instanceKlass org/springframework/expression/spel/support/SimpleEvaluationContext
instanceKlass org/thymeleaf/spring6/expression/SPELContextPropertyAccessor
instanceKlass  @bci org/springframework/expression/spel/support/StandardTypeConverter <init> (Lorg/springframework/core/convert/ConversionService;)V 12 <appendix> member <vmtarget> ; # org/springframework/expression/spel/support/StandardTypeConverter$$Lambda+0x000001faad472000
instanceKlass org/springframework/expression/MethodExecutor
instanceKlass org/springframework/expression/spel/support/ReflectiveMethodResolver
instanceKlass org/springframework/expression/MethodResolver
instanceKlass org/thymeleaf/spring6/expression/ThymeleafEvaluationContext$ThymeleafEvaluationContextACLTypeLocator
instanceKlass org/thymeleaf/spring6/expression/IThymeleafEvaluationContext
instanceKlass org/thymeleaf/spring6/context/webmvc/SpringWebMvcThymeleafRequestDataValueProcessor
instanceKlass org/thymeleaf/spring6/context/IThymeleafRequestDataValueProcessor
instanceKlass org/thymeleaf/spring6/context/webmvc/SpringWebMvcThymeleafRequestContext
instanceKlass org/thymeleaf/spring6/context/IThymeleafRequestContext
instanceKlass org/thymeleaf/web/servlet/JakartaServletWebExchange
instanceKlass org/thymeleaf/web/servlet/JakartaServletWebSession
instanceKlass org/thymeleaf/web/servlet/IServletWebSession
instanceKlass org/thymeleaf/web/IWebSession
instanceKlass org/thymeleaf/web/servlet/JakartaServletWebRequest
instanceKlass org/thymeleaf/web/servlet/IServletWebRequest
instanceKlass org/thymeleaf/web/IWebRequest
instanceKlass org/thymeleaf/web/servlet/IServletWebExchange
instanceKlass org/thymeleaf/web/servlet/JakartaServletWebApplication
instanceKlass org/thymeleaf/web/servlet/IServletWebApplication
instanceKlass org/thymeleaf/web/IWebApplication
instanceKlass  @bci org/springframework/web/servlet/view/AbstractView setAttributesMap (Ljava/util/Map;)V 6 <appendix> member <vmtarget> ; # org/springframework/web/servlet/view/AbstractView$$Lambda+0x000001faad474000
instanceKlass org/springframework/web/servlet/support/RequestContext
instanceKlass org/thymeleaf/web/IWebExchange
instanceKlass org/springframework/util/LinkedCaseInsensitiveMap$EntryIterator
instanceKlass  @bci org/springframework/web/accept/ContentNegotiationManager resolveFileExtensions (Lorg/springframework/http/MediaType;)Ljava/util/List; 2 <appendix> member <vmtarget> ; # org/springframework/web/accept/ContentNegotiationManager$$Lambda+0x000001faad46eeb8
instanceKlass  @bci org/springframework/util/MimeTypeUtils sortBySpecificity (Ljava/util/List;)V 34 <appendix> argL0 ; # org/springframework/util/MimeTypeUtils$$Lambda+0x000001faad46ec70
instanceKlass  @bci org/springframework/http/MediaType checkParameters (Ljava/lang/String;Ljava/lang/String;)V 47 <appendix> member <vmtarget> ; # org/springframework/http/MediaType$$Lambda+0x000001faad46ea50
instanceKlass  @bci org/springframework/web/method/annotation/SessionAttributesHandler storeAttributes (Lorg/springframework/web/context/request/WebRequest;Ljava/util/Map;)V 3 <appendix> member <vmtarget> ; # org/springframework/web/method/annotation/SessionAttributesHandler$$Lambda+0x000001faad46e820
instanceKlass org/springframework/util/PatternMatchUtils
instanceKlass org/springframework/web/bind/annotation/ResponseBody
instanceKlass  @bci org/springframework/web/servlet/mvc/method/annotation/RequestResponseBodyMethodProcessor supportsReturnType (Lorg/springframework/core/MethodParameter;)Z 8 <appendix> argL0 ; # org/springframework/web/servlet/mvc/method/annotation/RequestResponseBodyMethodProcessor$$Lambda+0x000001faad46e1f0
instanceKlass org/springframework/web/context/request/async/WebAsyncTask
instanceKlass org/springframework/web/context/request/async/DeferredResult
instanceKlass org/springframework/web/servlet/mvc/method/annotation/StreamingResponseBody
instanceKlass org/springframework/web/servlet/view/FragmentsRendering
instanceKlass org/springframework/web/method/support/AsyncHandlerMethodReturnValueHandler
instanceKlass  @bci com/bookstore/controller/HomeController home (Lorg/springframework/ui/Model;)Ljava/lang/String; 68 <appendix> argL0 ; # com/bookstore/controller/HomeController$$Lambda+0x000001faad470218
instanceKlass java/util/stream/ReduceOps$5ReducingSink
instanceKlass  @bci java/util/stream/IntPipeline sum ()I 2 <appendix> argL0 ; # java/util/stream/IntPipeline$$Lambda+0x000001faad407eb8
instanceKlass java/util/function/IntBinaryOperator
instanceKlass  @bci com/bookstore/controller/HomeController home (Lorg/springframework/ui/Model;)Ljava/lang/String; 35 <appendix> argL0 ; # com/bookstore/controller/HomeController$$Lambda+0x000001faad470000
instanceKlass sun/invoke/util/VerifyAccess$1
instanceKlass jakarta/servlet/http/PushBuilder
instanceKlass org/springframework/web/bind/annotation/RequestAttribute
instanceKlass org/springframework/web/bind/annotation/SessionAttribute
instanceKlass org/springframework/web/bind/annotation/CookieValue
instanceKlass org/springframework/web/bind/annotation/RequestHeader
instanceKlass org/springframework/web/bind/annotation/RequestBody
instanceKlass org/springframework/web/bind/annotation/MatrixVariable
instanceKlass org/springframework/web/bind/annotation/PathVariable
instanceKlass jakarta/servlet/http/Part
instanceKlass org/springframework/web/multipart/MultipartFile
instanceKlass org/springframework/web/multipart/support/MultipartResolutionDelegate
instanceKlass org/springframework/web/bind/annotation/RequestPart
instanceKlass org/springframework/web/bind/annotation/RequestParam
instanceKlass org/springframework/web/bind/annotation/ModelAttribute
instanceKlass  @bci org/springframework/ui/ModelMap mergeAttributes (Ljava/util/Map;)Lorg/springframework/ui/ModelMap; 6 <appendix> member <vmtarget> ; # org/springframework/ui/ModelMap$$Lambda+0x000001faad46b768
instanceKlass org/springframework/web/servlet/support/RequestContextUtils
instanceKlass org/springframework/web/bind/support/SimpleSessionStatus
instanceKlass org/springframework/web/bind/support/SessionStatus
instanceKlass  @bci org/springframework/web/servlet/mvc/method/annotation/RequestMappingHandlerAdapter getModelFactory (Lorg/springframework/web/method/HandlerMethod;Lorg/springframework/web/bind/support/WebDataBinderFactory;)Lorg/springframework/web/method/annotation/ModelFactory; 76 <appendix> member <vmtarget> ; # org/springframework/web/servlet/mvc/method/annotation/RequestMappingHandlerAdapter$$Lambda+0x000001faad469f88
instanceKlass org/springframework/web/bind/annotation/SessionAttributes
instanceKlass  @bci org/springframework/web/servlet/mvc/method/annotation/RequestMappingHandlerAdapter getSessionAttributesHandler (Lorg/springframework/web/method/HandlerMethod;)Lorg/springframework/web/method/annotation/SessionAttributesHandler; 9 <appendix> member <vmtarget> ; # org/springframework/web/servlet/mvc/method/annotation/RequestMappingHandlerAdapter$$Lambda+0x000001faad469b50
instanceKlass org/springframework/validation/DataBinder$NameResolver
instanceKlass  @bci org/springframework/web/servlet/mvc/method/annotation/RequestMappingHandlerAdapter getDataBinderFactory (Lorg/springframework/web/method/HandlerMethod;)Lorg/springframework/web/bind/support/WebDataBinderFactory; 60 <appendix> member <vmtarget> ; # org/springframework/web/servlet/mvc/method/annotation/RequestMappingHandlerAdapter$$Lambda+0x000001faad468828
instanceKlass org/springframework/web/bind/annotation/InitBinder
instanceKlass  @bci org/springframework/core/MethodIntrospector selectMethods (Ljava/lang/Class;Lorg/springframework/util/ReflectionUtils$MethodFilter;)Ljava/util/Set; 2 <appendix> member <vmtarget> ; # org/springframework/core/MethodIntrospector$$Lambda+0x000001faad468410
instanceKlass  @bci org/springframework/web/context/request/async/WebAsyncManager setAsyncWebRequest (Lorg/springframework/web/context/request/async/AsyncWebRequest;)V 16 <appendix> member <vmtarget> ; # org/springframework/web/context/request/async/WebAsyncManager$$Lambda+0x000001faad4681f0
instanceKlass jakarta/servlet/ServletResponseWrapper
instanceKlass  @bci org/springframework/web/servlet/mvc/method/RequestMappingInfoHandlerMapping extractMatchDetails (Lorg/springframework/web/servlet/mvc/condition/PathPatternsRequestCondition;Ljava/lang/String;Ljakarta/servlet/http/HttpServletRequest;)V 102 <appendix> member <vmtarget> ; # org/springframework/web/servlet/mvc/method/RequestMappingInfoHandlerMapping$$Lambda+0x000001faad465c18
instanceKlass  @bci java/util/stream/Collectors toUnmodifiableSet ()Ljava/util/stream/Collector; 19 <appendix> argL0 ; # java/util/stream/Collectors$$Lambda+0x000001faad407348
instanceKlass  @bci java/util/stream/Collectors toUnmodifiableSet ()Ljava/util/stream/Collector; 14 <appendix> argL0 ; # java/util/stream/Collectors$$Lambda+0x000001faad407108
instanceKlass  @bci java/util/stream/Collectors toUnmodifiableSet ()Ljava/util/stream/Collector; 9 <appendix> argL0 ; # java/util/stream/Collectors$$Lambda+0x000001faad406ee0
instanceKlass  @bci java/util/stream/Collectors toUnmodifiableSet ()Ljava/util/stream/Collector; 4 <appendix> argL0 ; # java/util/stream/Collectors$$Lambda+0x000001faad406cc8
instanceKlass  @bci org/springframework/http/server/observation/DefaultServerRequestObservationConvention <clinit> ()V 116 <appendix> argL0 ; # org/springframework/http/server/observation/DefaultServerRequestObservationConvention$$Lambda+0x000001faad4659e0
instanceKlass io/micrometer/common/ImmutableKeyValue
instanceKlass io/micrometer/common/KeyValue
instanceKlass io/micrometer/observation/docs/ObservationDocumentation
instanceKlass  @bci io/micrometer/observation/ObservationConvention <clinit> ()V 0 <appendix> argL0 ; # io/micrometer/observation/ObservationConvention$$Lambda+0x000001faad463338
instanceKlass io/micrometer/common/docs/KeyName
instanceKlass org/springframework/http/server/observation/DefaultServerRequestObservationConvention
instanceKlass org/springframework/http/server/observation/ServerRequestObservationConvention
instanceKlass io/micrometer/observation/ObservationConvention
instanceKlass io/micrometer/observation/KeyValuesConvention
instanceKlass  @bci org/springframework/web/servlet/mvc/method/RequestMappingInfoHandlerMapping extractMatchDetails (Lorg/springframework/web/servlet/mvc/condition/PathPatternsRequestCondition;Ljava/lang/String;Ljakarta/servlet/http/HttpServletRequest;)V 53 <appendix> member <vmtarget> ; # org/springframework/web/servlet/mvc/method/RequestMappingInfoHandlerMapping$$Lambda+0x000001faad462300
instanceKlass org/springframework/web/util/pattern/PathPattern$PathMatchInfo
instanceKlass org/springframework/web/servlet/handler/AbstractHandlerMethodMapping$Match
instanceKlass org/springframework/web/cors/CorsUtils
instanceKlass  @bci org/springframework/web/util/ServletRequestPathUtils getParsedRequestPath (Ljakarta/servlet/ServletRequest;)Lorg/springframework/http/server/RequestPath; 14 <appendix> argL0 ; # org/springframework/web/util/ServletRequestPathUtils$$Lambda+0x000001faad461ab8
instanceKlass org/springframework/http/server/DefaultRequestPath
instanceKlass org/apache/catalina/core/ApplicationMapping$1
instanceKlass org/springframework/web/util/ServletRequestPathUtils$ServletRequestPath
instanceKlass org/springframework/web/util/ServletRequestPathUtils
instanceKlass org/springframework/web/util/WebUtils
instanceKlass  @bci java/util/regex/CharPredicates category (I)Ljava/util/regex/Pattern$CharPredicate; 1 <appendix> member <vmtarget> ; # java/util/regex/CharPredicates$$Lambda+0x000001faad406a70
instanceKlass org/springframework/core/log/LogFormatUtils
instanceKlass  @bci org/springframework/web/servlet/DispatcherServlet logRequest (Ljakarta/servlet/http/HttpServletRequest;)V 6 <appendix> member <vmtarget> ; # org/springframework/web/servlet/DispatcherServlet$$Lambda+0x000001faad460918
instanceKlass org/springframework/web/servlet/FrameworkServlet$RequestBindingInterceptor
instanceKlass org/springframework/web/context/request/async/TimeoutDeferredResultProcessingInterceptor
instanceKlass org/springframework/web/context/request/async/TimeoutCallableProcessingInterceptor
instanceKlass org/springframework/web/context/request/async/AsyncWebRequest
instanceKlass org/springframework/web/context/request/async/WebAsyncUtils
instanceKlass  @bci org/springframework/web/servlet/DispatcherServlet buildLocaleContext (Ljakarta/servlet/http/HttpServletRequest;)Lorg/springframework/context/i18n/LocaleContext; 27 <appendix> member <vmtarget> ; # org/springframework/web/servlet/DispatcherServlet$$Lambda+0x000001faad45f378
instanceKlass org/springframework/web/servlet/LocaleContextResolver
instanceKlass org/springframework/context/i18n/SimpleLocaleContext
instanceKlass org/springframework/context/i18n/LocaleContextHolder
instanceKlass  @bci org/apache/catalina/connector/Request parseLocalesHeader (Ljava/lang/String;Ljava/util/TreeMap;)V 62 <appendix> argL0 ; # org/apache/catalina/connector/Request$$Lambda+0x000001faad45e8b0
instanceKlass org/apache/tomcat/util/http/parser/AcceptLanguage
instanceKlass org/apache/catalina/util/TLSUtil
instanceKlass org/apache/catalina/connector/ResponseFacade
instanceKlass org/apache/catalina/core/ApplicationFilterFactory$1
instanceKlass org/apache/catalina/util/FilterUtil
instanceKlass org/apache/catalina/core/ApplicationFilterChain
instanceKlass org/apache/catalina/core/ApplicationFilterFactory
instanceKlass org/apache/coyote/AbstractProcessor$1
instanceKlass jakarta/security/auth/message/config/AuthConfigProvider
instanceKlass jakarta/security/auth/message/config/AuthConfigFactory
instanceKlass org/apache/catalina/connector/RequestFacade
instanceKlass org/apache/catalina/util/SessionConfig
instanceKlass org/apache/tomcat/util/buf/UEncoder
instanceKlass org/apache/tomcat/util/collections/ConcurrentCache
instanceKlass org/apache/tomcat/util/http/parser/MediaTypeCache
instanceKlass org/apache/catalina/connector/Response
instanceKlass org/apache/tomcat/util/buf/ByteChunk$ByteInputChannel
instanceKlass org/apache/catalina/core/ApplicationMapping
instanceKlass org/apache/catalina/mapper/MappingData
instanceKlass org/apache/catalina/util/ParameterMap
instanceKlass org/apache/catalina/connector/Request$6
instanceKlass org/apache/catalina/connector/Request$5
instanceKlass org/apache/catalina/connector/Request$4
instanceKlass org/apache/catalina/connector/Request$3
instanceKlass org/apache/catalina/connector/Request$2
instanceKlass org/apache/catalina/connector/Request$1
instanceKlass org/apache/catalina/connector/Request$SpecialAttributeAdapter
instanceKlass org/apache/tomcat/util/http/fileupload/RequestContext
instanceKlass org/apache/tomcat/util/http/fileupload/FileItemFactory
instanceKlass jakarta/servlet/AsyncContext
instanceKlass jakarta/servlet/http/HttpServletMapping
instanceKlass org/apache/catalina/connector/Request
instanceKlass org/apache/tomcat/util/http/parser/Host
instanceKlass sun/nio/cs/ThreadLocalCoders$Cache
instanceKlass sun/nio/cs/ThreadLocalCoders
instanceKlass org/apache/tomcat/util/http/parser/TokenList
instanceKlass org/apache/tomcat/util/http/ValuesEnumerator
instanceKlass org/apache/tomcat/util/buf/Ascii
instanceKlass org/apache/tomcat/util/http/Method
instanceKlass  @bci org/apache/coyote/AbstractProtocol$ConnectionHandler register (Lorg/apache/coyote/Processor;)V 68 <adapter> ; # java/lang/invoke/LambdaForm$MH+0x000001faad453000
# instanceKlass java/lang/invoke/LambdaForm$DMH+0x000001faad452c00
instanceKlass  @bci org/apache/coyote/AbstractProtocol$ConnectionHandler register (Lorg/apache/coyote/Processor;)V 68 <appendix> form vmentry <vmtarget> ; # java/lang/invoke/LambdaForm$MH+0x000001faad452800
# instanceKlass java/lang/invoke/LambdaForm$MH+0x000001faad452400
instanceKlass  @bci org/apache/coyote/AbstractProtocol$ConnectionHandler register (Lorg/apache/coyote/Processor;)V 68 <appendix> form names 10 function resolvedHandle form vmentry <vmtarget> ; # java/lang/invoke/LambdaForm$DMH+0x000001faad452000
instanceKlass  @bci org/apache/coyote/AbstractProtocol$ConnectionHandler register (Lorg/apache/coyote/Processor;)V 68 <appendix> argL3 form vmentry <vmtarget> ; # java/lang/invoke/LambdaForm$MH+0x000001faad451c00
# instanceKlass java/lang/invoke/LambdaForm$MH+0x000001faad451800
# instanceKlass java/lang/invoke/LambdaForm$MH+0x000001faad451400
# instanceKlass java/lang/invoke/LambdaForm$MH+0x000001faad451000
# instanceKlass java/lang/invoke/LambdaForm$MH+0x000001faad450c00
instanceKlass  @bci org/apache/coyote/AbstractProtocol$ConnectionHandler register (Lorg/apache/coyote/Processor;)V 68 <appendix> form names 14 function resolvedHandle form vmentry <vmtarget> ; # java/lang/invoke/LambdaForm$DMH+0x000001faad450800
instanceKlass  @bci org/apache/coyote/AbstractProtocol$ConnectionHandler register (Lorg/apache/coyote/Processor;)V 68 <appendix> argL1 form vmentry <vmtarget> ; # java/lang/invoke/LambdaForm$MH+0x000001faad450400
# instanceKlass java/lang/invoke/LambdaForm$MH+0x000001faad450000
# instanceKlass java/lang/invoke/LambdaForm$MH+0x000001faad448c00
# instanceKlass java/lang/invoke/LambdaForm$MH+0x000001faad448800
instanceKlass org/apache/coyote/http11/filters/GzipOutputFilter
instanceKlass org/apache/coyote/http11/filters/BufferedInputFilter
instanceKlass org/apache/coyote/http11/filters/VoidOutputFilter
instanceKlass org/apache/coyote/http11/filters/VoidInputFilter
instanceKlass org/apache/coyote/http11/filters/ChunkedOutputFilter
instanceKlass org/apache/coyote/http11/filters/ChunkedInputFilter
instanceKlass org/apache/coyote/http11/filters/IdentityOutputFilter
instanceKlass org/apache/coyote/http11/filters/IdentityInputFilter
instanceKlass org/apache/coyote/http11/Http11OutputBuffer$SocketOutputBuffer
instanceKlass org/apache/coyote/http11/Http11OutputBuffer
instanceKlass org/apache/coyote/http11/Http11InputBuffer$SocketInputBuffer
instanceKlass org/apache/tomcat/util/http/parser/HttpHeaderParser$HeaderParseData
instanceKlass org/apache/tomcat/util/http/parser/HttpHeaderParser
instanceKlass org/apache/coyote/http11/Http11InputBuffer
instanceKlass org/apache/tomcat/util/http/parser/HttpHeaderParser$HeaderDataSource
instanceKlass org/apache/tomcat/util/log/UserDataHelper
instanceKlass org/apache/coyote/AsyncStateMachine
instanceKlass org/apache/tomcat/util/buf/CharsetHolder
instanceKlass org/apache/coyote/RequestInfo
instanceKlass org/apache/tomcat/util/http/Parameters
instanceKlass org/apache/tomcat/util/http/ServerCookie
instanceKlass org/apache/tomcat/util/http/ServerCookies
instanceKlass org/apache/tomcat/util/http/MimeHeaderField
instanceKlass org/apache/tomcat/util/http/MimeHeaders
instanceKlass org/apache/tomcat/util/buf/MessageBytes$MessageBytesFactory
instanceKlass org/apache/tomcat/util/buf/MessageBytes
instanceKlass org/apache/tomcat/util/net/ApplicationBufferHandler
instanceKlass jakarta/servlet/http/HttpUpgradeHandler
instanceKlass org/apache/coyote/http11/OutputFilter
instanceKlass org/apache/coyote/http11/HttpOutputBuffer
instanceKlass org/apache/coyote/http11/InputFilter
instanceKlass org/apache/coyote/OutputBuffer
instanceKlass org/apache/coyote/InputBuffer
instanceKlass org/apache/coyote/AbstractProcessorLight
instanceKlass org/apache/coyote/ActionHook
instanceKlass java/lang/invoke/ConstantBootstraps
instanceKlass java/nio/channels/SelectionKey
instanceKlass org/apache/tomcat/util/net/NioEndpoint$PollerEvent
instanceKlass sun/nio/ch/OptionKey
instanceKlass sun/nio/ch/SocketOptionRegistry$LazyInitialization
instanceKlass sun/nio/ch/SocketOptionRegistry$RegistryKey
instanceKlass sun/nio/ch/SocketOptionRegistry
instanceKlass sun/nio/ch/ExtendedSocketOption$1
instanceKlass sun/nio/ch/ExtendedSocketOption
instanceKlass sun/nio/ch/SocketChannelImpl$DefaultOptionsHolder
instanceKlass java/net/StandardSocketOptions$StdSocketOption
instanceKlass java/net/StandardSocketOptions
instanceKlass java/net/Socket
instanceKlass java/util/concurrent/Semaphore
instanceKlass org/apache/tomcat/util/net/WriteBuffer
instanceKlass  @bci org/apache/tomcat/util/net/SocketWrapperBase <clinit> ()V 43 <appendix> argL0 ; # org/apache/tomcat/util/net/SocketWrapperBase$$Lambda+0x000001faad445c48
instanceKlass  @bci org/apache/tomcat/util/net/SocketWrapperBase <clinit> ()V 35 <appendix> argL0 ; # org/apache/tomcat/util/net/SocketWrapperBase$$Lambda+0x000001faad445a30
instanceKlass  @bci org/apache/tomcat/util/net/SocketWrapperBase <clinit> ()V 27 <appendix> argL0 ; # org/apache/tomcat/util/net/SocketWrapperBase$$Lambda+0x000001faad445818
instanceKlass  @cpi org/apache/tomcat/util/net/SocketWrapperBase 751 form vmentry <vmtarget> ; # java/lang/invoke/LambdaForm$DMH+0x000001faad448400
# instanceKlass java/lang/invoke/LambdaForm$DMH+0x000001faad448000
instanceKlass org/apache/tomcat/util/net/SocketWrapperBase$CompletionCheck
instanceKlass org/apache/tomcat/util/net/SendfileDataBase
instanceKlass org/apache/tomcat/util/net/SocketWrapperBase$OperationState
instanceKlass jakarta/servlet/ServletConnection
instanceKlass org/apache/tomcat/util/net/SocketBufferHandler
instanceKlass org/apache/tomcat/PeriodicEventListener
instanceKlass  @bci org/apache/catalina/webresources/Cache backgroundProcess ()V 4 <appendix> argL0 ; # org/apache/catalina/webresources/Cache$$Lambda+0x000001faad443a70
instanceKlass  @bci org/springframework/boot/devtools/restart/Restarter clear (Ljava/lang/Class;Ljava/lang/String;)V 55 <appendix> member <vmtarget> ; # org/springframework/boot/devtools/restart/Restarter$$Lambda+0x000001faad443820
instanceKlass com/sun/beans/util/Cache$CacheEntry
instanceKlass com/sun/beans/util/Cache
instanceKlass com/sun/beans/introspect/ClassInfo
instanceKlass java/beans/WeakIdentityMap
instanceKlass java/beans/ThreadGroupContext
instanceKlass  @bci org/springframework/boot/SpringApplicationRunListeners ready (Lorg/springframework/context/ConfigurableApplicationContext;Ljava/time/Duration;)V 5 <appendix> member <vmtarget> ; # org/springframework/boot/SpringApplicationRunListeners$$Lambda+0x000001faad443400
instanceKlass  @bci org/springframework/boot/SpringApplication callRunners (Lorg/springframework/context/ConfigurableApplicationContext;Lorg/springframework/boot/ApplicationArguments;)V 124 <appendix> member <vmtarget> ; # org/springframework/boot/SpringApplication$$Lambda+0x000001faad4431d0
instanceKlass java/util/IdentityHashMap$IdentityHashMapSpliterator
instanceKlass org/springframework/boot/SpringApplication$FactoryAwareOrderSourceProvider
instanceKlass org/springframework/boot/Runner
instanceKlass  @bci org/springframework/boot/SpringApplicationRunListeners started (Lorg/springframework/context/ConfigurableApplicationContext;Ljava/time/Duration;)V 5 <appendix> member <vmtarget> ; # org/springframework/boot/SpringApplicationRunListeners$$Lambda+0x000001faad442370
instanceKlass jdk/internal/math/MathUtils
instanceKlass jdk/internal/math/DoubleToDecimal
instanceKlass  @bci org/springframework/web/servlet/resource/ResourceUrlProvider lambda$detectResourceHandlers$0 (Lorg/springframework/web/servlet/handler/AbstractUrlHandlerMapping;)V 5 <appendix> member <vmtarget> ; # org/springframework/web/servlet/resource/ResourceUrlProvider$$Lambda+0x000001faad442140
instanceKlass  @bci org/springframework/web/servlet/resource/ResourceUrlProvider detectResourceHandlers (Lorg/springframework/context/ApplicationContext;)V 48 <appendix> member <vmtarget> ; # org/springframework/web/servlet/resource/ResourceUrlProvider$$Lambda+0x000001faad441f10
instanceKlass  @bci org/springframework/web/servlet/resource/ResourceUrlProvider detectResourceHandlers (Lorg/springframework/context/ApplicationContext;)V 37 <appendix> member <vmtarget> ; # org/springframework/web/servlet/resource/ResourceUrlProvider$$Lambda+0x000001faad441cd0
instanceKlass  @bci org/springframework/web/servlet/resource/ResourceUrlProvider detectResourceHandlers (Lorg/springframework/context/ApplicationContext;)V 20 <appendix> member <vmtarget> ; # org/springframework/web/servlet/resource/ResourceUrlProvider$$Lambda+0x000001faad441a80
instanceKlass org/springframework/boot/devtools/restart/classloader/ClassLoaderFile
instanceKlass  @bci org/springframework/boot/autoconfigure/condition/ConditionEvaluationReport addNoMatchOutcomeToAncestors (Ljava/lang/String;)V 13 <appendix> member <vmtarget> ; # org/springframework/boot/autoconfigure/condition/ConditionEvaluationReport$$Lambda+0x000001faad441628
instanceKlass  @bci org/springframework/boot/autoconfigure/condition/ConditionEvaluationReport getConditionAndOutcomesBySource ()Ljava/util/Map; 12 <appendix> member <vmtarget> ; # org/springframework/boot/autoconfigure/condition/ConditionEvaluationReport$$Lambda+0x000001faad4413f8
instanceKlass  @bci org/springframework/boot/tomcat/TomcatWebServer getContextPath ()Ljava/lang/String; 70 <appendix> argL0 ; # org/springframework/boot/tomcat/TomcatWebServer$$Lambda+0x000001faad4411c0
instanceKlass  @bci org/springframework/boot/tomcat/TomcatWebServer getContextPath ()Ljava/lang/String; 60 <appendix> argL0 ; # org/springframework/boot/tomcat/TomcatWebServer$$Lambda+0x000001faad440f88
instanceKlass  @bci org/springframework/boot/tomcat/TomcatWebServer getContextPath ()Ljava/lang/String; 50 <appendix> member <vmtarget> ; # org/springframework/boot/tomcat/TomcatWebServer$$Lambda+0x000001faad440d38
instanceKlass  @bci org/springframework/boot/tomcat/TomcatWebServer getContextPath ()Ljava/lang/String; 39 <appendix> member <vmtarget> ; # org/springframework/boot/tomcat/TomcatWebServer$$Lambda+0x000001faad440af8
instanceKlass  @bci org/springframework/boot/tomcat/TomcatWebServer getContextPath ()Ljava/lang/String; 22 <appendix> member <vmtarget> ; # org/springframework/boot/tomcat/TomcatWebServer$$Lambda+0x000001faad4408a8
instanceKlass  @bci org/springframework/boot/tomcat/TomcatEmbeddedContext lambda$deferredLoadOnStartup$0 ()V 9 <appendix> member <vmtarget> ; # org/springframework/boot/tomcat/TomcatEmbeddedContext$$Lambda+0x000001faad440678
instanceKlass  @bci org/springframework/boot/tomcat/TomcatEmbeddedContext getLoadOnStartupWrappers ([Lorg/apache/catalina/Container;)Ljava/util/stream/Stream; 95 <appendix> argL0 ; # org/springframework/boot/tomcat/TomcatEmbeddedContext$$Lambda+0x000001faad440440
instanceKlass java/util/TreeMap$TreeMapSpliterator
instanceKlass  @bci org/springframework/boot/tomcat/TomcatEmbeddedContext deferredLoadOnStartup ()V 11 <appendix> member <vmtarget> ; # org/springframework/boot/tomcat/TomcatEmbeddedContext$$Lambda+0x000001faad440220
instanceKlass  @bci org/apache/coyote/AbstractProtocol startAsyncTimeout ()V 77 <appendix> member <vmtarget> ; # org/apache/coyote/AbstractProtocol$$Lambda+0x000001faad440000
instanceKlass  @bci org/apache/coyote/AbstractProtocol start ()V 58 <appendix> member <vmtarget> ; # org/apache/coyote/AbstractProtocol$$Lambda+0x000001faad3fbcb0
instanceKlass org/apache/tomcat/util/net/Acceptor
instanceKlass java/nio/channels/spi/AbstractSelector$1
instanceKlass java/nio/BufferMismatch
instanceKlass java/nio/channels/spi/AbstractInterruptibleChannel$1
instanceKlass sun/nio/ch/Interruptible
instanceKlass sun/net/NetProperties$1
instanceKlass sun/net/NetProperties
instanceKlass  @bci sun/nio/ch/UnixDomainSocketsUtil getTempDir ()Ljava/lang/String; 0 <appendix> argL0 ; # sun/nio/ch/UnixDomainSocketsUtil$$Lambda+0x000001faad3ff418
instanceKlass sun/nio/ch/UnixDomainSocketsUtil
instanceKlass sun/nio/ch/UnixDomainSockets
instanceKlass sun/nio/ch/PipeImpl$Initializer$LoopbackConnector
instanceKlass sun/nio/ch/PipeImpl$Initializer
instanceKlass java/nio/channels/Pipe
instanceKlass sun/nio/ch/WEPoll
instanceKlass sun/nio/ch/Util$2
instanceKlass java/nio/channels/Selector
instanceKlass org/apache/tomcat/util/collections/SynchronizedQueue
instanceKlass org/apache/tomcat/util/net/NioEndpoint$Poller
instanceKlass org/apache/tomcat/util/threads/ThreadPoolExecutor$RejectPolicy
instanceKlass org/apache/tomcat/util/threads/ThreadPoolExecutor$RejectedExecutionHandler
instanceKlass org/apache/tomcat/util/threads/RetryableQueue
instanceKlass sun/net/NetHooks
instanceKlass java/net/InetSocketAddress$InetSocketAddressHolder
instanceKlass java/net/SocketImpl
instanceKlass java/net/SocketOptions
instanceKlass  @bci sun/nio/ch/ServerSocketAdaptor create (Lsun/nio/ch/ServerSocketChannelImpl;)Ljava/net/ServerSocket; 1 <appendix> member <vmtarget> ; # sun/nio/ch/ServerSocketAdaptor$$Lambda+0x000001faad1ffd48
instanceKlass java/net/ServerSocket
instanceKlass jdk/net/ExtendedSocketOptions$2
instanceKlass jdk/net/ExtendedSocketOptions$PlatformSocketOptions
instanceKlass jdk/net/ExtendedSocketOptions$ExtSocketOption
instanceKlass java/net/SocketOption
instanceKlass jdk/net/ExtendedSocketOptions
instanceKlass sun/net/ext/ExtendedSocketOptions
instanceKlass sun/nio/ch/Net$1
instanceKlass sun/nio/ch/Net
instanceKlass  @bci sun/nio/ch/DefaultSelectorProvider <clinit> ()V 0 <appendix> argL0 ; # sun/nio/ch/DefaultSelectorProvider$$Lambda+0x000001faad1fd238
instanceKlass sun/nio/ch/DefaultSelectorProvider
instanceKlass  @bci java/nio/channels/spi/SelectorProvider$Holder provider ()Ljava/nio/channels/spi/SelectorProvider; 0 <appendix> argL0 ; # java/nio/channels/spi/SelectorProvider$Holder$$Lambda+0x000001faad1fc980
instanceKlass java/nio/channels/spi/SelectorProvider$Holder
instanceKlass java/nio/channels/spi/SelectorProvider
instanceKlass  @bci org/springframework/context/support/DefaultLifecycleProcessor startBeans (Z)V 43 <appendix> argL0 ; # org/springframework/context/support/DefaultLifecycleProcessor$$Lambda+0x000001faad3f1688
instanceKlass  @bci org/springframework/context/support/DefaultLifecycleProcessor lambda$startBeans$0 (ZLjava/util/Map;Ljava/util/Map;Ljava/lang/String;Lorg/springframework/context/Lifecycle;)V 32 <appendix> member <vmtarget> ; # org/springframework/context/support/DefaultLifecycleProcessor$$Lambda+0x000001faad3f1240
instanceKlass  @bci org/springframework/context/support/DefaultLifecycleProcessor startBeans (Z)V 18 <adapter> ; # java/lang/invoke/LambdaForm$MH+0x000001faad3f8000
# instanceKlass java/lang/invoke/LambdaForm$DMH+0x000001faad3f0c00
instanceKlass  @bci org/springframework/context/support/DefaultLifecycleProcessor startBeans (Z)V 18 <appendix> form vmentry <vmtarget> ; # java/lang/invoke/LambdaForm$DMH+0x000001faad3f0800
instanceKlass  @bci org/springframework/context/support/DefaultLifecycleProcessor startBeans (Z)V 18 <appendix> member <vmtarget> ; # org/springframework/context/support/DefaultLifecycleProcessor$$Lambda+0x000001faad3f3dc8
instanceKlass  @cpi org/springframework/context/support/DefaultLifecycleProcessor 556 form vmentry <vmtarget> ; # java/lang/invoke/LambdaForm$DMH+0x000001faad3f0400
instanceKlass org/springframework/util/ConcurrentReferenceHashMap$EntryIterator
instanceKlass org/springframework/util/ConcurrentReferenceHashMap$KeyIterator
instanceKlass  @bci org/springframework/beans/CachedIntrospectionResults clearClassLoader (Ljava/lang/ClassLoader;)V 44 <appendix> member <vmtarget> ; # org/springframework/beans/CachedIntrospectionResults$$Lambda+0x000001faad3f3530
instanceKlass  @bci org/springframework/beans/CachedIntrospectionResults clearClassLoader (Ljava/lang/ClassLoader;)V 24 <appendix> member <vmtarget> ; # org/springframework/beans/CachedIntrospectionResults$$Lambda+0x000001faad3f32e0
instanceKlass  @bci org/springframework/beans/CachedIntrospectionResults clearClassLoader (Ljava/lang/ClassLoader;)V 4 <appendix> member <vmtarget> ; # org/springframework/beans/CachedIntrospectionResults$$Lambda+0x000001faad3f3090
instanceKlass jakarta/servlet/descriptor/JspConfigDescriptor
instanceKlass  @bci org/springframework/core/BridgeMethodResolver resolveBridgeMethod (Ljava/lang/reflect/Method;Ljava/lang/Class;)Ljava/lang/reflect/Method; 97 <appendix> member <vmtarget> ; # org/springframework/core/BridgeMethodResolver$$Lambda+0x000001faad3f2c68
instanceKlass  @bci org/springframework/core/BridgeMethodResolver resolveBridgeMethod (Ljava/lang/reflect/Method;Ljava/lang/Class;)Ljava/lang/reflect/Method; 91 <appendix> member <vmtarget> ; # org/springframework/core/BridgeMethodResolver$$Lambda+0x000001faad3f2a48
instanceKlass  @bci org/springframework/context/event/EventListenerMethodProcessor processBean (Ljava/lang/String;Ljava/lang/Class;)V 32 <appendix> argL0 ; # org/springframework/context/event/EventListenerMethodProcessor$$Lambda+0x000001faad3f2830
instanceKlass org/springframework/context/event/EventListener
instanceKlass org/springframework/aop/scope/ScopedObject
instanceKlass org/springframework/aop/RawTargetAccess
instanceKlass org/springframework/web/multipart/MultipartHttpServletRequest
instanceKlass org/springframework/web/multipart/MultipartRequest
instanceKlass org/springframework/boot/http/converter/autoconfigure/DefaultClientHttpMessageConvertersCustomizer
instanceKlass org/springframework/boot/devtools/filewatch/FileSystemWatcher$Watcher
instanceKlass  @bci org/springframework/boot/devtools/filewatch/FileSnapshot <init> (Ljava/io/File;)V 30 <appendix> member <vmtarget> ; # org/springframework/boot/devtools/filewatch/FileSnapshot$$Lambda+0x000001faad3f7438
instanceKlass org/springframework/boot/devtools/filewatch/FileSnapshot
instanceKlass  @bci org/springframework/boot/devtools/filewatch/DirectorySnapshot <init> (Ljava/io/File;)V 23 <appendix> member <vmtarget> ; # org/springframework/boot/devtools/filewatch/DirectorySnapshot$$Lambda+0x000001faad3f7008
instanceKlass  @bci org/springframework/boot/devtools/filewatch/FileSystemWatcher createOrRestoreInitialSnapshots ()V 18 <appendix> member <vmtarget> ; # org/springframework/boot/devtools/filewatch/FileSystemWatcher$$Lambda+0x000001faad3f6dd8
instanceKlass org/springframework/boot/devtools/filewatch/DirectorySnapshot
instanceKlass org/springframework/boot/devtools/classpath/ClassPathFileChangeListener
instanceKlass  @bci org/springframework/boot/devtools/filewatch/FileSystemWatcher addSourceDirectory (Ljava/io/File;)V 19 <appendix> member <vmtarget> ; # org/springframework/boot/devtools/filewatch/FileSystemWatcher$$Lambda+0x000001faad3f6770
instanceKlass  @bci org/springframework/boot/devtools/filewatch/FileSystemWatcher addSourceDirectories (Ljava/lang/Iterable;)V 15 <appendix> member <vmtarget> ; # org/springframework/boot/devtools/filewatch/FileSystemWatcher$$Lambda+0x000001faad3f6540
instanceKlass org/springframework/boot/devtools/classpath/ClassPathDirectories
instanceKlass org/springframework/boot/devtools/filewatch/StaticSnapshotStateRepository
instanceKlass org/springframework/boot/devtools/filewatch/SnapshotStateRepository$1
instanceKlass org/springframework/boot/devtools/filewatch/SnapshotStateRepository
instanceKlass org/springframework/boot/devtools/filewatch/FileChangeListener
instanceKlass org/springframework/boot/devtools/filewatch/ChangedFile
instanceKlass org/springframework/boot/devtools/classpath/PatternClassPathRestartStrategy
instanceKlass  @bci org/springframework/boot/devtools/autoconfigure/LocalDevToolsAutoConfiguration$RestartConfiguration fileSystemWatcherFactory ()Lorg/springframework/boot/devtools/filewatch/FileSystemWatcherFactory; 1 <appendix> member <vmtarget> ; # org/springframework/boot/devtools/autoconfigure/LocalDevToolsAutoConfiguration$RestartConfiguration$$Lambda+0x000001faad3f5220
instanceKlass org/springframework/boot/devtools/autoconfigure/RemoteDevToolsProperties$Proxy
instanceKlass org/springframework/boot/devtools/autoconfigure/RemoteDevToolsProperties$Restart
instanceKlass org/springframework/boot/LazyInitializationExcludeFilter
instanceKlass  @bci org/springframework/boot/task/SimpleAsyncTaskSchedulerBuilder append (Ljava/util/Set;Ljava/lang/Iterable;)Ljava/util/Set; 26 <appendix> member <vmtarget> ; # org/springframework/boot/task/SimpleAsyncTaskSchedulerBuilder$$Lambda+0x000001faad3f4240
instanceKlass  @bci org/springframework/boot/autoconfigure/task/TaskSchedulingConfigurations$SimpleAsyncTaskSchedulerBuilderConfiguration builder ()Lorg/springframework/boot/task/SimpleAsyncTaskSchedulerBuilder; 47 <appendix> member <vmtarget> ; # org/springframework/boot/autoconfigure/task/TaskSchedulingConfigurations$SimpleAsyncTaskSchedulerBuilderConfiguration$$Lambda+0x000001faad3f4000
instanceKlass org/springframework/boot/task/SimpleAsyncTaskSchedulerCustomizer
instanceKlass  @bci org/springframework/boot/task/ThreadPoolTaskSchedulerBuilder append (Ljava/util/Set;Ljava/lang/Iterable;)Ljava/util/Set; 26 <appendix> member <vmtarget> ; # org/springframework/boot/task/ThreadPoolTaskSchedulerBuilder$$Lambda+0x000001faad3ed958
instanceKlass org/springframework/boot/autoconfigure/task/TaskSchedulingConfigurations
# instanceKlass java/lang/invoke/LambdaForm$MH+0x000001faad3f0000
# instanceKlass java/lang/invoke/LambdaForm$MH+0x000001faad3ecc00
# instanceKlass java/lang/invoke/LambdaForm$MH+0x000001faad3ec800
instanceKlass org/springframework/boot/task/ThreadPoolTaskSchedulerCustomizer
instanceKlass org/springframework/boot/info/InfoProperties
instanceKlass org/springframework/context/support/DefaultLifecycleProcessor$LifecycleGroup
instanceKlass org/springframework/web/servlet/handler/HandlerExceptionResolverComposite
instanceKlass org/springframework/web/util/DisconnectedClientHelper
instanceKlass org/springframework/web/util/UriComponentsBuilder
instanceKlass org/springframework/web/util/UriBuilder
instanceKlass org/springframework/web/servlet/function/ServerResponse
instanceKlass org/springframework/web/servlet/function/ServerResponse$Context
instanceKlass org/springframework/web/servlet/mvc/method/annotation/ViewNameMethodReturnValueHandler
instanceKlass org/springframework/web/servlet/mvc/method/annotation/AsyncTaskMethodReturnValueHandler
instanceKlass org/springframework/web/servlet/mvc/method/annotation/DeferredResultMethodReturnValueHandler
instanceKlass org/springframework/web/servlet/mvc/method/annotation/CallableMethodReturnValueHandler
instanceKlass org/springframework/web/servlet/mvc/method/annotation/HttpHeadersReturnValueHandler
instanceKlass org/springframework/web/servlet/mvc/method/annotation/ResponseEntityReturnValueHandler
instanceKlass org/springframework/web/servlet/mvc/method/annotation/StreamingResponseBodyReturnValueHandler
instanceKlass org/springframework/web/servlet/mvc/method/annotation/ViewMethodReturnValueHandler
instanceKlass org/springframework/web/servlet/mvc/method/annotation/ModelAndViewMethodReturnValueHandler
instanceKlass org/springframework/web/servlet/mvc/method/annotation/ResponseBodyEmitter
instanceKlass org/springframework/web/servlet/mvc/method/annotation/ReactiveTypeHandler
instanceKlass  @bci org/springframework/util/MimeType appendTo (Ljava/util/Map;Ljava/lang/StringBuilder;)V 2 <appendix> member <vmtarget> ; # org/springframework/util/MimeType$$Lambda+0x000001faad3e9730
# instanceKlass java/lang/invoke/LambdaForm$MH+0x000001faad3ec400
# instanceKlass java/lang/invoke/LambdaForm$MH+0x000001faad3ec000
instanceKlass org/thymeleaf/TemplateSpec
instanceKlass  @bci org/springframework/boot/thymeleaf/autoconfigure/TemplateEngineConfigurations$DefaultTemplateEngineConfiguration templateEngine (Lorg/springframework/boot/thymeleaf/autoconfigure/ThymeleafProperties;Lorg/springframework/beans/factory/ObjectProvider;Lorg/springframework/beans/factory/ObjectProvider;)Lorg/thymeleaf/spring6/SpringTemplateEngine; 63 <appendix> member <vmtarget> ; # org/springframework/boot/thymeleaf/autoconfigure/TemplateEngineConfigurations$DefaultTemplateEngineConfiguration$$Lambda+0x000001faad3e8c30
instanceKlass  @bci org/springframework/boot/thymeleaf/autoconfigure/TemplateEngineConfigurations$DefaultTemplateEngineConfiguration templateEngine (Lorg/springframework/boot/thymeleaf/autoconfigure/ThymeleafProperties;Lorg/springframework/beans/factory/ObjectProvider;Lorg/springframework/beans/factory/ObjectProvider;)Lorg/thymeleaf/spring6/SpringTemplateEngine; 40 <appendix> member <vmtarget> ; # org/springframework/boot/thymeleaf/autoconfigure/TemplateEngineConfigurations$DefaultTemplateEngineConfiguration$$Lambda+0x000001faad3e8a00
instanceKlass org/springframework/boot/thymeleaf/autoconfigure/TemplateEngineConfigurations
instanceKlass org/thymeleaf/templateresolver/TemplateResolution
instanceKlass org/thymeleaf/util/PatternSpec
instanceKlass org/thymeleaf/templateresource/ITemplateResource
instanceKlass org/thymeleaf/cache/ICacheEntryValidity
instanceKlass org/springframework/boot/autoconfigure/template/TemplateLocation
instanceKlass org/thymeleaf/DialectConfiguration
instanceKlass org/thymeleaf/templateparser/markup/decoupled/StandardDecoupledTemplateLogicResolver
instanceKlass org/thymeleaf/linkbuilder/AbstractLinkBuilder
instanceKlass org/thymeleaf/messageresolver/AbstractMessageResolver
instanceKlass org/thymeleaf/context/IEngineContext
instanceKlass org/thymeleaf/context/ITemplateContext
instanceKlass org/thymeleaf/context/IExpressionContext
instanceKlass org/thymeleaf/context/IContext
instanceKlass org/thymeleaf/context/StandardEngineContextFactory
instanceKlass org/thymeleaf/cache/StandardParsedTemplateEntryValidator
instanceKlass org/thymeleaf/cache/ICache
instanceKlass org/thymeleaf/cache/ICacheEntryValidityChecker
instanceKlass org/thymeleaf/cache/AbstractCacheManager
instanceKlass org/thymeleaf/util/ClassLoaderUtils
instanceKlass org/thymeleaf/util/Validate
instanceKlass org/thymeleaf/util/VersionUtils$VersionSpec
instanceKlass org/thymeleaf/util/VersionUtils
instanceKlass org/springframework/core/SpringVersion
instanceKlass org/thymeleaf/spring6/util/SpringVersionUtils
instanceKlass org/thymeleaf/spring6/util/SpringReactiveModelAdditionsUtils
instanceKlass org/thymeleaf/standard/expression/IStandardExpressionParser
instanceKlass org/thymeleaf/standard/serializer/IStandardJavaScriptSerializer
instanceKlass org/thymeleaf/expression/IExpressionObjectFactory
instanceKlass org/thymeleaf/standard/serializer/IStandardCSSSerializer
instanceKlass org/thymeleaf/standard/expression/IStandardVariableExpressionEvaluator
instanceKlass org/thymeleaf/standard/expression/IStandardConversionService
instanceKlass org/thymeleaf/dialect/AbstractDialect
instanceKlass org/thymeleaf/dialect/IProcessorDialect
instanceKlass org/thymeleaf/dialect/IExpressionObjectDialect
instanceKlass org/thymeleaf/dialect/IExecutionAttributeDialect
instanceKlass org/thymeleaf/IThrottledTemplateProcessor
instanceKlass org/thymeleaf/IEngineConfiguration
instanceKlass org/thymeleaf/templateparser/markup/decoupled/IDecoupledTemplateLogicResolver
instanceKlass org/thymeleaf/linkbuilder/ILinkBuilder
instanceKlass org/thymeleaf/messageresolver/IMessageResolver
instanceKlass org/thymeleaf/context/IEngineContextFactory
instanceKlass org/thymeleaf/cache/ICacheManager
instanceKlass org/thymeleaf/dialect/IDialect
instanceKlass org/springframework/core/NestedExceptionUtils
instanceKlass  @bci org/springframework/beans/factory/support/DefaultSingletonBeanRegistry getSingleton (Ljava/lang/String;Lorg/springframework/beans/factory/ObjectFactory;)Ljava/lang/Object; 1250 <appendix> member <vmtarget> ; # org/springframework/beans/factory/support/DefaultSingletonBeanRegistry$$Lambda+0x000001faad3e4790
instanceKlass org/springframework/beans/factory/config/NamedBeanHolder
instanceKlass org/springframework/beans/factory/NamedBean
instanceKlass org/springframework/web/servlet/view/ContentNegotiatingViewResolver$1
instanceKlass  @bci org/springframework/web/servlet/view/AbstractCachingViewResolver <clinit> ()V 10 <appendix> argL0 ; # org/springframework/web/servlet/view/AbstractCachingViewResolver$$Lambda+0x000001faad3df8e8
instanceKlass  @cpi org/springframework/web/servlet/view/AbstractCachingViewResolver 210 form vmentry <vmtarget> ; # java/lang/invoke/LambdaForm$DMH+0x000001faad3e0000
instanceKlass org/springframework/web/servlet/view/AbstractCachingViewResolver$CacheFilter
instanceKlass org/springframework/web/servlet/view/AbstractCachingViewResolver$1
instanceKlass org/springframework/web/servlet/SmartView
instanceKlass org/springframework/web/servlet/view/ViewResolverComposite
instanceKlass org/springframework/web/servlet/config/annotation/UrlBasedViewResolverRegistration
instanceKlass org/springframework/web/servlet/mvc/method/annotation/ResponseBodyEmitter$Handler
instanceKlass org/springframework/web/servlet/mvc/method/annotation/ResponseBodyEmitterReturnValueHandler
instanceKlass org/springframework/web/servlet/mvc/method/annotation/PrincipalMethodArgumentResolver
instanceKlass org/springframework/web/servlet/mvc/method/annotation/ApiVersionMethodArgumentResolver
instanceKlass org/springframework/web/servlet/mvc/method/annotation/UriComponentsBuilderMethodArgumentResolver
instanceKlass org/springframework/web/method/annotation/SessionStatusMethodArgumentResolver
instanceKlass org/springframework/web/method/annotation/ErrorsMethodArgumentResolver
instanceKlass org/springframework/web/method/annotation/MapMethodProcessor
instanceKlass org/springframework/web/method/annotation/ModelMethodProcessor
instanceKlass org/springframework/web/servlet/mvc/method/annotation/RedirectAttributesMethodArgumentResolver
instanceKlass org/springframework/web/servlet/mvc/method/annotation/ServletResponseMethodArgumentResolver
instanceKlass org/springframework/web/servlet/mvc/method/annotation/ServletRequestMethodArgumentResolver
instanceKlass org/springframework/web/method/annotation/RequestHeaderMapMethodArgumentResolver
instanceKlass  @bci org/springframework/web/accept/ContentNegotiationManager getAllFileExtensions ()Ljava/util/List; 1 <appendix> argL0 ; # org/springframework/web/accept/ContentNegotiationManager$$Lambda+0x000001faad3d84c8
instanceKlass org/springframework/web/servlet/mvc/method/annotation/RequestResponseBodyAdviceChain
instanceKlass org/springframework/core/io/support/ResourceRegion
instanceKlass org/springframework/core/ParameterizedTypeReference
instanceKlass org/springframework/web/servlet/mvc/method/annotation/AbstractMessageConverterMethodArgumentResolver
instanceKlass org/springframework/validation/DataBinder
instanceKlass org/springframework/web/method/annotation/ModelAttributeMethodProcessor
instanceKlass org/springframework/web/servlet/mvc/method/annotation/MatrixVariableMapMethodArgumentResolver
instanceKlass org/springframework/web/servlet/mvc/method/annotation/PathVariableMapMethodArgumentResolver
instanceKlass org/springframework/web/method/annotation/RequestParamMapMethodArgumentResolver
instanceKlass org/springframework/web/method/annotation/AbstractNamedValueMethodArgumentResolver$NamedValueInfo
instanceKlass org/springframework/web/method/annotation/AbstractNamedValueMethodArgumentResolver
instanceKlass org/springframework/web/bind/annotation/ControllerAdvice
instanceKlass org/springframework/validation/method/MethodValidator
instanceKlass org/springframework/web/method/support/HandlerMethodReturnValueHandlerComposite
instanceKlass org/springframework/web/method/support/HandlerMethodReturnValueHandler
instanceKlass org/springframework/web/method/support/HandlerMethodArgumentResolverComposite
instanceKlass org/springframework/web/method/support/HandlerMethodArgumentResolver
instanceKlass org/springframework/web/method/annotation/SessionAttributesHandler
instanceKlass org/springframework/web/method/ControllerAdviceBean
instanceKlass org/springframework/web/method/annotation/ModelFactory
instanceKlass org/springframework/web/method/support/ModelAndViewContainer
instanceKlass org/springframework/web/servlet/mvc/method/annotation/AbstractMappingJacksonResponseBodyAdvice
instanceKlass org/springframework/web/servlet/mvc/method/annotation/ResponseBodyAdvice
instanceKlass org/springframework/web/servlet/mvc/method/annotation/RequestBodyAdviceAdapter
instanceKlass org/springframework/web/servlet/mvc/method/annotation/RequestBodyAdvice
instanceKlass org/springframework/web/bind/support/DefaultSessionAttributeStore
instanceKlass org/springframework/core/ReactiveAdapter
instanceKlass org/springframework/core/ReactiveAdapterRegistry
instanceKlass org/springframework/web/context/request/async/DeferredResultProcessingInterceptor
instanceKlass org/springframework/util/ConcurrencyThrottleSupport
instanceKlass  @bci org/springframework/web/servlet/mvc/method/annotation/RequestMappingHandlerAdapter <clinit> ()V 8 <appendix> argL0 ; # org/springframework/web/servlet/mvc/method/annotation/RequestMappingHandlerAdapter$$Lambda+0x000001faad3cfc00
instanceKlass  @bci org/springframework/web/servlet/mvc/method/annotation/RequestMappingHandlerAdapter <clinit> ()V 0 <appendix> argL0 ; # org/springframework/web/servlet/mvc/method/annotation/RequestMappingHandlerAdapter$$Lambda+0x000001faad3cf9d8
instanceKlass org/springframework/web/bind/support/DefaultDataBinderFactory
instanceKlass org/springframework/web/bind/support/WebDataBinderFactory
instanceKlass org/springframework/web/bind/support/SessionAttributeStore
# instanceKlass java/lang/invoke/LambdaForm$MH+0x000001faad3ca800
# instanceKlass java/lang/invoke/LambdaForm$MH+0x000001faad3ca400
# instanceKlass java/lang/invoke/LambdaForm$MH+0x000001faad3ca000
instanceKlass  @bci org/springframework/web/servlet/handler/SimpleUrlHandlerMapping registerHandlers (Ljava/util/Map;)V 32 <appendix> member <vmtarget> ; # org/springframework/web/servlet/handler/SimpleUrlHandlerMapping$$Lambda+0x000001faad3ce6f8
instanceKlass org/springframework/web/servlet/resource/DefaultResourceTransformerChain
instanceKlass org/springframework/web/servlet/resource/DefaultResourceResolverChain
instanceKlass org/springframework/web/servlet/resource/AbstractResourceResolver
instanceKlass org/springframework/web/servlet/resource/ResourceResolver
instanceKlass org/springframework/web/servlet/resource/ResourceHandlerUtils
instanceKlass org/springframework/web/servlet/resource/ResourceTransformerChain
instanceKlass org/springframework/web/HttpRequestHandler
instanceKlass  @bci org/springframework/boot/webmvc/autoconfigure/WebMvcAutoConfiguration$WebMvcAutoConfigurationAdapter addResourceHandlers (Lorg/springframework/web/servlet/config/annotation/ResourceHandlerRegistry;)V 54 <appendix> member <vmtarget> ; # org/springframework/boot/webmvc/autoconfigure/WebMvcAutoConfiguration$WebMvcAutoConfigurationAdapter$$Lambda+0x000001faad3cc680
instanceKlass  @bci org/springframework/boot/autoconfigure/web/WebProperties$Resources$Cache$Cachecontrol toHttpCacheControl ()Lorg/springframework/http/CacheControl; 193 <appendix> member <vmtarget> ; # org/springframework/boot/autoconfigure/web/WebProperties$Resources$Cache$Cachecontrol$$Lambda+0x000001faad3cc450
instanceKlass  @bci org/springframework/boot/autoconfigure/web/WebProperties$Resources$Cache$Cachecontrol toHttpCacheControl ()Lorg/springframework/http/CacheControl; 184 <appendix> member <vmtarget> ; # org/springframework/boot/autoconfigure/web/WebProperties$Resources$Cache$Cachecontrol$$Lambda+0x000001faad3cc230
instanceKlass  @bci org/springframework/boot/autoconfigure/web/WebProperties$Resources$Cache$Cachecontrol toHttpCacheControl ()Lorg/springframework/http/CacheControl; 174 <appendix> member <vmtarget> ; # org/springframework/boot/autoconfigure/web/WebProperties$Resources$Cache$Cachecontrol$$Lambda+0x000001faad3cc000
instanceKlass  @bci org/springframework/boot/autoconfigure/web/WebProperties$Resources$Cache$Cachecontrol toHttpCacheControl ()Lorg/springframework/http/CacheControl; 165 <appendix> member <vmtarget> ; # org/springframework/boot/autoconfigure/web/WebProperties$Resources$Cache$Cachecontrol$$Lambda+0x000001faad3c7c38
instanceKlass  @bci org/springframework/boot/autoconfigure/web/WebProperties$Resources$Cache$Cachecontrol toHttpCacheControl ()Lorg/springframework/http/CacheControl; 155 <appendix> member <vmtarget> ; # org/springframework/boot/autoconfigure/web/WebProperties$Resources$Cache$Cachecontrol$$Lambda+0x000001faad3c7a08
instanceKlass  @bci org/springframework/boot/autoconfigure/web/WebProperties$Resources$Cache$Cachecontrol toHttpCacheControl ()Lorg/springframework/http/CacheControl; 146 <appendix> member <vmtarget> ; # org/springframework/boot/autoconfigure/web/WebProperties$Resources$Cache$Cachecontrol$$Lambda+0x000001faad3c77e8
instanceKlass  @bci org/springframework/boot/autoconfigure/web/WebProperties$Resources$Cache$Cachecontrol toHttpCacheControl ()Lorg/springframework/http/CacheControl; 136 <appendix> member <vmtarget> ; # org/springframework/boot/autoconfigure/web/WebProperties$Resources$Cache$Cachecontrol$$Lambda+0x000001faad3c75c8
instanceKlass  @bci org/springframework/boot/autoconfigure/web/WebProperties$Resources$Cache$Cachecontrol toHttpCacheControl ()Lorg/springframework/http/CacheControl; 119 <appendix> member <vmtarget> ; # org/springframework/boot/autoconfigure/web/WebProperties$Resources$Cache$Cachecontrol$$Lambda+0x000001faad3c73a8
instanceKlass  @bci org/springframework/boot/autoconfigure/web/WebProperties$Resources$Cache$Cachecontrol toHttpCacheControl ()Lorg/springframework/http/CacheControl; 109 <appendix> member <vmtarget> ; # org/springframework/boot/autoconfigure/web/WebProperties$Resources$Cache$Cachecontrol$$Lambda+0x000001faad3c7188
instanceKlass  @bci org/springframework/boot/autoconfigure/web/WebProperties$Resources$Cache$Cachecontrol toHttpCacheControl ()Lorg/springframework/http/CacheControl; 92 <appendix> member <vmtarget> ; # org/springframework/boot/autoconfigure/web/WebProperties$Resources$Cache$Cachecontrol$$Lambda+0x000001faad3c6f68
instanceKlass  @bci org/springframework/boot/autoconfigure/web/WebProperties$Resources$Cache$Cachecontrol toHttpCacheControl ()Lorg/springframework/http/CacheControl; 82 <appendix> member <vmtarget> ; # org/springframework/boot/autoconfigure/web/WebProperties$Resources$Cache$Cachecontrol$$Lambda+0x000001faad3c6d48
instanceKlass  @bci org/springframework/boot/autoconfigure/web/WebProperties$Resources$Cache$Cachecontrol toHttpCacheControl ()Lorg/springframework/http/CacheControl; 65 <appendix> member <vmtarget> ; # org/springframework/boot/autoconfigure/web/WebProperties$Resources$Cache$Cachecontrol$$Lambda+0x000001faad3c6b28
instanceKlass  @bci org/springframework/boot/autoconfigure/web/WebProperties$Resources$Cache$Cachecontrol toHttpCacheControl ()Lorg/springframework/http/CacheControl; 55 <appendix> member <vmtarget> ; # org/springframework/boot/autoconfigure/web/WebProperties$Resources$Cache$Cachecontrol$$Lambda+0x000001faad3c6908
instanceKlass  @bci org/springframework/boot/autoconfigure/web/WebProperties$Resources$Cache$Cachecontrol toHttpCacheControl ()Lorg/springframework/http/CacheControl; 38 <appendix> member <vmtarget> ; # org/springframework/boot/autoconfigure/web/WebProperties$Resources$Cache$Cachecontrol$$Lambda+0x000001faad3c66e8
instanceKlass  @bci org/springframework/boot/autoconfigure/web/WebProperties$Resources$Cache$Cachecontrol toHttpCacheControl ()Lorg/springframework/http/CacheControl; 28 <appendix> member <vmtarget> ; # org/springframework/boot/autoconfigure/web/WebProperties$Resources$Cache$Cachecontrol$$Lambda+0x000001faad3c64c8
instanceKlass  @bci org/springframework/boot/autoconfigure/web/WebProperties$Resources$Cache$Cachecontrol toHttpCacheControl ()Lorg/springframework/http/CacheControl; 11 <appendix> member <vmtarget> ; # org/springframework/boot/autoconfigure/web/WebProperties$Resources$Cache$Cachecontrol$$Lambda+0x000001faad3c62a8
instanceKlass org/springframework/http/CacheControl
instanceKlass  @bci org/springframework/boot/webmvc/autoconfigure/WebMvcAutoConfiguration$WebMvcAutoConfigurationAdapter addResourceHandler (Lorg/springframework/web/servlet/config/annotation/ResourceHandlerRegistry;Ljava/lang/String;[Ljava/lang/String;)V 4 <appendix> member <vmtarget> ; # org/springframework/boot/webmvc/autoconfigure/WebMvcAutoConfiguration$WebMvcAutoConfigurationAdapter$$Lambda+0x000001faad3c5e08
# instanceKlass java/lang/invoke/LambdaForm$MH+0x000001faad3c9c00
# instanceKlass java/lang/invoke/LambdaForm$MH+0x000001faad3c9800
# instanceKlass java/lang/invoke/LambdaForm$MH+0x000001faad3c9400
# instanceKlass java/lang/invoke/LambdaForm$MH+0x000001faad3c9000
instanceKlass  @bci org/springframework/web/servlet/function/support/RouterFunctionMapping initRouterFunctions ()V 95 <appendix> argL0 ; # org/springframework/web/servlet/function/support/RouterFunctionMapping$$Lambda+0x000001faad3c5bc8
instanceKlass  @bci org/springframework/web/servlet/function/support/RouterFunctionMapping initRouterFunctions ()V 16 <appendix> argL0 ; # org/springframework/web/servlet/function/support/RouterFunctionMapping$$Lambda+0x000001faad3c5990
instanceKlass org/springframework/web/servlet/function/RouterFunction
instanceKlass org/springframework/web/servlet/function/HandlerFunction
instanceKlass org/springframework/web/servlet/function/ServerRequest
instanceKlass org/springframework/web/servlet/function/RouterFunctions$Visitor
# instanceKlass java/lang/invoke/LambdaForm$MH+0x000001faad3c8c00
# instanceKlass java/lang/invoke/LambdaForm$MH+0x000001faad3c8800
# instanceKlass java/lang/invoke/LambdaForm$MH+0x000001faad3c8400
# instanceKlass java/lang/invoke/LambdaForm$MH+0x000001faad3c8000
instanceKlass  @bci org/springframework/web/servlet/handler/AbstractHandlerMethodMapping getHandlerMethods ()Ljava/util/Map; 29 <appendix> argL0 ; # org/springframework/web/servlet/handler/AbstractHandlerMethodMapping$$Lambda+0x000001faad3c4f78
instanceKlass  @bci org/springframework/web/servlet/handler/AbstractHandlerMethodMapping getHandlerMethods ()Ljava/util/Map; 24 <appendix> argL0 ; # org/springframework/web/servlet/handler/AbstractHandlerMethodMapping$$Lambda+0x000001faad3c4d40
instanceKlass org/springframework/web/servlet/handler/AbstractHandlerMethodMapping$MappingRegistration
instanceKlass  @bci org/springframework/core/annotation/MergedAnnotationPredicates typeIn ([Ljava/lang/String;)Ljava/util/function/Predicate; 1 <appendix> member <vmtarget> ; # org/springframework/core/annotation/MergedAnnotationPredicates$$Lambda+0x000001faad3c4440
instanceKlass org/springframework/web/method/HandlerMethod$MethodValidationInitializer
instanceKlass  @bci org/springframework/web/servlet/handler/AbstractHandlerMethodMapping detectHandlerMethods (Ljava/lang/Object;)V 116 <appendix> member <vmtarget> ; # org/springframework/web/servlet/handler/AbstractHandlerMethodMapping$$Lambda+0x000001faad3c4010
instanceKlass org/springframework/web/util/pattern/PathPattern$MatchingContext
instanceKlass org/springframework/util/UnmodifiableMultiValueMap
instanceKlass org/springframework/http/server/DefaultPathContainer$DefaultPathSegment
instanceKlass  @bci org/springframework/web/servlet/mvc/method/annotation/RequestMappingHandlerMapping createRequestMappingInfo (Ljava/lang/reflect/AnnotatedElement;)Lorg/springframework/web/servlet/mvc/method/RequestMappingInfo; 177 <appendix> argL0 ; # org/springframework/web/servlet/mvc/method/annotation/RequestMappingHandlerMapping$$Lambda+0x000001faad3c35b8
instanceKlass org/springframework/web/servlet/mvc/method/RequestMappingInfo$DefaultBuilder
instanceKlass  @bci org/springframework/http/MediaType <init> (Lorg/springframework/util/MimeType;)V 10 <appendix> member <vmtarget> ; # org/springframework/http/MediaType$$Lambda+0x000001faad3c2890
instanceKlass org/springframework/util/ConcurrentLruCache$AddTask
instanceKlass org/springframework/util/ConcurrentLruCache$WriteOperations
instanceKlass org/springframework/util/ConcurrentLruCache$ReadOperations
instanceKlass org/springframework/util/ConcurrentLruCache$EvictionQueue
instanceKlass  @bci org/springframework/util/MimeTypeUtils <clinit> ()V 391 <appendix> argL0 ; # org/springframework/util/MimeTypeUtils$$Lambda+0x000001faad3c0ad0
instanceKlass org/springframework/util/ConcurrentLruCache
instanceKlass org/springframework/util/MimeTypeUtils
instanceKlass org/springframework/web/servlet/mvc/condition/AbstractMediaTypeExpression
instanceKlass org/springframework/web/servlet/mvc/condition/MediaTypeExpression
instanceKlass java/util/Comparators$NullComparator
instanceKlass  @bci org/springframework/web/util/pattern/PathPattern <clinit> ()V 36 <appendix> argL0 ; # org/springframework/web/util/pattern/PathPattern$$Lambda+0x000001faad3bf088
instanceKlass  @bci org/springframework/web/util/pattern/PathPattern <clinit> ()V 26 <appendix> argL0 ; # org/springframework/web/util/pattern/PathPattern$$Lambda+0x000001faad3bee70
instanceKlass  @bci java/util/Comparator thenComparing (Ljava/util/Comparator;)Ljava/util/Comparator; 7 <appendix> member <vmtarget> ; # java/util/Comparator$$Lambda+0x000001faad1fb338
instanceKlass  @bci org/springframework/web/util/pattern/PathPattern <clinit> ()V 16 <appendix> argL0 ; # org/springframework/web/util/pattern/PathPattern$$Lambda+0x000001faad3bec58
instanceKlass  @bci org/springframework/web/util/pattern/PathPattern <clinit> ()V 8 <appendix> argL0 ; # org/springframework/web/util/pattern/PathPattern$$Lambda+0x000001faad3bea40
instanceKlass org/springframework/http/server/DefaultPathContainer$DefaultSeparator
instanceKlass org/springframework/http/server/PathContainer$Separator
instanceKlass org/springframework/http/server/PathContainer$PathSegment
instanceKlass org/springframework/http/server/PathContainer$Element
instanceKlass org/springframework/http/server/DefaultPathContainer
instanceKlass org/springframework/web/util/pattern/PathElement
instanceKlass org/springframework/web/util/pattern/InternalPathPatternParser
instanceKlass org/springframework/web/servlet/mvc/method/RequestMappingInfo$Builder
instanceKlass  @bci org/springframework/web/servlet/mvc/method/annotation/RequestMappingHandlerMapping createRequestMappingInfo (Ljava/lang/reflect/AnnotatedElement;)Lorg/springframework/web/servlet/mvc/method/RequestMappingInfo; 113 <appendix> argL0 ; # org/springframework/web/servlet/mvc/method/annotation/RequestMappingHandlerMapping$$Lambda+0x000001faad3bc290
instanceKlass  @bci org/springframework/web/servlet/mvc/method/annotation/RequestMappingHandlerMapping createRequestMappingInfo (Ljava/lang/reflect/AnnotatedElement;)Lorg/springframework/web/servlet/mvc/method/RequestMappingInfo; 52 <appendix> argL0 ; # org/springframework/web/servlet/mvc/method/annotation/RequestMappingHandlerMapping$$Lambda+0x000001faad3bc058
instanceKlass org/springframework/core/annotation/MergedAnnotationPredicates$FirstRunOfPredicate
instanceKlass  @bci org/springframework/web/servlet/mvc/method/annotation/RequestMappingHandlerMapping createRequestMappingInfo (Ljava/lang/reflect/AnnotatedElement;)Lorg/springframework/web/servlet/mvc/method/RequestMappingInfo; 39 <appendix> argL0 ; # org/springframework/web/servlet/mvc/method/annotation/RequestMappingHandlerMapping$$Lambda+0x000001faad3bbbc0
instanceKlass  @bci org/springframework/core/MethodIntrospector selectMethods (Ljava/lang/Class;Lorg/springframework/core/MethodIntrospector$MetadataLookup;)Ljava/util/Map; 102 <appendix> member <vmtarget> ; # org/springframework/core/MethodIntrospector$$Lambda+0x000001faad3bb9a0
instanceKlass org/springframework/core/MethodIntrospector
instanceKlass  @bci org/springframework/web/servlet/handler/AbstractHandlerMethodMapping detectHandlerMethods (Ljava/lang/Object;)V 42 <appendix> member <vmtarget> ; # org/springframework/web/servlet/handler/AbstractHandlerMethodMapping$$Lambda+0x000001faad3bb580
instanceKlass org/springframework/core/MethodIntrospector$MetadataLookup
instanceKlass org/springframework/web/servlet/mvc/condition/AbstractRequestCondition
instanceKlass org/springframework/web/util/pattern/PathPattern
instanceKlass org/springframework/web/service/annotation/HttpExchange
instanceKlass org/springframework/web/servlet/mvc/method/RequestMappingInfo
instanceKlass org/springframework/web/servlet/mvc/condition/RequestCondition
instanceKlass org/springframework/web/bind/annotation/CrossOrigin
instanceKlass org/springframework/web/servlet/mvc/method/annotation/RequestMappingHandlerMapping$AnnotationDescriptor
instanceKlass org/springframework/web/servlet/mvc/method/RequestMappingInfo$BuilderConfiguration
instanceKlass org/springframework/web/servlet/mvc/method/RequestMappingInfoHandlerMethodMappingNamingStrategy
instanceKlass org/springframework/web/servlet/handler/AbstractHandlerMethodMapping$MappingRegistry
instanceKlass org/springframework/http/HttpHeaders
instanceKlass org/springframework/web/servlet/mvc/method/RequestMappingInfoHandlerMapping$HttpOptionsHandler
instanceKlass  @bci org/springframework/web/cors/CorsConfiguration addAllowedOriginPattern (Ljava/lang/String;)V 26 <appendix> member <vmtarget> ; # org/springframework/web/cors/CorsConfiguration$$Lambda+0x000001faad3b8c78
instanceKlass org/springframework/web/cors/CorsConfiguration$OriginPattern
instanceKlass  @bci org/springframework/core/annotation/AnnotatedElementUtils findMergedAnnotation (Ljava/lang/reflect/AnnotatedElement;Ljava/lang/Class;)Ljava/lang/annotation/Annotation; 41 <appendix> argL0 ; # org/springframework/core/annotation/AnnotatedElementUtils$$Lambda+0x000001faad3b8628
instanceKlass  @bci org/springframework/core/annotation/AnnotatedMethod getMethodAnnotation (Ljava/lang/Class;)Ljava/lang/annotation/Annotation; 7 <appendix> member <vmtarget> ; # org/springframework/core/annotation/AnnotatedMethod$$Lambda+0x000001faad3b83e8
instanceKlass org/springframework/web/bind/annotation/ResponseStatus
instanceKlass org/springframework/web/servlet/handler/AbstractHandlerMethodMapping$EmptyHandler
instanceKlass org/springframework/core/annotation/AnnotatedMethod
instanceKlass org/springframework/web/servlet/handler/HandlerMethodMappingNamingStrategy
# instanceKlass java/lang/invoke/LambdaForm$MH+0x000001faad3b5800
# instanceKlass java/lang/invoke/LambdaForm$MH+0x000001faad3b5400
# instanceKlass java/lang/invoke/LambdaForm$MH+0x000001faad3b5000
# instanceKlass java/lang/invoke/LambdaForm$MH+0x000001faad3b4c00
# instanceKlass java/lang/invoke/LambdaForm$MH+0x000001faad3b4800
# instanceKlass java/lang/invoke/LambdaForm$MH+0x000001faad3b4400
instanceKlass org/jspecify/annotations/Nullable
instanceKlass sun/reflect/annotation/TypeAnnotation$TypeAnnotationTargetInfo
instanceKlass sun/reflect/annotation/TypeAnnotation$LocationInfo$Location
instanceKlass sun/reflect/annotation/TypeAnnotation$LocationInfo
instanceKlass sun/reflect/annotation/AnnotatedTypeFactory$AnnotatedTypeBaseImpl
instanceKlass sun/reflect/annotation/AnnotatedTypeFactory
instanceKlass sun/reflect/annotation/TypeAnnotation
instanceKlass sun/reflect/annotation/TypeAnnotationParser
instanceKlass  @bci org/springframework/boot/webmvc/autoconfigure/WebMvcAutoConfiguration$WebMvcAutoConfigurationAdapter configureApiVersioning (Lorg/springframework/web/servlet/config/annotation/ApiVersionConfigurer;)V 191 <appendix> member <vmtarget> ; # org/springframework/boot/webmvc/autoconfigure/WebMvcAutoConfiguration$WebMvcAutoConfigurationAdapter$$Lambda+0x000001faad3b33b8
instanceKlass  @bci org/springframework/boot/webmvc/autoconfigure/WebMvcAutoConfiguration$WebMvcAutoConfigurationAdapter configureApiVersioning (Lorg/springframework/web/servlet/config/annotation/ApiVersionConfigurer;)V 171 <appendix> member <vmtarget> ; # org/springframework/boot/webmvc/autoconfigure/WebMvcAutoConfiguration$WebMvcAutoConfigurationAdapter$$Lambda+0x000001faad3b3188
instanceKlass  @bci org/springframework/boot/webmvc/autoconfigure/WebMvcAutoConfiguration$WebMvcAutoConfigurationAdapter configureApiVersioning (Lorg/springframework/web/servlet/config/annotation/ApiVersionConfigurer;)V 151 <appendix> member <vmtarget> ; # org/springframework/boot/webmvc/autoconfigure/WebMvcAutoConfiguration$WebMvcAutoConfigurationAdapter$$Lambda+0x000001faad3b2f58
instanceKlass  @bci org/springframework/boot/webmvc/autoconfigure/WebMvcAutoConfiguration$WebMvcAutoConfigurationAdapter configureApiVersioningUse (Lorg/springframework/web/servlet/config/annotation/ApiVersionConfigurer;Lorg/springframework/boot/webmvc/autoconfigure/WebMvcProperties$Apiversion$Use;)V 109 <appendix> member <vmtarget> ; # org/springframework/boot/webmvc/autoconfigure/WebMvcAutoConfiguration$WebMvcAutoConfigurationAdapter$$Lambda+0x000001faad3b2d28
instanceKlass  @bci org/springframework/boot/webmvc/autoconfigure/WebMvcAutoConfiguration$WebMvcAutoConfigurationAdapter configureApiVersioningUse (Lorg/springframework/web/servlet/config/annotation/ApiVersionConfigurer;Lorg/springframework/boot/webmvc/autoconfigure/WebMvcProperties$Apiversion$Use;)V 95 <appendix> member <vmtarget> ; # org/springframework/boot/webmvc/autoconfigure/WebMvcAutoConfiguration$WebMvcAutoConfigurationAdapter$$Lambda+0x000001faad3b2b08
instanceKlass  @bci org/springframework/boot/webmvc/autoconfigure/WebMvcAutoConfiguration$WebMvcAutoConfigurationAdapter configureApiVersioningUse (Lorg/springframework/web/servlet/config/annotation/ApiVersionConfigurer;Lorg/springframework/boot/webmvc/autoconfigure/WebMvcProperties$Apiversion$Use;)V 78 <appendix> member <vmtarget> ; # org/springframework/boot/webmvc/autoconfigure/WebMvcAutoConfiguration$WebMvcAutoConfigurationAdapter$$Lambda+0x000001faad3b28d8
instanceKlass  @bci org/springframework/boot/webmvc/autoconfigure/WebMvcAutoConfiguration$WebMvcAutoConfigurationAdapter configureApiVersioningUse (Lorg/springframework/web/servlet/config/annotation/ApiVersionConfigurer;Lorg/springframework/boot/webmvc/autoconfigure/WebMvcProperties$Apiversion$Use;)V 60 <appendix> member <vmtarget> ; # org/springframework/boot/webmvc/autoconfigure/WebMvcAutoConfiguration$WebMvcAutoConfigurationAdapter$$Lambda+0x000001faad3b26a8
instanceKlass  @bci org/springframework/boot/webmvc/autoconfigure/WebMvcAutoConfiguration$WebMvcAutoConfigurationAdapter configureApiVersioningUse (Lorg/springframework/web/servlet/config/annotation/ApiVersionConfigurer;Lorg/springframework/boot/webmvc/autoconfigure/WebMvcProperties$Apiversion$Use;)V 43 <appendix> member <vmtarget> ; # org/springframework/boot/webmvc/autoconfigure/WebMvcAutoConfiguration$WebMvcAutoConfigurationAdapter$$Lambda+0x000001faad3b2488
instanceKlass  @bci org/springframework/boot/webmvc/autoconfigure/WebMvcAutoConfiguration$WebMvcAutoConfigurationAdapter configureApiVersioningUse (Lorg/springframework/web/servlet/config/annotation/ApiVersionConfigurer;Lorg/springframework/boot/webmvc/autoconfigure/WebMvcProperties$Apiversion$Use;)V 28 <appendix> member <vmtarget> ; # org/springframework/boot/webmvc/autoconfigure/WebMvcAutoConfiguration$WebMvcAutoConfigurationAdapter$$Lambda+0x000001faad3b2258
instanceKlass  @bci org/springframework/boot/webmvc/autoconfigure/WebMvcAutoConfiguration$WebMvcAutoConfigurationAdapter configureApiVersioningUse (Lorg/springframework/web/servlet/config/annotation/ApiVersionConfigurer;Lorg/springframework/boot/webmvc/autoconfigure/WebMvcProperties$Apiversion$Use;)V 11 <appendix> member <vmtarget> ; # org/springframework/boot/webmvc/autoconfigure/WebMvcAutoConfiguration$WebMvcAutoConfigurationAdapter$$Lambda+0x000001faad3b2038
instanceKlass  @bci org/springframework/boot/webmvc/autoconfigure/WebMvcAutoConfiguration$WebMvcAutoConfigurationAdapter configureApiVersioning (Lorg/springframework/web/servlet/config/annotation/ApiVersionConfigurer;)V 115 <appendix> member <vmtarget> ; # org/springframework/boot/webmvc/autoconfigure/WebMvcAutoConfiguration$WebMvcAutoConfigurationAdapter$$Lambda+0x000001faad3b1e08
instanceKlass  @bci org/springframework/boot/webmvc/autoconfigure/WebMvcAutoConfiguration$WebMvcAutoConfigurationAdapter configureApiVersioning (Lorg/springframework/web/servlet/config/annotation/ApiVersionConfigurer;)V 101 <appendix> member <vmtarget> ; # org/springframework/boot/webmvc/autoconfigure/WebMvcAutoConfiguration$WebMvcAutoConfigurationAdapter$$Lambda+0x000001faad3b1be8
instanceKlass  @bci org/springframework/boot/webmvc/autoconfigure/WebMvcAutoConfiguration$WebMvcAutoConfigurationAdapter configureApiVersioning (Lorg/springframework/web/servlet/config/annotation/ApiVersionConfigurer;)V 86 <appendix> member <vmtarget> ; # org/springframework/boot/webmvc/autoconfigure/WebMvcAutoConfiguration$WebMvcAutoConfigurationAdapter$$Lambda+0x000001faad3b19b8
instanceKlass  @bci org/springframework/boot/webmvc/autoconfigure/WebMvcAutoConfiguration$WebMvcAutoConfigurationAdapter configureApiVersioning (Lorg/springframework/web/servlet/config/annotation/ApiVersionConfigurer;)V 77 <appendix> member <vmtarget> ; # org/springframework/boot/webmvc/autoconfigure/WebMvcAutoConfiguration$WebMvcAutoConfigurationAdapter$$Lambda+0x000001faad3b1798
instanceKlass  @bci org/springframework/boot/webmvc/autoconfigure/WebMvcAutoConfiguration$WebMvcAutoConfigurationAdapter configureApiVersioning (Lorg/springframework/web/servlet/config/annotation/ApiVersionConfigurer;)V 62 <appendix> member <vmtarget> ; # org/springframework/boot/webmvc/autoconfigure/WebMvcAutoConfiguration$WebMvcAutoConfigurationAdapter$$Lambda+0x000001faad3b1568
instanceKlass  @bci org/springframework/boot/webmvc/autoconfigure/WebMvcAutoConfiguration$WebMvcAutoConfigurationAdapter configureApiVersioning (Lorg/springframework/web/servlet/config/annotation/ApiVersionConfigurer;)V 48 <appendix> member <vmtarget> ; # org/springframework/boot/webmvc/autoconfigure/WebMvcAutoConfiguration$WebMvcAutoConfigurationAdapter$$Lambda+0x000001faad3b1348
instanceKlass  @bci org/springframework/boot/webmvc/autoconfigure/WebMvcAutoConfiguration$WebMvcAutoConfigurationAdapter configureApiVersioning (Lorg/springframework/web/servlet/config/annotation/ApiVersionConfigurer;)V 33 <appendix> member <vmtarget> ; # org/springframework/boot/webmvc/autoconfigure/WebMvcAutoConfiguration$WebMvcAutoConfigurationAdapter$$Lambda+0x000001faad3b1118
instanceKlass  @cpi org/springframework/boot/webmvc/autoconfigure/WebMvcAutoConfiguration$WebMvcAutoConfigurationAdapter 756 form vmentry <vmtarget> ; # java/lang/invoke/LambdaForm$DMH+0x000001faad3b4000
instanceKlass  @bci org/springframework/boot/webmvc/autoconfigure/WebMvcAutoConfiguration$WebMvcAutoConfigurationAdapter configureApiVersioning (Lorg/springframework/web/servlet/config/annotation/ApiVersionConfigurer;)V 19 <appendix> member <vmtarget> ; # org/springframework/boot/webmvc/autoconfigure/WebMvcAutoConfiguration$WebMvcAutoConfigurationAdapter$$Lambda+0x000001faad3b0ef8
instanceKlass org/springframework/web/context/request/NativeWebRequest
instanceKlass  @bci org/springframework/web/accept/MappingMediaTypeFileExtensionResolver addMapping (Ljava/lang/String;Lorg/springframework/http/MediaType;)V 32 <appendix> argL0 ; # org/springframework/web/accept/MappingMediaTypeFileExtensionResolver$$Lambda+0x000001faad3b0ac8
instanceKlass  @bci org/springframework/web/accept/MappingMediaTypeFileExtensionResolver <init> (Ljava/util/Map;)V 57 <appendix> member <vmtarget> ; # org/springframework/web/accept/MappingMediaTypeFileExtensionResolver$$Lambda+0x000001faad3b0898
instanceKlass org/springframework/web/accept/MappingMediaTypeFileExtensionResolver
instanceKlass org/springframework/web/accept/HeaderContentNegotiationStrategy
instanceKlass  @bci org/springframework/web/accept/ContentNegotiationManagerFactoryBean addMediaTypes (Ljava/util/Map;)V 6 <appendix> member <vmtarget> ; # org/springframework/web/accept/ContentNegotiationManagerFactoryBean$$Lambda+0x000001faad3b0000
instanceKlass  @bci org/springframework/boot/webmvc/autoconfigure/WebMvcAutoConfiguration$WebMvcAutoConfigurationAdapter configureContentNegotiation (Lorg/springframework/web/servlet/config/annotation/ContentNegotiationConfigurer;)V 45 <appendix> member <vmtarget> ; # org/springframework/boot/webmvc/autoconfigure/WebMvcAutoConfiguration$WebMvcAutoConfigurationAdapter$$Lambda+0x000001faad3afca0
instanceKlass  @bci org/springframework/web/servlet/config/annotation/WebMvcConfigurationSupport getDefaultMediaTypes ()Ljava/util/Map; 20 <appendix> argL0 ; # org/springframework/web/servlet/config/annotation/WebMvcConfigurationSupport$$Lambda+0x000001faad3afa68
instanceKlass  @bci org/springframework/web/servlet/config/annotation/WebMvcConfigurationSupport addDefaultHttpMessageConverters (Ljava/util/List;)V 12 <appendix> member <vmtarget> ; # org/springframework/web/servlet/config/annotation/WebMvcConfigurationSupport$$Lambda+0x000001faad3af838
instanceKlass org/springframework/http/converter/GenericHttpMessageConverter
instanceKlass  @bci org/springframework/boot/http/converter/autoconfigure/DefaultServerHttpMessageConvertersCustomizer customize (Lorg/springframework/http/converter/HttpMessageConverters$ServerBuilder;)V 40 <appendix> member <vmtarget> ; # org/springframework/boot/http/converter/autoconfigure/DefaultServerHttpMessageConvertersCustomizer$$Lambda+0x000001faad3aed80
instanceKlass  @bci org/springframework/boot/webmvc/autoconfigure/WebMvcAutoConfiguration$WebMvcAutoConfigurationAdapter configureMessageConverters (Lorg/springframework/http/converter/HttpMessageConverters$ServerBuilder;)V 10 <appendix> member <vmtarget> ; # org/springframework/boot/webmvc/autoconfigure/WebMvcAutoConfiguration$WebMvcAutoConfigurationAdapter$$Lambda+0x000001faad3aeb50
instanceKlass org/springframework/boot/http/converter/autoconfigure/DefaultServerHttpMessageConvertersCustomizer
instanceKlass org/springframework/boot/http/converter/autoconfigure/HttpMessageConverters
instanceKlass tools/jackson/databind/jsonFormatVisitors/JsonFormatVisitorWrapper
instanceKlass tools/jackson/databind/jsonFormatVisitors/WithSettableSerializationContext
instanceKlass tools/jackson/databind/jsonFormatVisitors/WithGettableSerializationContext
instanceKlass tools/jackson/databind/MappingIterator
instanceKlass tools/jackson/core/type/TypeReference
instanceKlass tools/jackson/databind/ObjectWriter
instanceKlass tools/jackson/databind/ObjectReader
instanceKlass  @bci tools/jackson/databind/cfg/MapperBuilder saveStateApplyModules ()Ltools/jackson/databind/cfg/MapperBuilderState; 44 <appendix> member <vmtarget> ; # tools/jackson/databind/cfg/MapperBuilder$$Lambda+0x000001faad3aaa70
instanceKlass tools/jackson/databind/util/LinkedNode
instanceKlass tools/jackson/databind/EnumNamingStrategy
instanceKlass tools/jackson/databind/type/TypeModifier
instanceKlass tools/jackson/databind/InjectableValues
instanceKlass tools/jackson/databind/deser/DeserializationProblemHandler
instanceKlass  @bci org/springframework/boot/jackson/autoconfigure/JacksonAutoConfiguration$JacksonJsonCustomizerConfiguration$StandardJsonMapperBuilderCustomizer customize (Ltools/jackson/databind/json/JsonMapper$Builder;)V 49 <appendix> member <vmtarget> ; # org/springframework/boot/jackson/autoconfigure/JacksonAutoConfiguration$JacksonJsonCustomizerConfiguration$StandardJsonMapperBuilderCustomizer$$Lambda+0x000001faad3a9558
instanceKlass  @bci org/springframework/boot/jackson/autoconfigure/JacksonAutoConfiguration$JacksonJsonCustomizerConfiguration$StandardJsonMapperBuilderCustomizer customize (Ltools/jackson/databind/json/JsonMapper$Builder;)V 23 <appendix> member <vmtarget> ; # org/springframework/boot/jackson/autoconfigure/JacksonAutoConfiguration$JacksonJsonCustomizerConfiguration$StandardJsonMapperBuilderCustomizer$$Lambda+0x000001faad3a9328
instanceKlass tools/jackson/databind/cfg/ConstructorDetector
instanceKlass org/springframework/boot/jackson/autoconfigure/JacksonAutoConfiguration$1
instanceKlass  @bci org/springframework/boot/jackson/autoconfigure/JacksonAutoConfiguration$AbstractMapperBuilderCustomizer customize (Ltools/jackson/databind/cfg/MapperBuilder;)V 333 <appendix> member <vmtarget> ; # org/springframework/boot/jackson/autoconfigure/JacksonAutoConfiguration$AbstractMapperBuilderCustomizer$$Lambda+0x000001faad3a88c0
instanceKlass  @bci org/springframework/boot/jackson/autoconfigure/JacksonAutoConfiguration$AbstractMapperBuilderCustomizer customize (Ltools/jackson/databind/cfg/MapperBuilder;)V 310 <appendix> member <vmtarget> ; # org/springframework/boot/jackson/autoconfigure/JacksonAutoConfiguration$AbstractMapperBuilderCustomizer$$Lambda+0x000001faad3a8690
instanceKlass  @bci org/springframework/boot/jackson/autoconfigure/JacksonAutoConfiguration$AbstractMapperBuilderCustomizer customize (Ltools/jackson/databind/cfg/MapperBuilder;)V 287 <appendix> member <vmtarget> ; # org/springframework/boot/jackson/autoconfigure/JacksonAutoConfiguration$AbstractMapperBuilderCustomizer$$Lambda+0x000001faad3a8460
instanceKlass  @bci org/springframework/boot/jackson/autoconfigure/JacksonAutoConfiguration$AbstractMapperBuilderCustomizer customize (Ltools/jackson/databind/cfg/MapperBuilder;)V 261 <appendix> member <vmtarget> ; # org/springframework/boot/jackson/autoconfigure/JacksonAutoConfiguration$AbstractMapperBuilderCustomizer$$Lambda+0x000001faad3a8230
instanceKlass  @bci org/springframework/boot/jackson/autoconfigure/JacksonAutoConfiguration$AbstractMapperBuilderCustomizer customize (Ltools/jackson/databind/cfg/MapperBuilder;)V 235 <appendix> member <vmtarget> ; # org/springframework/boot/jackson/autoconfigure/JacksonAutoConfiguration$AbstractMapperBuilderCustomizer$$Lambda+0x000001faad3a8000
instanceKlass  @bci org/springframework/boot/jackson/autoconfigure/JacksonAutoConfiguration$AbstractMapperBuilderCustomizer customize (Ltools/jackson/databind/cfg/MapperBuilder;)V 209 <appendix> member <vmtarget> ; # org/springframework/boot/jackson/autoconfigure/JacksonAutoConfiguration$AbstractMapperBuilderCustomizer$$Lambda+0x000001faad3a5400
instanceKlass  @bci org/springframework/boot/jackson/autoconfigure/JacksonAutoConfiguration$AbstractMapperBuilderCustomizer customize (Ltools/jackson/databind/cfg/MapperBuilder;)V 186 <appendix> member <vmtarget> ; # org/springframework/boot/jackson/autoconfigure/JacksonAutoConfiguration$AbstractMapperBuilderCustomizer$$Lambda+0x000001faad3a5c60
instanceKlass  @bci org/springframework/boot/jackson/autoconfigure/JacksonAutoConfiguration$AbstractMapperBuilderCustomizer configureFeatures (Ltools/jackson/databind/cfg/MapperBuilder;Ljava/util/Map;Ljava/util/function/BiConsumer;)V 2 <appendix> member <vmtarget> ; # org/springframework/boot/jackson/autoconfigure/JacksonAutoConfiguration$AbstractMapperBuilderCustomizer$$Lambda+0x000001faad3a5a30
instanceKlass  @bci org/springframework/boot/jackson/autoconfigure/JacksonAutoConfiguration$AbstractMapperBuilderCustomizer customize (Ltools/jackson/databind/cfg/MapperBuilder;)V 163 <appendix> member <vmtarget> ; # org/springframework/boot/jackson/autoconfigure/JacksonAutoConfiguration$AbstractMapperBuilderCustomizer$$Lambda+0x000001faad3a5800
instanceKlass  @cpi org/springframework/boot/jackson/autoconfigure/JacksonAutoConfiguration$AbstractMapperBuilderCustomizer 512 form vmentry <vmtarget> ; # java/lang/invoke/LambdaForm$DMH+0x000001faad3a5000
instanceKlass java/util/EnumMap$EnumMapIterator
instanceKlass  @bci org/springframework/boot/jackson/autoconfigure/JacksonAutoConfiguration$AbstractMapperBuilderCustomizer configureVisibility (Ltools/jackson/databind/cfg/MapperBuilder;Ljava/util/Map;)V 2 <appendix> member <vmtarget> ; # org/springframework/boot/jackson/autoconfigure/JacksonAutoConfiguration$AbstractMapperBuilderCustomizer$$Lambda+0x000001faad3a7cf0
instanceKlass  @bci org/springframework/boot/jackson/autoconfigure/JacksonAutoConfiguration jsonMapperBuilder (Lorg/springframework/beans/factory/ObjectProvider;Ltools/jackson/core/json/JsonFactory;)Ltools/jackson/databind/json/JsonMapper$Builder; 12 <appendix> member <vmtarget> ; # org/springframework/boot/jackson/autoconfigure/JacksonAutoConfiguration$$Lambda+0x000001faad3a7ac0
instanceKlass org/springframework/boot/jackson/JacksonComponent
instanceKlass tools/jackson/databind/deser/ValueInstantiator
instanceKlass tools/jackson/databind/PropertyNamingStrategy
instanceKlass tools/jackson/databind/jsontype/NamedType
instanceKlass  @bci org/springframework/boot/jackson/JacksonMixinModuleEntries doWithEntry (Ljava/lang/ClassLoader;Ljava/util/function/BiConsumer;)V 7 <appendix> member <vmtarget> ; # org/springframework/boot/jackson/JacksonMixinModuleEntries$$Lambda+0x000001faad3a6450
instanceKlass  @bci org/springframework/boot/jackson/JacksonMixinModule registerEntries (Lorg/springframework/boot/jackson/JacksonMixinModuleEntries;Ljava/lang/ClassLoader;)V 3 <appendix> member <vmtarget> ; # org/springframework/boot/jackson/JacksonMixinModule$$Lambda+0x000001faad3a6220
# instanceKlass java/lang/invoke/LambdaForm$MH+0x000001faad3a4c00
# instanceKlass java/lang/invoke/LambdaForm$MH+0x000001faad3a4800
# instanceKlass java/lang/invoke/LambdaForm$MH+0x000001faad3a4400
instanceKlass org/springframework/boot/jackson/JacksonMixin
instanceKlass  @bci org/springframework/boot/jackson/JacksonMixinModuleEntries scan (Lorg/springframework/context/ApplicationContext;Ljava/util/Collection;)Lorg/springframework/boot/jackson/JacksonMixinModuleEntries; 2 <appendix> member <vmtarget> ; # org/springframework/boot/jackson/JacksonMixinModuleEntries$$Lambda+0x000001faad3a37a0
instanceKlass org/springframework/boot/jackson/JacksonMixinModuleEntries$Builder
instanceKlass tools/jackson/databind/cfg/HandlerInstantiator
instanceKlass  @cpi org/springframework/boot/webmvc/autoconfigure/WebMvcAutoConfiguration$WebMvcAutoConfigurationAdapter 735 form vmentry <vmtarget> ; # java/lang/invoke/LambdaForm$DMH+0x000001faad3a4000
instanceKlass tools/jackson/core/util/BufferRecycler
instanceKlass tools/jackson/core/io/OutputDecorator
instanceKlass tools/jackson/core/io/InputDecorator
instanceKlass tools/jackson/core/io/ContentReference
instanceKlass tools/jackson/core/io/CharacterEscapes
instanceKlass tools/jackson/core/io/IOContext
instanceKlass tools/jackson/core/FormatSchema
instanceKlass tools/jackson/core/Version
instanceKlass  @bci org/springframework/boot/jackson/autoconfigure/JacksonAutoConfiguration$AbstractFactoryBuilderCustomizer writeConstraintsFrom (Lorg/springframework/boot/jackson/autoconfigure/JacksonProperties$Factory$Constraints$Write;)Ltools/jackson/core/StreamWriteConstraints; 29 <appendix> member <vmtarget> ; # org/springframework/boot/jackson/autoconfigure/JacksonAutoConfiguration$AbstractFactoryBuilderCustomizer$$Lambda+0x000001faad3a1be0
instanceKlass  @bci org/springframework/boot/jackson/autoconfigure/JacksonAutoConfiguration$AbstractFactoryBuilderCustomizer writeConstraintsFrom (Lorg/springframework/boot/jackson/autoconfigure/JacksonProperties$Factory$Constraints$Write;)Ltools/jackson/core/StreamWriteConstraints; 15 <appendix> member <vmtarget> ; # org/springframework/boot/jackson/autoconfigure/JacksonAutoConfiguration$AbstractFactoryBuilderCustomizer$$Lambda+0x000001faad3a19c0
instanceKlass tools/jackson/core/StreamWriteConstraints$Builder
instanceKlass  @bci org/springframework/boot/jackson/autoconfigure/JacksonAutoConfiguration$AbstractFactoryBuilderCustomizer readConstraintsFrom (Lorg/springframework/boot/jackson/autoconfigure/JacksonProperties$Factory$Constraints$Read;)Ltools/jackson/core/StreamReadConstraints; 174 <appendix> member <vmtarget> ; # org/springframework/boot/jackson/autoconfigure/JacksonAutoConfiguration$AbstractFactoryBuilderCustomizer$$Lambda+0x000001faad3a1590
instanceKlass  @bci org/springframework/boot/jackson/autoconfigure/JacksonAutoConfiguration$AbstractFactoryBuilderCustomizer readConstraintsFrom (Lorg/springframework/boot/jackson/autoconfigure/JacksonProperties$Factory$Constraints$Read;)Ltools/jackson/core/StreamReadConstraints; 160 <appendix> member <vmtarget> ; # org/springframework/boot/jackson/autoconfigure/JacksonAutoConfiguration$AbstractFactoryBuilderCustomizer$$Lambda+0x000001faad3a1370
instanceKlass  @bci org/springframework/boot/jackson/autoconfigure/JacksonAutoConfiguration$AbstractFactoryBuilderCustomizer readConstraintsFrom (Lorg/springframework/boot/jackson/autoconfigure/JacksonProperties$Factory$Constraints$Read;)Ltools/jackson/core/StreamReadConstraints; 145 <appendix> member <vmtarget> ; # org/springframework/boot/jackson/autoconfigure/JacksonAutoConfiguration$AbstractFactoryBuilderCustomizer$$Lambda+0x000001faad3a1140
instanceKlass  @bci org/springframework/boot/jackson/autoconfigure/JacksonAutoConfiguration$AbstractFactoryBuilderCustomizer readConstraintsFrom (Lorg/springframework/boot/jackson/autoconfigure/JacksonProperties$Factory$Constraints$Read;)Ltools/jackson/core/StreamReadConstraints; 131 <appendix> member <vmtarget> ; # org/springframework/boot/jackson/autoconfigure/JacksonAutoConfiguration$AbstractFactoryBuilderCustomizer$$Lambda+0x000001faad3a0f20
instanceKlass  @bci org/springframework/boot/jackson/autoconfigure/JacksonAutoConfiguration$AbstractFactoryBuilderCustomizer readConstraintsFrom (Lorg/springframework/boot/jackson/autoconfigure/JacksonProperties$Factory$Constraints$Read;)Ltools/jackson/core/StreamReadConstraints; 116 <appendix> member <vmtarget> ; # org/springframework/boot/jackson/autoconfigure/JacksonAutoConfiguration$AbstractFactoryBuilderCustomizer$$Lambda+0x000001faad3a0cf0
instanceKlass  @bci org/springframework/boot/jackson/autoconfigure/JacksonAutoConfiguration$AbstractFactoryBuilderCustomizer readConstraintsFrom (Lorg/springframework/boot/jackson/autoconfigure/JacksonProperties$Factory$Constraints$Read;)Ltools/jackson/core/StreamReadConstraints; 102 <appendix> member <vmtarget> ; # org/springframework/boot/jackson/autoconfigure/JacksonAutoConfiguration$AbstractFactoryBuilderCustomizer$$Lambda+0x000001faad3a0ad0
instanceKlass  @bci org/springframework/boot/jackson/autoconfigure/JacksonAutoConfiguration$AbstractFactoryBuilderCustomizer readConstraintsFrom (Lorg/springframework/boot/jackson/autoconfigure/JacksonProperties$Factory$Constraints$Read;)Ltools/jackson/core/StreamReadConstraints; 87 <appendix> member <vmtarget> ; # org/springframework/boot/jackson/autoconfigure/JacksonAutoConfiguration$AbstractFactoryBuilderCustomizer$$Lambda+0x000001faad3a08a0
instanceKlass  @bci org/springframework/boot/jackson/autoconfigure/JacksonAutoConfiguration$AbstractFactoryBuilderCustomizer readConstraintsFrom (Lorg/springframework/boot/jackson/autoconfigure/JacksonProperties$Factory$Constraints$Read;)Ltools/jackson/core/StreamReadConstraints; 73 <appendix> member <vmtarget> ; # org/springframework/boot/jackson/autoconfigure/JacksonAutoConfiguration$AbstractFactoryBuilderCustomizer$$Lambda+0x000001faad3a0680
instanceKlass  @bci org/springframework/boot/jackson/autoconfigure/JacksonAutoConfiguration$AbstractFactoryBuilderCustomizer readConstraintsFrom (Lorg/springframework/boot/jackson/autoconfigure/JacksonProperties$Factory$Constraints$Read;)Ltools/jackson/core/StreamReadConstraints; 58 <appendix> member <vmtarget> ; # org/springframework/boot/jackson/autoconfigure/JacksonAutoConfiguration$AbstractFactoryBuilderCustomizer$$Lambda+0x000001faad3a0450
instanceKlass  @bci org/springframework/boot/jackson/autoconfigure/JacksonAutoConfiguration$AbstractFactoryBuilderCustomizer readConstraintsFrom (Lorg/springframework/boot/jackson/autoconfigure/JacksonProperties$Factory$Constraints$Read;)Ltools/jackson/core/StreamReadConstraints; 44 <appendix> member <vmtarget> ; # org/springframework/boot/jackson/autoconfigure/JacksonAutoConfiguration$AbstractFactoryBuilderCustomizer$$Lambda+0x000001faad3a0230
instanceKlass  @bci org/springframework/boot/jackson/autoconfigure/JacksonAutoConfiguration$AbstractFactoryBuilderCustomizer readConstraintsFrom (Lorg/springframework/boot/jackson/autoconfigure/JacksonProperties$Factory$Constraints$Read;)Ltools/jackson/core/StreamReadConstraints; 29 <appendix> member <vmtarget> ; # org/springframework/boot/jackson/autoconfigure/JacksonAutoConfiguration$AbstractFactoryBuilderCustomizer$$Lambda+0x000001faad3a0000
instanceKlass  @bci org/springframework/boot/jackson/autoconfigure/JacksonAutoConfiguration$AbstractFactoryBuilderCustomizer readConstraintsFrom (Lorg/springframework/boot/jackson/autoconfigure/JacksonProperties$Factory$Constraints$Read;)Ltools/jackson/core/StreamReadConstraints; 15 <appendix> member <vmtarget> ; # org/springframework/boot/jackson/autoconfigure/JacksonAutoConfiguration$AbstractFactoryBuilderCustomizer$$Lambda+0x000001faad398c30
instanceKlass tools/jackson/core/StreamReadConstraints$Builder
instanceKlass  @bci org/springframework/boot/jackson/autoconfigure/JacksonAutoConfiguration jsonFactory (Lorg/springframework/beans/factory/ObjectProvider;)Ltools/jackson/core/json/JsonFactory; 11 <appendix> member <vmtarget> ; # org/springframework/boot/jackson/autoconfigure/JacksonAutoConfiguration$$Lambda+0x000001faad398800
instanceKlass org/springframework/boot/jackson/autoconfigure/JacksonProperties$Factory$Constraints$Write
instanceKlass org/springframework/boot/jackson/autoconfigure/JacksonProperties$Factory$Constraints$Read
instanceKlass org/springframework/boot/jackson/autoconfigure/JacksonProperties$Factory$Constraints
instanceKlass org/springframework/web/accept/ContentNegotiationManagerFactoryBean
instanceKlass  @bci org/springframework/core/annotation/AnnotationUtils getAnnotationAttributes (Ljava/lang/reflect/AnnotatedElement;Ljava/lang/annotation/Annotation;ZZ)Lorg/springframework/core/annotation/AnnotationAttributes; 17 <appendix> argL0 ; # org/springframework/core/annotation/AnnotationUtils$$Lambda+0x000001faad39b7f8
instanceKlass  @bci org/springframework/core/annotation/TypeMappedAnnotation from (Ljava/lang/Object;Ljava/lang/annotation/Annotation;)Lorg/springframework/core/annotation/MergedAnnotation; 29 <appendix> argL0 ; # org/springframework/core/annotation/TypeMappedAnnotation$$Lambda+0x000001faad39b5e0
instanceKlass  @bci org/springframework/core/annotation/AnnotationUtils getAnnotation (Ljava/lang/reflect/AnnotatedElement;Ljava/lang/Class;)Ljava/lang/annotation/Annotation; 48 <appendix> argL0 ; # org/springframework/core/annotation/AnnotationUtils$$Lambda+0x000001faad39b398
instanceKlass  @bci org/springframework/core/annotation/AnnotationUtils findAnnotation (Ljava/lang/Class;Ljava/lang/Class;)Ljava/lang/annotation/Annotation; 81 <appendix> argL0 ; # org/springframework/core/annotation/AnnotationUtils$$Lambda+0x000001faad39b150
instanceKlass org/springframework/web/servlet/config/annotation/WebMvcConfigurationSupport$NoOpValidator
instanceKlass org/springframework/web/servlet/view/DefaultRequestToViewNameTranslator
instanceKlass org/springframework/web/servlet/support/AbstractFlashMapManager
instanceKlass org/springframework/web/servlet/i18n/AbstractLocaleResolver
instanceKlass  @bci org/springframework/boot/webmvc/autoconfigure/WebMvcAutoConfiguration$EnableWebMvcConfiguration welcomePageNotAcceptableHandlerMapping (Lorg/springframework/context/ApplicationContext;Lorg/springframework/format/support/FormattingConversionService;Lorg/springframework/web/servlet/resource/ResourceUrlProvider;)Lorg/springframework/boot/webmvc/autoconfigure/WelcomePageNotAcceptableHandlerMapping; 4 <appendix> argL0 ; # org/springframework/boot/webmvc/autoconfigure/WebMvcAutoConfiguration$EnableWebMvcConfiguration$$Lambda+0x000001faad39f2e0
instanceKlass org/springframework/web/servlet/handler/MappedInterceptor
instanceKlass org/springframework/web/accept/ApiVersionHolder
instanceKlass org/springframework/web/cors/CorsConfiguration
instanceKlass org/springframework/http/server/RequestPath
instanceKlass io/micrometer/observation/Observation$Context
instanceKlass io/micrometer/observation/Observation$ContextView
instanceKlass io/micrometer/observation/transport/ResponseContext
instanceKlass org/springframework/web/servlet/handler/RequestMatchResult
instanceKlass  @bci org/springframework/web/servlet/config/annotation/InterceptorRegistry lambda$static$0 (Ljava/lang/Object;)Ljava/lang/Object; 18 <appendix> member <vmtarget> ; # org/springframework/web/servlet/config/annotation/InterceptorRegistry$$Lambda+0x000001faad39ce88
instanceKlass  @bci org/springframework/web/servlet/config/annotation/InterceptorRegistry getInterceptors ()Ljava/util/List; 17 <appendix> argL0 ; # org/springframework/web/servlet/config/annotation/InterceptorRegistry$$Lambda+0x000001faad39cc50
instanceKlass org/springframework/web/servlet/resource/ResourceUrlProviderExposingInterceptor
instanceKlass org/springframework/web/servlet/config/annotation/InterceptorRegistration
instanceKlass org/springframework/web/servlet/handler/ConversionServiceExposingInterceptor
instanceKlass  @bci org/springframework/web/servlet/config/annotation/InterceptorRegistry <clinit> ()V 3 <appendix> argL0 ; # org/springframework/web/servlet/config/annotation/InterceptorRegistry$$Lambda+0x000001faad397c60
instanceKlass org/springframework/boot/webmvc/autoconfigure/WelcomePage
instanceKlass org/springframework/http/server/ServerHttpResponse
instanceKlass org/springframework/web/cors/DefaultCorsProcessor
instanceKlass org/springframework/http/server/PathContainer$Options
instanceKlass  @bci org/springframework/boot/webmvc/autoconfigure/WebMvcAutoConfiguration$EnableWebMvcConfiguration welcomePageHandlerMapping (Lorg/springframework/context/ApplicationContext;Lorg/springframework/format/support/FormattingConversionService;Lorg/springframework/web/servlet/resource/ResourceUrlProvider;)Lorg/springframework/boot/webmvc/autoconfigure/WelcomePageHandlerMapping; 4 <appendix> argL0 ; # org/springframework/boot/webmvc/autoconfigure/WebMvcAutoConfiguration$EnableWebMvcConfiguration$$Lambda+0x000001faad396fb8
instanceKlass org/springframework/http/server/PathContainer
instanceKlass org/springframework/web/cors/CorsProcessor
# instanceKlass java/lang/invoke/LambdaForm$MH+0x000001faad398400
# instanceKlass java/lang/invoke/LambdaForm$MH+0x000001faad398000
# instanceKlass java/lang/invoke/LambdaForm$MH+0x000001faad393c00
# instanceKlass java/lang/invoke/LambdaForm$MH+0x000001faad393800
instanceKlass org/springframework/web/servlet/resource/ResourceResolverChain
instanceKlass org/springframework/boot/autoconfigure/web/format/DateTimeFormatters
# instanceKlass java/lang/invoke/LambdaForm$MH+0x000001faad393400
# instanceKlass java/lang/invoke/LambdaForm$MH+0x000001faad393000
# instanceKlass java/lang/invoke/LambdaForm$MH+0x000001faad392c00
# instanceKlass java/lang/invoke/LambdaForm$MH+0x000001faad392800
# instanceKlass java/lang/invoke/LambdaForm$MH+0x000001faad392400
# instanceKlass java/lang/invoke/LambdaForm$DMH+0x000001faad392000
instanceKlass org/springframework/web/accept/ApiVersionDeprecationHandler
instanceKlass org/springframework/web/accept/ApiVersionParser
instanceKlass org/springframework/beans/factory/annotation/InjectionMetadata$InjectedElement
instanceKlass org/springframework/web/servlet/config/annotation/WebMvcConfigurerComposite
# instanceKlass java/lang/invoke/LambdaForm$MH+0x000001faad391c00
# instanceKlass java/lang/invoke/LambdaForm$MH+0x000001faad391800
# instanceKlass java/lang/invoke/LambdaForm$MH+0x000001faad391400
# instanceKlass java/lang/invoke/LambdaForm$MH+0x000001faad391000
# instanceKlass java/lang/invoke/LambdaForm$MH+0x000001faad390c00
instanceKlass org/springframework/boot/webmvc/autoconfigure/WebMvcAutoConfiguration$ResourceHandlerRegistrationCustomizer
instanceKlass org/springframework/boot/webmvc/autoconfigure/WebMvcRegistrations
instanceKlass org/springframework/web/bind/annotation/ExceptionHandler
instanceKlass org/springframework/http/HttpEntity
# instanceKlass java/lang/invoke/LambdaForm$MH+0x000001faad390800
# instanceKlass java/lang/invoke/LambdaForm$MH+0x000001faad390400
# instanceKlass java/lang/invoke/LambdaForm$MH+0x000001faad390000
instanceKlass org/springframework/validation/BindingResult
instanceKlass org/springframework/boot/web/error/ErrorAttributeOptions
instanceKlass org/springframework/validation/method/MethodValidationResult
instanceKlass org/springframework/http/HttpStatusCode
instanceKlass org/springframework/context/support/MessageSourceAccessor
instanceKlass  @bci org/springframework/util/MimeType createParametersMap (Ljava/util/Map;)Ljava/util/Map; 27 <appendix> member <vmtarget> ; # org/springframework/util/MimeType$$Lambda+0x000001faad38ad48
instanceKlass org/springframework/util/LinkedCaseInsensitiveMap
instanceKlass org/springframework/boot/webmvc/autoconfigure/error/ErrorMvcAutoConfiguration$StaticView
instanceKlass org/springframework/aop/interceptor/AsyncUncaughtExceptionHandler
instanceKlass  @bci org/springframework/boot/task/SimpleAsyncTaskExecutorBuilder append (Ljava/util/Set;Ljava/lang/Iterable;)Ljava/util/Set; 26 <appendix> member <vmtarget> ; # org/springframework/boot/task/SimpleAsyncTaskExecutorBuilder$$Lambda+0x000001faad38fb78
instanceKlass  @bci org/springframework/boot/autoconfigure/task/TaskExecutorConfigurations$SimpleAsyncTaskExecutorBuilderConfiguration builder ()Lorg/springframework/boot/task/SimpleAsyncTaskExecutorBuilder; 35 <appendix> member <vmtarget> ; # org/springframework/boot/autoconfigure/task/TaskExecutorConfigurations$SimpleAsyncTaskExecutorBuilderConfiguration$$Lambda+0x000001faad38f938
# instanceKlass java/lang/invoke/LambdaForm$MH+0x000001faad389800
# instanceKlass java/lang/invoke/LambdaForm$MH+0x000001faad389400
instanceKlass org/springframework/boot/task/SimpleAsyncTaskExecutorCustomizer
instanceKlass  @bci org/springframework/boot/validation/beanvalidation/MethodValidationExcludeFilter byAnnotation (Ljava/lang/Class;Lorg/springframework/core/annotation/MergedAnnotations$SearchStrategy;)Lorg/springframework/boot/validation/beanvalidation/MethodValidationExcludeFilter; 2 <appendix> member <vmtarget> ; # org/springframework/boot/validation/beanvalidation/MethodValidationExcludeFilter$$Lambda+0x000001faad38f520
# instanceKlass java/lang/invoke/LambdaForm$MH+0x000001faad389000
# instanceKlass java/lang/invoke/LambdaForm$MH+0x000001faad388c00
instanceKlass  @bci org/springframework/core/convert/TypeDescriptor <init> (Lorg/springframework/core/MethodParameter;)V 29 <appendix> member <vmtarget> ; # org/springframework/core/convert/TypeDescriptor$$Lambda+0x000001faad38f098
instanceKlass com/bookstore/model/Book
instanceKlass org/springframework/web/servlet/mvc/support/RedirectAttributes
instanceKlass org/springframework/ui/Model
instanceKlass org/springframework/context/weaving/LoadTimeWeaverAware
instanceKlass org/springframework/beans/factory/BeanFactoryInitializer
instanceKlass org/springframework/scheduling/concurrent/ExecutorLifecycleDelegate
instanceKlass  @bci org/springframework/boot/task/ThreadPoolTaskExecutorBuilder configure (Lorg/springframework/scheduling/concurrent/ThreadPoolTaskExecutor;)Lorg/springframework/scheduling/concurrent/ThreadPoolTaskExecutor; 235 <appendix> member <vmtarget> ; # org/springframework/boot/task/ThreadPoolTaskExecutorBuilder$$Lambda+0x000001faad38d7e0
instanceKlass  @bci org/springframework/boot/task/ThreadPoolTaskExecutorBuilder configure (Lorg/springframework/scheduling/concurrent/ThreadPoolTaskExecutor;)Lorg/springframework/scheduling/concurrent/ThreadPoolTaskExecutor; 213 <appendix> member <vmtarget> ; # org/springframework/boot/task/ThreadPoolTaskExecutorBuilder$$Lambda+0x000001faad38d5b0
instanceKlass  @bci org/springframework/boot/task/ThreadPoolTaskExecutorBuilder configure (Lorg/springframework/scheduling/concurrent/ThreadPoolTaskExecutor;)Lorg/springframework/scheduling/concurrent/ThreadPoolTaskExecutor; 188 <appendix> member <vmtarget> ; # org/springframework/boot/task/ThreadPoolTaskExecutorBuilder$$Lambda+0x000001faad38d380
instanceKlass  @cpi org/springframework/boot/task/ThreadPoolTaskExecutorBuilder 292 form vmentry <vmtarget> ; # java/lang/invoke/LambdaForm$DMH+0x000001faad388800
instanceKlass  @bci org/springframework/boot/task/ThreadPoolTaskExecutorBuilder configure (Lorg/springframework/scheduling/concurrent/ThreadPoolTaskExecutor;)Lorg/springframework/scheduling/concurrent/ThreadPoolTaskExecutor; 174 <appendix> argL0 ; # org/springframework/boot/task/ThreadPoolTaskExecutorBuilder$$Lambda+0x000001faad38d168
instanceKlass  @bci org/springframework/boot/task/ThreadPoolTaskExecutorBuilder configure (Lorg/springframework/scheduling/concurrent/ThreadPoolTaskExecutor;)Lorg/springframework/scheduling/concurrent/ThreadPoolTaskExecutor; 158 <appendix> member <vmtarget> ; # org/springframework/boot/task/ThreadPoolTaskExecutorBuilder$$Lambda+0x000001faad38cf38
instanceKlass  @bci org/springframework/boot/task/ThreadPoolTaskExecutorBuilder configure (Lorg/springframework/scheduling/concurrent/ThreadPoolTaskExecutor;)Lorg/springframework/scheduling/concurrent/ThreadPoolTaskExecutor; 136 <appendix> member <vmtarget> ; # org/springframework/boot/task/ThreadPoolTaskExecutorBuilder$$Lambda+0x000001faad38cd08
instanceKlass  @bci org/springframework/boot/task/ThreadPoolTaskExecutorBuilder configure (Lorg/springframework/scheduling/concurrent/ThreadPoolTaskExecutor;)Lorg/springframework/scheduling/concurrent/ThreadPoolTaskExecutor; 114 <appendix> member <vmtarget> ; # org/springframework/boot/task/ThreadPoolTaskExecutorBuilder$$Lambda+0x000001faad38cad8
instanceKlass  @bci org/springframework/boot/task/ThreadPoolTaskExecutorBuilder configure (Lorg/springframework/scheduling/concurrent/ThreadPoolTaskExecutor;)Lorg/springframework/scheduling/concurrent/ThreadPoolTaskExecutor; 92 <appendix> member <vmtarget> ; # org/springframework/boot/task/ThreadPoolTaskExecutorBuilder$$Lambda+0x000001faad38c8a8
instanceKlass  @bci org/springframework/boot/task/ThreadPoolTaskExecutorBuilder configure (Lorg/springframework/scheduling/concurrent/ThreadPoolTaskExecutor;)Lorg/springframework/scheduling/concurrent/ThreadPoolTaskExecutor; 78 <appendix> argL0 ; # org/springframework/boot/task/ThreadPoolTaskExecutorBuilder$$Lambda+0x000001faad38c690
instanceKlass  @bci org/springframework/boot/task/ThreadPoolTaskExecutorBuilder configure (Lorg/springframework/scheduling/concurrent/ThreadPoolTaskExecutor;)Lorg/springframework/scheduling/concurrent/ThreadPoolTaskExecutor; 62 <appendix> member <vmtarget> ; # org/springframework/boot/task/ThreadPoolTaskExecutorBuilder$$Lambda+0x000001faad38c460
instanceKlass  @bci org/springframework/boot/task/ThreadPoolTaskExecutorBuilder configure (Lorg/springframework/scheduling/concurrent/ThreadPoolTaskExecutor;)Lorg/springframework/scheduling/concurrent/ThreadPoolTaskExecutor; 40 <appendix> member <vmtarget> ; # org/springframework/boot/task/ThreadPoolTaskExecutorBuilder$$Lambda+0x000001faad38c230
instanceKlass  @bci org/springframework/boot/task/ThreadPoolTaskExecutorBuilder configure (Lorg/springframework/scheduling/concurrent/ThreadPoolTaskExecutor;)Lorg/springframework/scheduling/concurrent/ThreadPoolTaskExecutor; 18 <appendix> member <vmtarget> ; # org/springframework/boot/task/ThreadPoolTaskExecutorBuilder$$Lambda+0x000001faad38c000
instanceKlass  @bci org/springframework/boot/task/ThreadPoolTaskExecutorBuilder append (Ljava/util/Set;Ljava/lang/Iterable;)Ljava/util/Set; 26 <appendix> member <vmtarget> ; # org/springframework/boot/task/ThreadPoolTaskExecutorBuilder$$Lambda+0x000001faad3873f8
instanceKlass  @bci org/springframework/boot/autoconfigure/task/TaskExecutorConfigurations$ThreadPoolTaskExecutorBuilderConfiguration threadPoolTaskExecutorBuilder (Lorg/springframework/boot/autoconfigure/task/TaskExecutionProperties;Lorg/springframework/beans/factory/ObjectProvider;Lorg/springframework/beans/factory/ObjectProvider;)Lorg/springframework/boot/task/ThreadPoolTaskExecutorBuilder; 144 <appendix> member <vmtarget> ; # org/springframework/boot/autoconfigure/task/TaskExecutorConfigurations$ThreadPoolTaskExecutorBuilderConfiguration$$Lambda+0x000001faad3871b8
# instanceKlass java/lang/invoke/LambdaForm$MH+0x000001faad388400
# instanceKlass java/lang/invoke/LambdaForm$MH+0x000001faad388000
instanceKlass org/springframework/boot/autoconfigure/task/TaskExecutionProperties$Pool$Shutdown
instanceKlass org/springframework/core/task/TaskDecorator
instanceKlass org/springframework/boot/task/ThreadPoolTaskExecutorCustomizer
instanceKlass org/springframework/boot/web/server/servlet/context/WebServerStartStopLifecycle
instanceKlass org/springframework/boot/web/server/context/WebServerGracefulShutdownLifecycle
instanceKlass org/apache/naming/ContextAccessController
instanceKlass java/util/concurrent/ForkJoinPool$2
instanceKlass jdk/internal/access/JavaUtilConcurrentFJPAccess
instanceKlass java/util/concurrent/ForkJoinPool$DefaultForkJoinWorkerThreadFactory
instanceKlass java/util/concurrent/ForkJoinTask
instanceKlass java/util/concurrent/ForkJoinPool$WorkQueue
instanceKlass java/util/concurrent/ForkJoinPool$ForkJoinWorkerThreadFactory
instanceKlass  @bci org/apache/catalina/core/StandardServer startPeriodicLifecycleEvent ()V 76 <appendix> member <vmtarget> ; # org/apache/catalina/core/StandardServer$$Lambda+0x000001faad386000
instanceKlass org/apache/naming/StringManager
instanceKlass org/apache/naming/ContextBindings
instanceKlass  @bci org/apache/catalina/core/StandardServer startInternal ()V 108 <appendix> member <vmtarget> ; # org/apache/catalina/core/StandardServer$$Lambda+0x000001faad3837d8
instanceKlass org/apache/catalina/core/ContainerBase$ContainerBackgroundProcessor
instanceKlass org/apache/catalina/mapper/Mapper$ContextList
instanceKlass java/util/concurrent/Executors$RunnableAdapter
instanceKlass org/apache/catalina/core/ContainerBase$ContainerBackgroundProcessorMonitor
instanceKlass  @bci org/springframework/boot/tomcat/TomcatWebServer removeServiceConnectors ()V 2 <appendix> member <vmtarget> ; # org/springframework/boot/tomcat/TomcatWebServer$$Lambda+0x000001faad3822f8
instanceKlass  @bci org/apache/catalina/core/ApplicationFilterConfig registerJMX ()V 141 <appendix> form vmentry <vmtarget> ; # java/lang/invoke/LambdaForm$MH+0x000001faad385c00
# instanceKlass java/lang/invoke/LambdaForm$MH+0x000001faad385800
# instanceKlass java/lang/invoke/LambdaForm$MH+0x000001faad385400
# instanceKlass java/lang/invoke/LambdaForm$MH+0x000001faad385000
# instanceKlass java/lang/invoke/LambdaForm$MH+0x000001faad384c00
# instanceKlass java/lang/invoke/LambdaForm$MH+0x000001faad384800
# instanceKlass java/lang/invoke/LambdaForm$MH+0x000001faad384400
instanceKlass jdk/internal/vm/annotation/IntrinsicCandidate
instanceKlass org/apache/catalina/core/ApplicationFilterConfig
instanceKlass java/util/LinkedList$Node
instanceKlass jakarta/servlet/HttpConstraintElement
instanceKlass org/apache/tomcat/websocket/server/WsContextListener
instanceKlass jakarta/servlet/GenericFilter
instanceKlass  @bci java/util/Comparator comparingLong (Ljava/util/function/ToLongFunction;)Ljava/util/Comparator; 6 <appendix> member <vmtarget> ; # java/util/Comparator$$Lambda+0x000001faad1f6380
instanceKlass  @bci org/apache/tomcat/websocket/server/WsWriteTimeout <init> ()V 9 <appendix> argL0 ; # org/apache/tomcat/websocket/server/WsWriteTimeout$$Lambda+0x000001faad3802e8
instanceKlass  @cpi org/apache/tomcat/websocket/server/WsWriteTimeout 129 form vmentry <vmtarget> ; # java/lang/invoke/LambdaForm$DMH+0x000001faad384000
instanceKlass java/nio/channels/CompletionHandler
instanceKlass jakarta/websocket/SendHandler
instanceKlass org/apache/tomcat/websocket/server/WsWriteTimeout
instanceKlass org/apache/tomcat/websocket/WsExtension
instanceKlass jakarta/websocket/Extension
instanceKlass org/apache/tomcat/websocket/Constants
instanceKlass jakarta/websocket/CloseReason
instanceKlass jakarta/websocket/HandshakeResponse
instanceKlass org/apache/tomcat/websocket/ClientEndpointHolder
instanceKlass jakarta/websocket/Session
instanceKlass jakarta/websocket/EndpointConfig
instanceKlass org/apache/tomcat/websocket/WsRemoteEndpointImplBase
instanceKlass jakarta/websocket/RemoteEndpoint
instanceKlass org/apache/tomcat/websocket/AsyncChannelWrapper
instanceKlass jakarta/websocket/CloseReason$CloseCode
instanceKlass org/apache/tomcat/websocket/WsWebSocketContainer
instanceKlass org/apache/tomcat/websocket/BackgroundProcess
instanceKlass jakarta/websocket/server/ServerContainer
instanceKlass jakarta/websocket/WebSocketContainer
instanceKlass org/apache/catalina/core/ApplicationFilterRegistration
instanceKlass org/apache/tomcat/util/descriptor/web/Constants
instanceKlass  @bci org/apache/catalina/core/ApplicationServletRegistration addMapping ([Ljava/lang/String;)Ljava/util/Set; 181 <appendix> member <vmtarget> ; # org/apache/catalina/core/ApplicationServletRegistration$$Lambda+0x000001faad37b558
instanceKlass org/apache/catalina/core/ApplicationServletRegistration
instanceKlass org/apache/tomcat/util/modeler/Util
instanceKlass org/apache/catalina/core/StandardWrapperFacade
instanceKlass  @bci org/springframework/boot/web/servlet/ServletContextInitializerBeans <init> (Lorg/springframework/beans/factory/ListableBeanFactory;[Ljava/lang/Class;)V 72 <appendix> argL0 ; # org/springframework/boot/web/servlet/ServletContextInitializerBeans$$Lambda+0x000001faad37a0c0
instanceKlass org/springframework/boot/web/servlet/ServletContextInitializerBeans$ServletListenerRegistrationBeanAdapter
instanceKlass jakarta/servlet/ServletContextListener
instanceKlass jakarta/servlet/http/HttpSessionListener
instanceKlass jakarta/servlet/http/HttpSessionIdListener
instanceKlass jakarta/servlet/http/HttpSessionAttributeListener
instanceKlass jakarta/servlet/ServletRequestAttributeListener
instanceKlass jakarta/servlet/ServletContextAttributeListener
instanceKlass org/springframework/boot/web/servlet/FilterRegistration
instanceKlass jakarta/servlet/FilterChain
instanceKlass jakarta/servlet/FilterConfig
instanceKlass org/springframework/boot/web/servlet/ServletContextInitializerBeans$FilterRegistrationBeanAdapter
instanceKlass org/springframework/boot/web/servlet/ServletContextInitializerBeans$ServletRegistrationBeanAdapter
instanceKlass  @bci org/springframework/boot/web/servlet/ServletContextInitializerBeans$Seen add (Ljava/lang/Class;Ljava/lang/Object;)Z 16 <appendix> argL0 ; # org/springframework/boot/web/servlet/ServletContextInitializerBeans$Seen$$Lambda+0x000001faad377a20
instanceKlass  @bci org/springframework/boot/web/servlet/ServletContextInitializerBeans getOrderedBeansOfType (Lorg/springframework/beans/factory/ListableBeanFactory;Ljava/lang/Class;Lorg/springframework/boot/web/servlet/ServletContextInitializerBeans$Seen;)Ljava/util/List; 121 <appendix> argL0 ; # org/springframework/boot/web/servlet/ServletContextInitializerBeans$$Lambda+0x000001faad377790
instanceKlass org/springframework/boot/web/servlet/ServletContextInitializerBeans$Seen
instanceKlass org/apache/catalina/loader/WebappClassLoaderBase$CombinedEnumeration
instanceKlass org/springframework/boot/web/servlet/ServletContextInitializerBeans$RegistrationBeanAdapter
instanceKlass org/springframework/web/context/support/ServletContextScope
instanceKlass  @bci org/apache/coyote/http11/Http11Processor prepareResponse ()V 647 <appendix> form vmentry <vmtarget> ; # java/lang/invoke/LambdaForm$MH+0x000001faad372c00
instanceKlass  @bci org/apache/coyote/http11/Http11Processor prepareResponse ()V 647 <appendix> argL3 form vmentry <vmtarget> ; # java/lang/invoke/LambdaForm$MH+0x000001faad372800
# instanceKlass java/lang/invoke/LambdaForm$MH+0x000001faad372400
# instanceKlass java/lang/invoke/LambdaForm$MH+0x000001faad372000
# instanceKlass java/lang/invoke/LambdaForm$MH+0x000001faad371c00
instanceKlass  @bci org/springframework/boot/web/server/servlet/ServletContextInitializers$SessionConfiguringInitializer configureSessionCookie (Ljakarta/servlet/SessionCookieConfig;)V 213 <appendix> member <vmtarget> ; # org/springframework/boot/web/server/servlet/ServletContextInitializers$SessionConfiguringInitializer$$Lambda+0x000001faad376900
instanceKlass  @bci org/springframework/boot/context/properties/PropertyMapper$Source whenTrue ()Lorg/springframework/boot/context/properties/PropertyMapper$Source; 9 <appendix> member <vmtarget> ; # org/springframework/boot/context/properties/PropertyMapper$Source$$Lambda+0x000001faad3766b0
instanceKlass  @bci org/springframework/boot/web/server/servlet/ServletContextInitializers$SessionConfiguringInitializer configureSessionCookie (Ljakarta/servlet/SessionCookieConfig;)V 201 <appendix> member <vmtarget> ; # org/springframework/boot/web/server/servlet/ServletContextInitializers$SessionConfiguringInitializer$$Lambda+0x000001faad376490
instanceKlass  @bci org/springframework/boot/web/server/servlet/ServletContextInitializers$SessionConfiguringInitializer configureSessionCookie (Ljakarta/servlet/SessionCookieConfig;)V 186 <appendix> member <vmtarget> ; # org/springframework/boot/web/server/servlet/ServletContextInitializers$SessionConfiguringInitializer$$Lambda+0x000001faad376260
instanceKlass  @bci org/springframework/boot/web/server/servlet/ServletContextInitializers$SessionConfiguringInitializer configureSessionCookie (Ljakarta/servlet/SessionCookieConfig;)V 172 <appendix> argL0 ; # org/springframework/boot/web/server/servlet/ServletContextInitializers$SessionConfiguringInitializer$$Lambda+0x000001faad376048
instanceKlass  @bci org/springframework/boot/web/server/servlet/ServletContextInitializers$SessionConfiguringInitializer configureSessionCookie (Ljakarta/servlet/SessionCookieConfig;)V 164 <appendix> member <vmtarget> ; # org/springframework/boot/web/server/servlet/ServletContextInitializers$SessionConfiguringInitializer$$Lambda+0x000001faad375e28
instanceKlass  @bci org/springframework/boot/web/server/servlet/ServletContextInitializers$SessionConfiguringInitializer configureSessionCookie (Ljakarta/servlet/SessionCookieConfig;)V 149 <appendix> member <vmtarget> ; # org/springframework/boot/web/server/servlet/ServletContextInitializers$SessionConfiguringInitializer$$Lambda+0x000001faad375bf8
instanceKlass  @bci org/springframework/boot/web/server/servlet/ServletContextInitializers$SessionConfiguringInitializer configureSessionCookie (Ljakarta/servlet/SessionCookieConfig;)V 135 <appendix> member <vmtarget> ; # org/springframework/boot/web/server/servlet/ServletContextInitializers$SessionConfiguringInitializer$$Lambda+0x000001faad3759d8
instanceKlass  @bci org/springframework/boot/web/server/servlet/ServletContextInitializers$SessionConfiguringInitializer configureSessionCookie (Ljakarta/servlet/SessionCookieConfig;)V 120 <appendix> member <vmtarget> ; # org/springframework/boot/web/server/servlet/ServletContextInitializers$SessionConfiguringInitializer$$Lambda+0x000001faad3757a8
instanceKlass  @bci org/springframework/boot/web/server/servlet/ServletContextInitializers$SessionConfiguringInitializer configureSessionCookie (Ljakarta/servlet/SessionCookieConfig;)V 106 <appendix> member <vmtarget> ; # org/springframework/boot/web/server/servlet/ServletContextInitializers$SessionConfiguringInitializer$$Lambda+0x000001faad375588
instanceKlass  @bci org/springframework/boot/web/server/servlet/ServletContextInitializers$SessionConfiguringInitializer configureSessionCookie (Ljakarta/servlet/SessionCookieConfig;)V 91 <appendix> member <vmtarget> ; # org/springframework/boot/web/server/servlet/ServletContextInitializers$SessionConfiguringInitializer$$Lambda+0x000001faad375358
instanceKlass  @bci org/springframework/boot/web/server/servlet/ServletContextInitializers$SessionConfiguringInitializer configureSessionCookie (Ljakarta/servlet/SessionCookieConfig;)V 77 <appendix> member <vmtarget> ; # org/springframework/boot/web/server/servlet/ServletContextInitializers$SessionConfiguringInitializer$$Lambda+0x000001faad375138
instanceKlass  @bci org/springframework/boot/web/server/servlet/ServletContextInitializers$SessionConfiguringInitializer configureSessionCookie (Ljakarta/servlet/SessionCookieConfig;)V 62 <appendix> member <vmtarget> ; # org/springframework/boot/web/server/servlet/ServletContextInitializers$SessionConfiguringInitializer$$Lambda+0x000001faad374f08
instanceKlass  @bci org/springframework/boot/web/server/servlet/ServletContextInitializers$SessionConfiguringInitializer configureSessionCookie (Ljakarta/servlet/SessionCookieConfig;)V 48 <appendix> member <vmtarget> ; # org/springframework/boot/web/server/servlet/ServletContextInitializers$SessionConfiguringInitializer$$Lambda+0x000001faad374ce8
instanceKlass  @bci org/springframework/boot/web/server/servlet/ServletContextInitializers$SessionConfiguringInitializer configureSessionCookie (Ljakarta/servlet/SessionCookieConfig;)V 33 <appendix> member <vmtarget> ; # org/springframework/boot/web/server/servlet/ServletContextInitializers$SessionConfiguringInitializer$$Lambda+0x000001faad374ab8
instanceKlass  @bci org/springframework/boot/web/server/servlet/ServletContextInitializers$SessionConfiguringInitializer configureSessionCookie (Ljakarta/servlet/SessionCookieConfig;)V 19 <appendix> member <vmtarget> ; # org/springframework/boot/web/server/servlet/ServletContextInitializers$SessionConfiguringInitializer$$Lambda+0x000001faad374898
instanceKlass  @bci org/springframework/boot/web/server/servlet/ServletContextInitializers lambda$from$0 (Lorg/springframework/boot/web/server/servlet/ServletWebServerSettings;Ljakarta/servlet/ServletContext;)V 10 <appendix> member <vmtarget> ; # org/springframework/boot/web/server/servlet/ServletContextInitializers$$Lambda+0x000001faad374668
instanceKlass  @cpi org/springframework/boot/web/server/servlet/ServletContextInitializers 116 form vmentry <vmtarget> ; # java/lang/invoke/LambdaForm$DMH+0x000001faad371800
instanceKlass org/apache/tomcat/InstanceManagerBindings
instanceKlass org/apache/catalina/core/DefaultInstanceManager
instanceKlass org/apache/tomcat/util/descriptor/web/FilterDef
instanceKlass org/apache/catalina/startup/WebAnnotationSet
instanceKlass  @bci org/apache/catalina/loader/WebappLoader startInternal ()V 202 <appendix> form vmentry <vmtarget> ; # java/lang/invoke/LambdaForm$MH+0x000001faad371400
# instanceKlass java/lang/invoke/LambdaForm$MH+0x000001faad371000
instanceKlass  @bci org/apache/catalina/loader/WebappLoader startInternal ()V 202 <appendix> argL3 form vmentry <vmtarget> ; # java/lang/invoke/LambdaForm$MH+0x000001faad370c00
# instanceKlass java/lang/invoke/LambdaForm$MH+0x000001faad370800
# instanceKlass java/lang/invoke/LambdaForm$MH+0x000001faad370400
# instanceKlass java/lang/invoke/LambdaForm$MH+0x000001faad370000
instanceKlass org/apache/catalina/webresources/EmptyResource
instanceKlass org/apache/tomcat/util/compat/JrePlatform
instanceKlass org/apache/catalina/webresources/CachedResource
instanceKlass org/apache/tomcat/util/http/RequestUtil
instanceKlass org/apache/tomcat/util/concurrent/KeyedReentrantReadWriteLock
instanceKlass org/apache/catalina/WebResourceLockSet
instanceKlass org/apache/catalina/webresources/TomcatURLStreamHandlerFactory
instanceKlass org/apache/catalina/core/ApplicationSessionCookieConfig
instanceKlass org/apache/catalina/core/ApplicationContextFacade
instanceKlass jakarta/servlet/RequestDispatcher
instanceKlass jakarta/servlet/FilterRegistration$Dynamic
instanceKlass jakarta/servlet/FilterRegistration
instanceKlass jakarta/servlet/SessionCookieConfig
instanceKlass org/apache/catalina/core/ApplicationContext
instanceKlass org/apache/catalina/util/ContextName
instanceKlass  @bci org/springframework/boot/web/server/servlet/StaticResourceJars getUrls ()Ljava/util/List; 58 <appendix> argL0 ; # org/springframework/boot/web/server/servlet/StaticResourceJars$$Lambda+0x000001faad3694b0
instanceKlass  @bci org/springframework/boot/web/server/servlet/StaticResourceJars getUrls ()Ljava/util/List; 48 <appendix> member <vmtarget> ; # org/springframework/boot/web/server/servlet/StaticResourceJars$$Lambda+0x000001faad369270
instanceKlass java/util/concurrent/FutureTask$WaitNode
instanceKlass java/util/concurrent/FutureTask
instanceKlass org/apache/catalina/realm/X509SubjectDnRetriever
instanceKlass java/util/logging/LogRecord
instanceKlass org/apache/tomcat/util/threads/ScheduledThreadPoolExecutor
instanceKlass java/util/concurrent/RunnableScheduledFuture
instanceKlass java/util/concurrent/ScheduledFuture
instanceKlass java/util/concurrent/Delayed
instanceKlass java/util/concurrent/RunnableFuture
instanceKlass org/apache/tomcat/util/threads/TaskThreadFactory
instanceKlass org/apache/tomcat/util/buf/StringUtils
instanceKlass org/apache/catalina/util/ServerInfo
instanceKlass org/apache/catalina/connector/CoyoteAdapter
instanceKlass org/apache/catalina/Executor
instanceKlass org/apache/catalina/mbeans/MBeanUtils
instanceKlass org/apache/catalina/mbeans/MBeanFactory
instanceKlass org/apache/tomcat/util/buf/StringCache
instanceKlass com/sun/jmx/mbeanserver/Util
instanceKlass javax/management/ObjectName$Property
instanceKlass com/sun/jmx/mbeanserver/GetPropertyAction
instanceKlass org/apache/tomcat/util/net/SocketWrapperBase
instanceKlass org/apache/tomcat/util/net/SSLImplementation
# instanceKlass java/lang/invoke/LambdaForm$MH+0x000001faad365000
# instanceKlass java/lang/invoke/LambdaForm$MH+0x000001faad364c00
# instanceKlass java/lang/invoke/LambdaForm$MH+0x000001faad364800
# instanceKlass java/lang/invoke/LambdaForm$BMH+0x000001faad364400
# instanceKlass java/lang/invoke/LambdaForm$DMH+0x000001faad364000
instanceKlass  @bci org/springframework/boot/tomcat/TomcatWebServer disableBindOnInit ()V 1 <appendix> argL0 ; # org/springframework/boot/tomcat/TomcatWebServer$$Lambda+0x000001faad3632d8
instanceKlass  @bci org/springframework/boot/tomcat/TomcatWebServer initialize ()V 37 <appendix> member <vmtarget> ; # org/springframework/boot/tomcat/TomcatWebServer$$Lambda+0x000001faad3630b8
instanceKlass org/springframework/boot/tomcat/GracefulShutdown
instanceKlass  @bci org/springframework/boot/tomcat/autoconfigure/TomcatWebServerFactoryCustomizer lambda$customizeStaticResources$0 (Lorg/springframework/boot/tomcat/autoconfigure/TomcatServerProperties$Resource;Lorg/apache/catalina/Context;)V 3 <appendix> member <vmtarget> ; # org/springframework/boot/tomcat/autoconfigure/TomcatWebServerFactoryCustomizer$$Lambda+0x000001faad3624d0
instanceKlass org/springframework/boot/tomcat/DisableReferenceClearingContextCustomizer
instanceKlass  @bci org/springframework/boot/system/ApplicationTemp assertDirectoryOwnership (Ljava/nio/file/attribute/UserPrincipal;Ljava/nio/file/Path;)V 19 <appendix> member <vmtarget> ; # org/springframework/boot/system/ApplicationTemp$$Lambda+0x000001faad362090
instanceKlass  @bci org/springframework/boot/system/ApplicationTemp createDirectory (Ljava/nio/file/Path;)Ljava/nio/file/Path; 133 <appendix> member <vmtarget> ; # org/springframework/boot/system/ApplicationTemp$$Lambda+0x000001faad361e70
instanceKlass  @bci org/springframework/boot/system/ApplicationTemp getTempDirectory ()Ljava/nio/file/Path; 50 <appendix> member <vmtarget> ; # org/springframework/boot/system/ApplicationTemp$$Lambda+0x000001faad361c50
instanceKlass  @bci org/springframework/boot/system/ApplicationTemp getTempDirectory ()Ljava/nio/file/Path; 33 <appendix> member <vmtarget> ; # org/springframework/boot/system/ApplicationTemp$$Lambda+0x000001faad361a30
instanceKlass jdk/internal/util/HexDigits
instanceKlass sun/nio/fs/WindowsUserPrincipals$User
instanceKlass java/nio/file/attribute/UserPrincipal
instanceKlass sun/nio/fs/WindowsUserPrincipals
instanceKlass sun/nio/fs/AbstractAclFileAttributeView
instanceKlass sun/nio/fs/FileOwnerAttributeViewImpl
instanceKlass java/nio/file/attribute/AclFileAttributeView
instanceKlass java/nio/file/attribute/DosFileAttributeView
instanceKlass java/nio/file/attribute/FileOwnerAttributeView
instanceKlass sun/nio/fs/WindowsChannelFactory$2
instanceKlass org/springframework/boot/system/ApplicationTemp
instanceKlass  @bci org/springframework/boot/tomcat/servlet/TomcatServletWebServerFactory configurePersistSession (Lorg/apache/catalina/Manager;)V 5 <appendix> member <vmtarget> ; # org/springframework/boot/tomcat/servlet/TomcatServletWebServerFactory$$Lambda+0x000001faad3615f8
instanceKlass java/io/ObjectStreamConstants
instanceKlass java/io/ObjectInput
instanceKlass org/apache/catalina/Session
instanceKlass org/apache/tomcat/util/buf/UDecoder
instanceKlass org/springframework/boot/tomcat/servlet/DeferredServletContainerInitializers
instanceKlass org/apache/catalina/core/StandardHost$MemoryLeakTrackingListener
instanceKlass org/springframework/boot/web/server/servlet/ServletContextInitializers$SessionConfiguringInitializer
instanceKlass  @bci org/springframework/boot/web/server/servlet/ServletContextInitializers from (Lorg/springframework/boot/web/server/servlet/ServletWebServerSettings;[Lorg/springframework/boot/web/servlet/ServletContextInitializer;)Lorg/springframework/boot/web/server/servlet/ServletContextInitializers; 10 <appendix> member <vmtarget> ; # org/springframework/boot/web/server/servlet/ServletContextInitializers$$Lambda+0x000001faad35ea58
instanceKlass org/springframework/boot/web/server/servlet/ServletContextInitializers
instanceKlass org/springframework/boot/tomcat/servlet/TomcatServletWebServerFactory$StaticResourceConfigurer
instanceKlass org/apache/tomcat/util/collections/ConcurrentLruCache
instanceKlass org/apache/tomcat/util/scan/StandardJarScanner
instanceKlass org/apache/tomcat/util/scan/StandardJarScanFilter
instanceKlass  @bci org/springframework/boot/tomcat/servlet/TomcatServletWebServerFactory addLocaleMappings (Lorg/springframework/boot/tomcat/TomcatEmbeddedContext;)V 8 <appendix> member <vmtarget> ; # org/springframework/boot/tomcat/servlet/TomcatServletWebServerFactory$$Lambda+0x000001faad35d2d0
instanceKlass org/apache/catalina/util/CharsetMapper
instanceKlass org/apache/catalina/startup/Tomcat$FixContextListener
instanceKlass org/apache/catalina/util/URLEncoder
instanceKlass  @bci org/springframework/boot/tomcat/servlet/TomcatServletWebServerFactory prepareContext (Lorg/apache/catalina/Host;[Lorg/springframework/boot/web/servlet/ServletContextInitializer;Lorg/springframework/boot/web/server/AbstractConfigurableWebServerFactory$TempDirs;)V 71 <appendix> member <vmtarget> ; # org/springframework/boot/tomcat/servlet/TomcatServletWebServerFactory$$Lambda+0x000001faad35ca70
instanceKlass java/util/concurrent/atomic/Striped64$1
instanceKlass org/apache/catalina/WebResource
instanceKlass org/apache/catalina/webresources/Cache
instanceKlass org/apache/catalina/WebResourceSet
instanceKlass  @bci org/springframework/boot/tomcat/TomcatEmbeddedContext$DeferredStartupExceptions <clinit> ()V 0 <appendix> argL0 ; # org/springframework/boot/tomcat/TomcatEmbeddedContext$DeferredStartupExceptions$$Lambda+0x000001faad35bda0
instanceKlass jdk/internal/logger/LoggerFinderLoader
instanceKlass  @bci java/lang/System$LoggerFinder accessProvider ()Ljava/lang/System$LoggerFinder; 8 <appendix> argL0 ; # java/lang/System$LoggerFinder$$Lambda+0x000001faad1ef228
instanceKlass jdk/internal/logger/LazyLoggers$LazyLoggerFactories
instanceKlass jdk/internal/logger/LazyLoggers$1
instanceKlass jdk/internal/logger/LazyLoggers
instanceKlass com/sun/jmx/remote/util/ClassLogger
instanceKlass javax/management/NotificationBroadcasterSupport$1
instanceKlass javax/management/NotificationBroadcasterSupport
instanceKlass org/apache/catalina/Globals
instanceKlass org/apache/catalina/core/StandardContext$ContextFilterMaps
instanceKlass org/apache/catalina/util/ErrorPageSupport
instanceKlass org/apache/tomcat/util/descriptor/web/XmlEncodingBase
instanceKlass org/apache/tomcat/util/descriptor/web/ApplicationParameter
instanceKlass org/apache/catalina/core/StandardContext$1
instanceKlass org/apache/tomcat/InstanceManager
instanceKlass org/apache/tomcat/JarScanner
instanceKlass org/apache/catalina/ThreadBindingListener
instanceKlass  @bci org/springframework/boot/web/server/servlet/DocumentRoot <init> (Lorg/apache/commons/logging/Log;)V 11 <appendix> argL0 ; # org/springframework/boot/web/server/servlet/DocumentRoot$$Lambda+0x000001faad358ec0
instanceKlass org/springframework/boot/web/server/servlet/DocumentRoot
instanceKlass org/apache/catalina/realm/RealmBase$AllRolesMode
instanceKlass org/apache/catalina/realm/DigestCredentialHandlerBase
instanceKlass org/apache/catalina/realm/X509UsernameRetriever
instanceKlass org/apache/catalina/CredentialHandler
instanceKlass org/apache/catalina/AccessLog
instanceKlass org/apache/catalina/Pipeline
instanceKlass org/apache/tomcat/util/threads/LimitLatch
instanceKlass org/springframework/boot/tomcat/CompressionConnectorCustomizer
instanceKlass org/apache/tomcat/util/buf/CharsetUtil
instanceKlass org/apache/tomcat/util/buf/CharsetCache
instanceKlass org/apache/tomcat/util/buf/B2CConverter
instanceKlass  @bci org/springframework/boot/tomcat/TomcatWebServerFactory invokeProtocolHandlerCustomizers (Lorg/apache/coyote/ProtocolHandler;)V 16 <appendix> member <vmtarget> ; # org/springframework/boot/tomcat/TomcatWebServerFactory$$Lambda+0x000001faad353e00
instanceKlass org/apache/tomcat/util/net/SSLHostConfig
instanceKlass org/apache/coyote/Response
instanceKlass org/apache/coyote/Request
instanceKlass org/apache/tomcat/util/http/parser/HttpParser
instanceKlass javax/management/ObjectName
instanceKlass javax/management/QueryExp
instanceKlass org/apache/tomcat/util/XReflectionIntrospectionUtils
instanceKlass org/apache/tomcat/util/IntrospectionUtils
instanceKlass org/apache/coyote/CompressionConfig
instanceKlass org/apache/tomcat/util/collections/SynchronizedStack
instanceKlass javax/management/NotificationFilter
instanceKlass org/apache/tomcat/util/modeler/BaseModelMBean
instanceKlass javax/management/modelmbean/ModelMBeanNotificationBroadcaster
instanceKlass org/apache/coyote/AbstractProtocol$ConnectionHandler
instanceKlass org/apache/tomcat/util/net/SocketProperties
instanceKlass org/apache/tomcat/util/net/NioChannel
instanceKlass java/net/ProtocolFamily
instanceKlass org/apache/tomcat/util/net/SocketProcessorBase
instanceKlass java/net/SocketAddress
instanceKlass org/apache/tomcat/util/net/AbstractEndpoint
instanceKlass org/apache/coyote/Adapter
instanceKlass org/springframework/boot/tomcat/TomcatWebServerFactory$CleanTempDirsListener
instanceKlass org/apache/catalina/ContainerListener
instanceKlass org/apache/tomcat/util/buf/AbstractChunk
instanceKlass org/apache/catalina/mapper/Mapper$MapElement
instanceKlass org/apache/catalina/mapper/Mapper
instanceKlass org/apache/tomcat/util/file/ConfigFileLoader
instanceKlass org/apache/tomcat/util/file/ConfigurationSource$1
instanceKlass org/apache/catalina/startup/CatalinaBaseConfigurationSource
instanceKlass org/apache/tomcat/util/descriptor/web/ResourceBase
instanceKlass org/apache/tomcat/util/descriptor/web/Injectable
instanceKlass org/apache/tomcat/util/descriptor/web/NamingResources
instanceKlass java/beans/PropertyChangeListener
instanceKlass java/beans/ChangeListenerMap
instanceKlass java/beans/PropertyChangeSupport
instanceKlass sun/nio/fs/WindowsPath$1
instanceKlass sun/security/provider/AbstractDrbg$NonceProvider
instanceKlass  @bci sun/security/provider/AbstractDrbg$SeederHolder <clinit> ()V 42 <appendix> member <vmtarget> ; # sun/security/provider/AbstractDrbg$SeederHolder$$Lambda+0x000001faad1e9ca8
instanceKlass  @cpi sun/security/provider/AbstractDrbg$SeederHolder 91 form vmentry <vmtarget> ; # java/lang/invoke/LambdaForm$DMH+0x000001faad349000
# instanceKlass java/lang/invoke/LambdaForm$DMH+0x000001faad348c00
instanceKlass java/net/NetworkInterface$1
instanceKlass java/net/DefaultInterface
instanceKlass java/net/Inet6Address$Inet6AddressHolder
instanceKlass java/net/InetAddress$PlatformResolver
instanceKlass java/net/spi/InetAddressResolver
instanceKlass java/net/spi/InetAddressResolver$LookupPolicy
instanceKlass java/net/Inet4AddressImpl
instanceKlass java/net/Inet6AddressImpl
instanceKlass java/net/InetAddressImpl
instanceKlass java/util/concurrent/ConcurrentSkipListMap$Node
instanceKlass java/util/concurrent/ConcurrentSkipListMap$Index
instanceKlass java/util/concurrent/ConcurrentNavigableMap
instanceKlass java/net/InetAddress$InetAddressHolder
instanceKlass java/net/InetAddress$1
instanceKlass jdk/internal/access/JavaNetInetAddressAccess
instanceKlass java/net/InterfaceAddress
instanceKlass java/net/NetworkInterface
instanceKlass sun/security/provider/ByteArrayAccess$BE
instanceKlass sun/security/provider/ByteArrayAccess
instanceKlass sun/security/provider/SeedGenerator$1
instanceKlass sun/security/util/MessageDigestSpi2
instanceKlass sun/security/jca/GetInstance$Instance
instanceKlass sun/security/jca/GetInstance
instanceKlass java/security/MessageDigestSpi
instanceKlass sun/security/provider/SeedGenerator
instanceKlass sun/security/provider/AbstractDrbg$SeederHolder
instanceKlass java/security/DrbgParameters$NextBytes
instanceKlass java/nio/file/TempFileHelper
instanceKlass  @bci org/apache/tomcat/util/threads/TaskThreadFactory newThread (Ljava/lang/Runnable;)Ljava/lang/Thread; 20 <appendix> form vmentry <vmtarget> ; # java/lang/invoke/LambdaForm$MH+0x000001faad348800
# instanceKlass java/lang/invoke/LambdaForm$MH+0x000001faad348400
instanceKlass  @bci org/apache/tomcat/util/threads/TaskThreadFactory newThread (Ljava/lang/Runnable;)Ljava/lang/Thread; 20 <appendix> argL3 form vmentry <vmtarget> ; # java/lang/invoke/LambdaForm$MH+0x000001faad348000
# instanceKlass java/lang/invoke/LambdaForm$MH+0x000001faad345c00
# instanceKlass java/lang/invoke/LambdaForm$MH+0x000001faad345800
# instanceKlass java/lang/invoke/LambdaForm$MH+0x000001faad345400
instanceKlass org/apache/tomcat/util/ExceptionUtils
instanceKlass java/lang/Thread$Builder$OfVirtual
instanceKlass java/lang/Thread$Builder$OfPlatform
instanceKlass java/lang/Thread$Builder
instanceKlass java/security/AlgorithmConstraints
instanceKlass javax/net/ssl/SSLParameters
instanceKlass org/apache/tomcat/util/compat/JreCompat
instanceKlass org/apache/catalina/Realm
instanceKlass org/apache/catalina/Service
instanceKlass org/apache/tomcat/util/file/ConfigurationSource
instanceKlass org/apache/catalina/Server
instanceKlass org/apache/catalina/Wrapper
instanceKlass javax/management/MBeanFeatureInfo
instanceKlass javax/management/DescriptorRead
instanceKlass org/apache/tomcat/util/modeler/FeatureInfo
instanceKlass org/apache/tomcat/util/modeler/NoDescriptorRegistry$NoJmxMBeanServer
instanceKlass org/apache/tomcat/util/modeler/ManagedBean
instanceKlass javax/management/MBeanServer
instanceKlass javax/management/MBeanServerConnection
instanceKlass org/apache/tomcat/util/modeler/Registry
instanceKlass org/apache/tomcat/util/modeler/RegistryMBean
instanceKlass  @bci org/springframework/boot/web/server/servlet/context/ServletWebServerApplicationContext getSelfInitializer ()Lorg/springframework/boot/web/servlet/ServletContextInitializer; 8 <appendix> member <vmtarget> ; # org/springframework/boot/web/server/servlet/context/ServletWebServerApplicationContext$$Lambda+0x000001faad342378
instanceKlass org/springframework/boot/web/context/servlet/WebApplicationContextInitializer
instanceKlass jakarta/servlet/ServletRegistration$Dynamic
instanceKlass  @bci org/springframework/boot/servlet/autoconfigure/MultipartProperties createMultipartConfig ()Ljakarta/servlet/MultipartConfigElement; 95 <appendix> member <vmtarget> ; # org/springframework/boot/servlet/autoconfigure/MultipartProperties$$Lambda+0x000001faad341d40
instanceKlass  @bci org/springframework/boot/servlet/autoconfigure/MultipartProperties createMultipartConfig ()Ljakarta/servlet/MultipartConfigElement; 73 <appendix> member <vmtarget> ; # org/springframework/boot/servlet/autoconfigure/MultipartProperties$$Lambda+0x000001faad341b10
instanceKlass  @bci org/springframework/boot/servlet/autoconfigure/MultipartProperties createMultipartConfig ()Ljakarta/servlet/MultipartConfigElement; 51 <appendix> member <vmtarget> ; # org/springframework/boot/servlet/autoconfigure/MultipartProperties$$Lambda+0x000001faad3418e0
instanceKlass  @bci org/springframework/boot/servlet/autoconfigure/MultipartProperties createMultipartConfig ()Ljakarta/servlet/MultipartConfigElement; 26 <appendix> member <vmtarget> ; # org/springframework/boot/servlet/autoconfigure/MultipartProperties$$Lambda+0x000001faad3416b0
instanceKlass org/springframework/boot/servlet/MultipartConfigFactory
instanceKlass  @bci org/springframework/boot/context/properties/bind/handler/NoUnboundElementsBindHandler collectUnbound (Lorg/springframework/boot/context/properties/source/ConfigurationPropertyName;Ljava/util/Set;Lorg/springframework/boot/context/properties/source/IterableConfigurationPropertySource;)V 3 <appendix> member <vmtarget> ; # org/springframework/boot/context/properties/bind/handler/NoUnboundElementsBindHandler$$Lambda+0x000001faad341230
instanceKlass org/springframework/boot/context/properties/source/UnboundElementsSourceFilter
instanceKlass  @bci org/springframework/boot/webmvc/autoconfigure/DispatcherServletAutoConfiguration$DispatcherServletRegistrationConfiguration dispatcherServletRegistration (Lorg/springframework/web/servlet/DispatcherServlet;Lorg/springframework/boot/webmvc/autoconfigure/WebMvcProperties;Lorg/springframework/beans/factory/ObjectProvider;)Lorg/springframework/boot/webmvc/autoconfigure/DispatcherServletRegistrationBean; 44 <appendix> member <vmtarget> ; # org/springframework/boot/webmvc/autoconfigure/DispatcherServletAutoConfiguration$DispatcherServletRegistrationConfiguration$$Lambda+0x000001faad340b50
instanceKlass jakarta/servlet/Registration$Dynamic
# instanceKlass java/lang/invoke/LambdaForm$MH+0x000001faad345000
# instanceKlass java/lang/invoke/LambdaForm$MH+0x000001faad344c00
# instanceKlass java/lang/invoke/LambdaForm$MH+0x000001faad344800
# instanceKlass java/lang/invoke/LambdaForm$MH+0x000001faad344400
# instanceKlass java/lang/invoke/LambdaForm$DMH+0x000001faad344000
instanceKlass org/springframework/web/context/request/AbstractRequestAttributes
instanceKlass org/springframework/web/context/request/async/WebAsyncManager
instanceKlass org/springframework/web/servlet/ModelAndView
instanceKlass org/springframework/web/servlet/HandlerExecutionChain
instanceKlass org/springframework/web/ErrorResponse
instanceKlass org/springframework/web/context/request/async/CallableProcessingInterceptor
instanceKlass org/springframework/context/i18n/LocaleContext
instanceKlass jakarta/servlet/AsyncListener
instanceKlass  @bci org/springframework/boot/tomcat/autoconfigure/WebSocketTomcatWebServerFactoryCustomizer customize (Lorg/springframework/boot/tomcat/ConfigurableTomcatWebServerFactory;)V 7 <appendix> argL0 ; # org/springframework/boot/tomcat/autoconfigure/WebSocketTomcatWebServerFactoryCustomizer$$Lambda+0x000001faad33a8b0
instanceKlass  @bci org/springframework/boot/tomcat/autoconfigure/servlet/TomcatServletWebServerFactoryCustomizer customizeUseRelativeRedirects (Lorg/springframework/boot/tomcat/ConfigurableTomcatWebServerFactory;Z)V 8 <appendix> member <vmtarget> ; # org/springframework/boot/tomcat/autoconfigure/servlet/TomcatServletWebServerFactoryCustomizer$$Lambda+0x000001faad33a698
instanceKlass  @bci org/springframework/boot/tomcat/autoconfigure/servlet/TomcatServletWebServerFactoryCustomizer customizeRedirectContextRoot (Lorg/springframework/boot/tomcat/ConfigurableTomcatWebServerFactory;Z)V 8 <appendix> member <vmtarget> ; # org/springframework/boot/tomcat/autoconfigure/servlet/TomcatServletWebServerFactoryCustomizer$$Lambda+0x000001faad33a480
instanceKlass org/springframework/boot/tomcat/autoconfigure/TomcatWebServerFactoryCustomizer$1
instanceKlass  @bci org/springframework/boot/tomcat/autoconfigure/TomcatWebServerFactoryCustomizer customizeStaticResources (Lorg/springframework/boot/tomcat/ConfigurableTomcatWebServerFactory;)V 16 <appendix> member <vmtarget> ; # org/springframework/boot/tomcat/autoconfigure/TomcatWebServerFactoryCustomizer$$Lambda+0x000001faad33a060
instanceKlass  @bci org/springframework/boot/tomcat/autoconfigure/TomcatWebServerFactoryCustomizer customize (Lorg/springframework/boot/tomcat/ConfigurableTomcatWebServerFactory;)V 823 <appendix> member <vmtarget> ; # org/springframework/boot/tomcat/autoconfigure/TomcatWebServerFactoryCustomizer$$Lambda+0x000001faad339e30
instanceKlass  @bci org/springframework/boot/tomcat/autoconfigure/TomcatWebServerFactoryCustomizer customize (Lorg/springframework/boot/tomcat/ConfigurableTomcatWebServerFactory;)V 809 <appendix> argL0 ; # org/springframework/boot/tomcat/autoconfigure/TomcatWebServerFactoryCustomizer$$Lambda+0x000001faad339c18
instanceKlass  @bci org/springframework/boot/tomcat/autoconfigure/TomcatWebServerFactoryCustomizer customize (Lorg/springframework/boot/tomcat/ConfigurableTomcatWebServerFactory;)V 801 <appendix> member <vmtarget> ; # org/springframework/boot/tomcat/autoconfigure/TomcatWebServerFactoryCustomizer$$Lambda+0x000001faad3399f8
instanceKlass  @bci org/springframework/boot/tomcat/autoconfigure/TomcatWebServerFactoryCustomizer customize (Lorg/springframework/boot/tomcat/ConfigurableTomcatWebServerFactory;)V 780 <appendix> member <vmtarget> ; # org/springframework/boot/tomcat/autoconfigure/TomcatWebServerFactoryCustomizer$$Lambda+0x000001faad3397c8
instanceKlass  @bci org/springframework/boot/tomcat/autoconfigure/TomcatWebServerFactoryCustomizer customize (Lorg/springframework/boot/tomcat/ConfigurableTomcatWebServerFactory;)V 767 <appendix> member <vmtarget> ; # org/springframework/boot/tomcat/autoconfigure/TomcatWebServerFactoryCustomizer$$Lambda+0x000001faad3395a8
instanceKlass  @bci org/springframework/boot/tomcat/autoconfigure/TomcatWebServerFactoryCustomizer customize (Lorg/springframework/boot/tomcat/ConfigurableTomcatWebServerFactory;)V 758 <appendix> member <vmtarget> ; # org/springframework/boot/tomcat/autoconfigure/TomcatWebServerFactoryCustomizer$$Lambda+0x000001faad339388
instanceKlass  @bci java/util/stream/Collectors joining ()Ljava/util/stream/Collector; 19 <appendix> argL0 ; # java/util/stream/Collectors$$Lambda+0x000001faad1e45c8
instanceKlass  @bci java/util/stream/Collectors joining ()Ljava/util/stream/Collector; 14 <appendix> argL0 ; # java/util/stream/Collectors$$Lambda+0x000001faad1e4388
instanceKlass  @bci java/util/stream/Collectors joining ()Ljava/util/stream/Collector; 9 <appendix> argL0 ; # java/util/stream/Collectors$$Lambda+0x000001faad1e4160
instanceKlass  @bci java/util/stream/Collectors joining ()Ljava/util/stream/Collector; 4 <appendix> argL0 ; # java/util/stream/Collectors$$Lambda+0x000001faad1e3f48
instanceKlass  @bci org/springframework/boot/tomcat/autoconfigure/TomcatWebServerFactoryCustomizer joinCharacters (Ljava/util/List;)Ljava/lang/String; 6 <appendix> argL0 ; # org/springframework/boot/tomcat/autoconfigure/TomcatWebServerFactoryCustomizer$$Lambda+0x000001faad339150
instanceKlass  @bci org/springframework/boot/tomcat/autoconfigure/TomcatWebServerFactoryCustomizer customize (Lorg/springframework/boot/tomcat/ConfigurableTomcatWebServerFactory;)V 740 <appendix> member <vmtarget> ; # org/springframework/boot/tomcat/autoconfigure/TomcatWebServerFactoryCustomizer$$Lambda+0x000001faad338f20
instanceKlass  @bci org/springframework/boot/context/properties/PropertyMapper$Source whenHasText ()Lorg/springframework/boot/context/properties/PropertyMapper$Source; 1 <appendix> argL0 ; # org/springframework/boot/context/properties/PropertyMapper$Source$$Lambda+0x000001faad338cd8
instanceKlass  @bci org/springframework/boot/tomcat/autoconfigure/TomcatWebServerFactoryCustomizer customize (Lorg/springframework/boot/tomcat/ConfigurableTomcatWebServerFactory;)V 727 <appendix> member <vmtarget> ; # org/springframework/boot/tomcat/autoconfigure/TomcatWebServerFactoryCustomizer$$Lambda+0x000001faad338ab8
instanceKlass  @bci org/springframework/boot/tomcat/autoconfigure/TomcatWebServerFactoryCustomizer customize (Lorg/springframework/boot/tomcat/ConfigurableTomcatWebServerFactory;)V 718 <appendix> member <vmtarget> ; # org/springframework/boot/tomcat/autoconfigure/TomcatWebServerFactoryCustomizer$$Lambda+0x000001faad338898
instanceKlass  @bci org/springframework/boot/tomcat/autoconfigure/TomcatWebServerFactoryCustomizer customizeMaxKeepAliveRequests (Lorg/springframework/boot/tomcat/ConfigurableTomcatWebServerFactory;I)V 5 <appendix> argL0 ; # org/springframework/boot/tomcat/autoconfigure/TomcatWebServerFactoryCustomizer$$Lambda+0x000001faad338680
instanceKlass  @bci org/springframework/boot/tomcat/autoconfigure/TomcatWebServerFactoryCustomizer customize (Lorg/springframework/boot/tomcat/ConfigurableTomcatWebServerFactory;)V 700 <appendix> member <vmtarget> ; # org/springframework/boot/tomcat/autoconfigure/TomcatWebServerFactoryCustomizer$$Lambda+0x000001faad338450
instanceKlass  @bci org/springframework/boot/tomcat/autoconfigure/TomcatWebServerFactoryCustomizer customize (Lorg/springframework/boot/tomcat/ConfigurableTomcatWebServerFactory;)V 690 <appendix> member <vmtarget> ; # org/springframework/boot/tomcat/autoconfigure/TomcatWebServerFactoryCustomizer$$Lambda+0x000001faad338230
instanceKlass  @bci org/springframework/boot/tomcat/autoconfigure/TomcatWebServerFactoryCustomizer customize (Lorg/springframework/boot/tomcat/ConfigurableTomcatWebServerFactory;)V 672 <appendix> member <vmtarget> ; # org/springframework/boot/tomcat/autoconfigure/TomcatWebServerFactoryCustomizer$$Lambda+0x000001faad338000
instanceKlass  @bci org/springframework/boot/tomcat/autoconfigure/TomcatWebServerFactoryCustomizer customize (Lorg/springframework/boot/tomcat/ConfigurableTomcatWebServerFactory;)V 662 <appendix> member <vmtarget> ; # org/springframework/boot/tomcat/autoconfigure/TomcatWebServerFactoryCustomizer$$Lambda+0x000001faad334400
instanceKlass  @bci org/springframework/boot/tomcat/autoconfigure/TomcatWebServerFactoryCustomizer customizeProcessorCache (Lorg/springframework/boot/tomcat/ConfigurableTomcatWebServerFactory;I)V 5 <appendix> argL0 ; # org/springframework/boot/tomcat/autoconfigure/TomcatWebServerFactoryCustomizer$$Lambda+0x000001faad334c50
instanceKlass  @bci org/springframework/boot/tomcat/autoconfigure/TomcatWebServerFactoryCustomizer customize (Lorg/springframework/boot/tomcat/ConfigurableTomcatWebServerFactory;)V 644 <appendix> member <vmtarget> ; # org/springframework/boot/tomcat/autoconfigure/TomcatWebServerFactoryCustomizer$$Lambda+0x000001faad334a20
instanceKlass  @bci org/springframework/boot/tomcat/autoconfigure/TomcatWebServerFactoryCustomizer customize (Lorg/springframework/boot/tomcat/ConfigurableTomcatWebServerFactory;)V 634 <appendix> member <vmtarget> ; # org/springframework/boot/tomcat/autoconfigure/TomcatWebServerFactoryCustomizer$$Lambda+0x000001faad334800
instanceKlass  @bci org/springframework/boot/tomcat/autoconfigure/TomcatWebServerFactoryCustomizer customizeAcceptCount (Lorg/springframework/boot/tomcat/ConfigurableTomcatWebServerFactory;I)V 5 <appendix> argL0 ; # org/springframework/boot/tomcat/autoconfigure/TomcatWebServerFactoryCustomizer$$Lambda+0x000001faad335d38
instanceKlass  @bci org/springframework/boot/tomcat/autoconfigure/TomcatWebServerFactoryCustomizer customize (Lorg/springframework/boot/tomcat/ConfigurableTomcatWebServerFactory;)V 616 <appendix> member <vmtarget> ; # org/springframework/boot/tomcat/autoconfigure/TomcatWebServerFactoryCustomizer$$Lambda+0x000001faad335b08
instanceKlass  @bci org/springframework/boot/tomcat/autoconfigure/TomcatWebServerFactoryCustomizer customize (Lorg/springframework/boot/tomcat/ConfigurableTomcatWebServerFactory;)V 606 <appendix> member <vmtarget> ; # org/springframework/boot/tomcat/autoconfigure/TomcatWebServerFactoryCustomizer$$Lambda+0x000001faad3358b8
instanceKlass  @bci org/springframework/boot/tomcat/autoconfigure/TomcatWebServerFactoryCustomizer customize (Lorg/springframework/boot/tomcat/ConfigurableTomcatWebServerFactory;)V 597 <appendix> member <vmtarget> ; # org/springframework/boot/tomcat/autoconfigure/TomcatWebServerFactoryCustomizer$$Lambda+0x000001faad335698
instanceKlass  @bci org/springframework/boot/tomcat/autoconfigure/TomcatWebServerFactoryCustomizer customizeMaxConnections (Lorg/springframework/boot/tomcat/ConfigurableTomcatWebServerFactory;I)V 5 <appendix> argL0 ; # org/springframework/boot/tomcat/autoconfigure/TomcatWebServerFactoryCustomizer$$Lambda+0x000001faad335480
instanceKlass  @bci org/springframework/boot/tomcat/autoconfigure/TomcatWebServerFactoryCustomizer customize (Lorg/springframework/boot/tomcat/ConfigurableTomcatWebServerFactory;)V 579 <appendix> member <vmtarget> ; # org/springframework/boot/tomcat/autoconfigure/TomcatWebServerFactoryCustomizer$$Lambda+0x000001faad335250
instanceKlass  @bci org/springframework/boot/tomcat/autoconfigure/TomcatWebServerFactoryCustomizer customize (Lorg/springframework/boot/tomcat/ConfigurableTomcatWebServerFactory;)V 569 <appendix> member <vmtarget> ; # org/springframework/boot/tomcat/autoconfigure/TomcatWebServerFactoryCustomizer$$Lambda+0x000001faad335000
instanceKlass  @bci org/springframework/boot/tomcat/autoconfigure/TomcatWebServerFactoryCustomizer customize (Lorg/springframework/boot/tomcat/ConfigurableTomcatWebServerFactory;)V 560 <appendix> member <vmtarget> ; # org/springframework/boot/tomcat/autoconfigure/TomcatWebServerFactoryCustomizer$$Lambda+0x000001faad337c00
instanceKlass  @bci org/springframework/boot/tomcat/autoconfigure/TomcatWebServerFactoryCustomizer customize (Lorg/springframework/boot/tomcat/ConfigurableTomcatWebServerFactory;)V 542 <appendix> member <vmtarget> ; # org/springframework/boot/tomcat/autoconfigure/TomcatWebServerFactoryCustomizer$$Lambda+0x000001faad3379d0
instanceKlass  @bci org/springframework/boot/tomcat/autoconfigure/TomcatWebServerFactoryCustomizer customize (Lorg/springframework/boot/tomcat/ConfigurableTomcatWebServerFactory;)V 532 <appendix> member <vmtarget> ; # org/springframework/boot/tomcat/autoconfigure/TomcatWebServerFactoryCustomizer$$Lambda+0x000001faad3377b0
instanceKlass  @bci org/springframework/boot/tomcat/autoconfigure/TomcatWebServerFactoryCustomizer customize (Lorg/springframework/boot/tomcat/ConfigurableTomcatWebServerFactory;)V 514 <appendix> member <vmtarget> ; # org/springframework/boot/tomcat/autoconfigure/TomcatWebServerFactoryCustomizer$$Lambda+0x000001faad337580
instanceKlass  @bci org/springframework/boot/tomcat/autoconfigure/TomcatWebServerFactoryCustomizer customize (Lorg/springframework/boot/tomcat/ConfigurableTomcatWebServerFactory;)V 500 <appendix> member <vmtarget> ; # org/springframework/boot/tomcat/autoconfigure/TomcatWebServerFactoryCustomizer$$Lambda+0x000001faad337360
instanceKlass  @bci org/springframework/boot/tomcat/autoconfigure/TomcatWebServerFactoryCustomizer customize (Lorg/springframework/boot/tomcat/ConfigurableTomcatWebServerFactory;)V 482 <appendix> member <vmtarget> ; # org/springframework/boot/tomcat/autoconfigure/TomcatWebServerFactoryCustomizer$$Lambda+0x000001faad337130
instanceKlass  @bci org/springframework/boot/tomcat/autoconfigure/TomcatWebServerFactoryCustomizer customize (Lorg/springframework/boot/tomcat/ConfigurableTomcatWebServerFactory;)V 472 <appendix> argL0 ; # org/springframework/boot/tomcat/autoconfigure/TomcatWebServerFactoryCustomizer$$Lambda+0x000001faad336ee8
instanceKlass  @bci org/springframework/boot/tomcat/autoconfigure/TomcatWebServerFactoryCustomizer customize (Lorg/springframework/boot/tomcat/ConfigurableTomcatWebServerFactory;)V 464 <appendix> member <vmtarget> ; # org/springframework/boot/tomcat/autoconfigure/TomcatWebServerFactoryCustomizer$$Lambda+0x000001faad336cc8
instanceKlass  @bci org/springframework/boot/tomcat/autoconfigure/TomcatWebServerFactoryCustomizer customizeMaxPartCount (Lorg/springframework/boot/tomcat/ConfigurableTomcatWebServerFactory;I)V 8 <appendix> member <vmtarget> ; # org/springframework/boot/tomcat/autoconfigure/TomcatWebServerFactoryCustomizer$$Lambda+0x000001faad336ab0
instanceKlass  @bci org/springframework/boot/tomcat/autoconfigure/TomcatWebServerFactoryCustomizer customize (Lorg/springframework/boot/tomcat/ConfigurableTomcatWebServerFactory;)V 446 <appendix> member <vmtarget> ; # org/springframework/boot/tomcat/autoconfigure/TomcatWebServerFactoryCustomizer$$Lambda+0x000001faad336880
instanceKlass  @bci org/springframework/boot/tomcat/autoconfigure/TomcatWebServerFactoryCustomizer customize (Lorg/springframework/boot/tomcat/ConfigurableTomcatWebServerFactory;)V 436 <appendix> member <vmtarget> ; # org/springframework/boot/tomcat/autoconfigure/TomcatWebServerFactoryCustomizer$$Lambda+0x000001faad336660
instanceKlass  @bci org/springframework/boot/tomcat/autoconfigure/TomcatWebServerFactoryCustomizer customizeMaxPartHeaderSize (Lorg/springframework/boot/tomcat/ConfigurableTomcatWebServerFactory;I)V 8 <appendix> member <vmtarget> ; # org/springframework/boot/tomcat/autoconfigure/TomcatWebServerFactoryCustomizer$$Lambda+0x000001faad336448
instanceKlass  @bci org/springframework/boot/tomcat/autoconfigure/TomcatWebServerFactoryCustomizer customize (Lorg/springframework/boot/tomcat/ConfigurableTomcatWebServerFactory;)V 418 <appendix> member <vmtarget> ; # org/springframework/boot/tomcat/autoconfigure/TomcatWebServerFactoryCustomizer$$Lambda+0x000001faad336218
instanceKlass  @bci org/springframework/boot/tomcat/autoconfigure/TomcatWebServerFactoryCustomizer customize (Lorg/springframework/boot/tomcat/ConfigurableTomcatWebServerFactory;)V 408 <appendix> argL0 ; # org/springframework/boot/tomcat/autoconfigure/TomcatWebServerFactoryCustomizer$$Lambda+0x000001faad336000
instanceKlass  @bci org/springframework/boot/tomcat/autoconfigure/TomcatWebServerFactoryCustomizer customize (Lorg/springframework/boot/tomcat/ConfigurableTomcatWebServerFactory;)V 400 <appendix> member <vmtarget> ; # org/springframework/boot/tomcat/autoconfigure/TomcatWebServerFactoryCustomizer$$Lambda+0x000001faad333d90
instanceKlass  @bci org/springframework/boot/tomcat/autoconfigure/TomcatWebServerFactoryCustomizer customizeMaxParameterCount (Lorg/springframework/boot/tomcat/ConfigurableTomcatWebServerFactory;I)V 8 <appendix> member <vmtarget> ; # org/springframework/boot/tomcat/autoconfigure/TomcatWebServerFactoryCustomizer$$Lambda+0x000001faad333b78
instanceKlass  @bci org/springframework/boot/tomcat/autoconfigure/TomcatWebServerFactoryCustomizer customize (Lorg/springframework/boot/tomcat/ConfigurableTomcatWebServerFactory;)V 382 <appendix> member <vmtarget> ; # org/springframework/boot/tomcat/autoconfigure/TomcatWebServerFactoryCustomizer$$Lambda+0x000001faad333948
instanceKlass  @bci org/springframework/boot/tomcat/autoconfigure/TomcatWebServerFactoryCustomizer customize (Lorg/springframework/boot/tomcat/ConfigurableTomcatWebServerFactory;)V 372 <appendix> member <vmtarget> ; # org/springframework/boot/tomcat/autoconfigure/TomcatWebServerFactoryCustomizer$$Lambda+0x000001faad333728
instanceKlass  @bci org/springframework/boot/tomcat/autoconfigure/TomcatWebServerFactoryCustomizer customizeMaxHttpFormPostSize (Lorg/springframework/boot/tomcat/ConfigurableTomcatWebServerFactory;I)V 8 <appendix> member <vmtarget> ; # org/springframework/boot/tomcat/autoconfigure/TomcatWebServerFactoryCustomizer$$Lambda+0x000001faad333510
instanceKlass  @cpi org/springframework/boot/tomcat/autoconfigure/servlet/TomcatServletWebServerFactoryCustomizer 115 form vmentry <vmtarget> ; # java/lang/invoke/LambdaForm$DMH+0x000001faad334000
instanceKlass  @bci org/springframework/boot/tomcat/autoconfigure/TomcatWebServerFactoryCustomizer customize (Lorg/springframework/boot/tomcat/ConfigurableTomcatWebServerFactory;)V 354 <appendix> member <vmtarget> ; # org/springframework/boot/tomcat/autoconfigure/TomcatWebServerFactoryCustomizer$$Lambda+0x000001faad3332e0
instanceKlass  @bci org/springframework/boot/tomcat/autoconfigure/TomcatWebServerFactoryCustomizer customize (Lorg/springframework/boot/tomcat/ConfigurableTomcatWebServerFactory;)V 344 <appendix> argL0 ; # org/springframework/boot/tomcat/autoconfigure/TomcatWebServerFactoryCustomizer$$Lambda+0x000001faad333098
instanceKlass  @bci org/springframework/boot/tomcat/autoconfigure/TomcatWebServerFactoryCustomizer customize (Lorg/springframework/boot/tomcat/ConfigurableTomcatWebServerFactory;)V 336 <appendix> argL0 ; # org/springframework/boot/tomcat/autoconfigure/TomcatWebServerFactoryCustomizer$$Lambda+0x000001faad332e80
instanceKlass  @bci org/springframework/boot/tomcat/autoconfigure/TomcatWebServerFactoryCustomizer customize (Lorg/springframework/boot/tomcat/ConfigurableTomcatWebServerFactory;)V 328 <appendix> member <vmtarget> ; # org/springframework/boot/tomcat/autoconfigure/TomcatWebServerFactoryCustomizer$$Lambda+0x000001faad332c60
instanceKlass  @bci org/springframework/boot/tomcat/autoconfigure/TomcatWebServerFactoryCustomizer customizeMaxSwallowSize (Lorg/springframework/boot/tomcat/ConfigurableTomcatWebServerFactory;I)V 5 <appendix> argL0 ; # org/springframework/boot/tomcat/autoconfigure/TomcatWebServerFactoryCustomizer$$Lambda+0x000001faad332a48
instanceKlass  @bci org/springframework/boot/tomcat/autoconfigure/TomcatWebServerFactoryCustomizer customize (Lorg/springframework/boot/tomcat/ConfigurableTomcatWebServerFactory;)V 310 <appendix> member <vmtarget> ; # org/springframework/boot/tomcat/autoconfigure/TomcatWebServerFactoryCustomizer$$Lambda+0x000001faad332818
instanceKlass  @bci org/springframework/boot/tomcat/autoconfigure/TomcatWebServerFactoryCustomizer customize (Lorg/springframework/boot/tomcat/ConfigurableTomcatWebServerFactory;)V 300 <appendix> argL0 ; # org/springframework/boot/tomcat/autoconfigure/TomcatWebServerFactoryCustomizer$$Lambda+0x000001faad332600
instanceKlass  @bci org/springframework/boot/tomcat/autoconfigure/TomcatWebServerFactoryCustomizer customize (Lorg/springframework/boot/tomcat/ConfigurableTomcatWebServerFactory;)V 292 <appendix> member <vmtarget> ; # org/springframework/boot/tomcat/autoconfigure/TomcatWebServerFactoryCustomizer$$Lambda+0x000001faad3323e0
instanceKlass  @bci org/springframework/boot/tomcat/autoconfigure/TomcatWebServerFactoryCustomizer customizeMaxHttpResponseHeaderSize (Lorg/springframework/boot/tomcat/ConfigurableTomcatWebServerFactory;I)V 5 <appendix> argL0 ; # org/springframework/boot/tomcat/autoconfigure/TomcatWebServerFactoryCustomizer$$Lambda+0x000001faad3321c8
instanceKlass  @bci org/springframework/boot/tomcat/autoconfigure/TomcatWebServerFactoryCustomizer customize (Lorg/springframework/boot/tomcat/ConfigurableTomcatWebServerFactory;)V 274 <appendix> member <vmtarget> ; # org/springframework/boot/tomcat/autoconfigure/TomcatWebServerFactoryCustomizer$$Lambda+0x000001faad331f98
instanceKlass  @bci org/springframework/boot/tomcat/autoconfigure/TomcatWebServerFactoryCustomizer customize (Lorg/springframework/boot/tomcat/ConfigurableTomcatWebServerFactory;)V 264 <appendix> member <vmtarget> ; # org/springframework/boot/tomcat/autoconfigure/TomcatWebServerFactoryCustomizer$$Lambda+0x000001faad331d48
instanceKlass  @bci org/springframework/boot/tomcat/autoconfigure/TomcatWebServerFactoryCustomizer customize (Lorg/springframework/boot/tomcat/ConfigurableTomcatWebServerFactory;)V 255 <appendix> argL0 ; # org/springframework/boot/tomcat/autoconfigure/TomcatWebServerFactoryCustomizer$$Lambda+0x000001faad331b30
instanceKlass  @bci org/springframework/boot/tomcat/autoconfigure/TomcatWebServerFactoryCustomizer customize (Lorg/springframework/boot/tomcat/ConfigurableTomcatWebServerFactory;)V 247 <appendix> member <vmtarget> ; # org/springframework/boot/tomcat/autoconfigure/TomcatWebServerFactoryCustomizer$$Lambda+0x000001faad331910
instanceKlass  @bci org/springframework/boot/tomcat/autoconfigure/TomcatWebServerFactoryCustomizer customizeMaxHttpRequestHeaderSize (Lorg/springframework/boot/tomcat/ConfigurableTomcatWebServerFactory;I)V 5 <appendix> argL0 ; # org/springframework/boot/tomcat/autoconfigure/TomcatWebServerFactoryCustomizer$$Lambda+0x000001faad3316f8
instanceKlass org/apache/coyote/Processor
instanceKlass  @bci org/springframework/boot/tomcat/autoconfigure/TomcatWebServerFactoryCustomizer customize (Lorg/springframework/boot/tomcat/ConfigurableTomcatWebServerFactory;)V 229 <appendix> member <vmtarget> ; # org/springframework/boot/tomcat/autoconfigure/TomcatWebServerFactoryCustomizer$$Lambda+0x000001faad330ac8
instanceKlass  @bci org/springframework/boot/tomcat/autoconfigure/TomcatWebServerFactoryCustomizer customize (Lorg/springframework/boot/tomcat/ConfigurableTomcatWebServerFactory;)V 219 <appendix> member <vmtarget> ; # org/springframework/boot/tomcat/autoconfigure/TomcatWebServerFactoryCustomizer$$Lambda+0x000001faad330878
instanceKlass  @bci org/springframework/boot/context/properties/PropertyMapper$Source asInt (Lorg/springframework/boot/context/properties/PropertyMapper$Source$Adapter;)Lorg/springframework/boot/context/properties/PropertyMapper$Source; 5 <appendix> argL0 ; # org/springframework/boot/context/properties/PropertyMapper$Source$$Lambda+0x000001faad330660
instanceKlass  @bci org/springframework/boot/tomcat/autoconfigure/TomcatWebServerFactoryCustomizer customize (Lorg/springframework/boot/tomcat/ConfigurableTomcatWebServerFactory;)V 210 <appendix> argL0 ; # org/springframework/boot/tomcat/autoconfigure/TomcatWebServerFactoryCustomizer$$Lambda+0x000001faad330448
instanceKlass  @bci org/springframework/boot/tomcat/autoconfigure/TomcatWebServerFactoryCustomizer customizeMaxQueueCapacity (Lorg/springframework/boot/tomcat/ConfigurableTomcatWebServerFactory;I)V 5 <appendix> argL0 ; # org/springframework/boot/tomcat/autoconfigure/TomcatWebServerFactoryCustomizer$$Lambda+0x000001faad330230
instanceKlass  @bci org/springframework/boot/tomcat/autoconfigure/TomcatWebServerFactoryCustomizer customize (Lorg/springframework/boot/tomcat/ConfigurableTomcatWebServerFactory;)V 191 <appendix> member <vmtarget> ; # org/springframework/boot/tomcat/autoconfigure/TomcatWebServerFactoryCustomizer$$Lambda+0x000001faad330000
instanceKlass  @bci org/springframework/boot/tomcat/autoconfigure/TomcatWebServerFactoryCustomizer customize (Lorg/springframework/boot/tomcat/ConfigurableTomcatWebServerFactory;)V 181 <appendix> member <vmtarget> ; # org/springframework/boot/tomcat/autoconfigure/TomcatWebServerFactoryCustomizer$$Lambda+0x000001faad32dc38
instanceKlass  @bci org/springframework/boot/tomcat/autoconfigure/TomcatWebServerFactoryCustomizer customize (Lorg/springframework/boot/tomcat/ConfigurableTomcatWebServerFactory;)V 172 <appendix> member <vmtarget> ; # org/springframework/boot/tomcat/autoconfigure/TomcatWebServerFactoryCustomizer$$Lambda+0x000001faad32da18
instanceKlass  @bci org/springframework/boot/tomcat/autoconfigure/TomcatWebServerFactoryCustomizer customizeMinThreads (Lorg/springframework/boot/tomcat/ConfigurableTomcatWebServerFactory;I)V 5 <appendix> argL0 ; # org/springframework/boot/tomcat/autoconfigure/TomcatWebServerFactoryCustomizer$$Lambda+0x000001faad32d800
instanceKlass  @bci org/springframework/boot/tomcat/autoconfigure/TomcatWebServerFactoryCustomizer customize (Lorg/springframework/boot/tomcat/ConfigurableTomcatWebServerFactory;)V 157 <appendix> member <vmtarget> ; # org/springframework/boot/tomcat/autoconfigure/TomcatWebServerFactoryCustomizer$$Lambda+0x000001faad32fc10
instanceKlass  @bci org/springframework/boot/tomcat/autoconfigure/TomcatWebServerFactoryCustomizer customize (Lorg/springframework/boot/tomcat/ConfigurableTomcatWebServerFactory;)V 147 <appendix> member <vmtarget> ; # org/springframework/boot/tomcat/autoconfigure/TomcatWebServerFactoryCustomizer$$Lambda+0x000001faad32f9c0
instanceKlass  @bci org/springframework/boot/tomcat/autoconfigure/TomcatWebServerFactoryCustomizer customize (Lorg/springframework/boot/tomcat/ConfigurableTomcatWebServerFactory;)V 138 <appendix> member <vmtarget> ; # org/springframework/boot/tomcat/autoconfigure/TomcatWebServerFactoryCustomizer$$Lambda+0x000001faad32f7a0
instanceKlass  @bci org/springframework/boot/tomcat/autoconfigure/TomcatWebServerFactoryCustomizer customizeHandler (Lorg/springframework/boot/tomcat/ConfigurableTomcatWebServerFactory;ILjava/lang/Class;Ljava/util/function/ObjIntConsumer;)V 11 <adapter> ; # java/lang/invoke/LambdaForm$MH+0x000001faad32d400
# instanceKlass java/lang/invoke/LambdaForm$DMH+0x000001faad32d000
instanceKlass  @bci org/springframework/boot/tomcat/autoconfigure/TomcatWebServerFactoryCustomizer customizeHandler (Lorg/springframework/boot/tomcat/ConfigurableTomcatWebServerFactory;ILjava/lang/Class;Ljava/util/function/ObjIntConsumer;)V 11 <appendix> form vmentry <vmtarget> ; # java/lang/invoke/LambdaForm$DMH+0x000001faad32cc00
instanceKlass  @bci org/springframework/boot/tomcat/autoconfigure/TomcatWebServerFactoryCustomizer customizeHandler (Lorg/springframework/boot/tomcat/ConfigurableTomcatWebServerFactory;ILjava/lang/Class;Ljava/util/function/ObjIntConsumer;)V 11 <appendix> member <vmtarget> ; # org/springframework/boot/tomcat/autoconfigure/TomcatWebServerFactoryCustomizer$$Lambda+0x000001faad32f580
instanceKlass  @cpi org/springframework/boot/tomcat/autoconfigure/TomcatWebServerFactoryCustomizer 1150 form vmentry <vmtarget> ; # java/lang/invoke/LambdaForm$DMH+0x000001faad32c800
instanceKlass  @bci org/springframework/boot/tomcat/autoconfigure/TomcatWebServerFactoryCustomizer customizeMaxThreads (Lorg/springframework/boot/tomcat/ConfigurableTomcatWebServerFactory;I)V 5 <appendix> argL0 ; # org/springframework/boot/tomcat/autoconfigure/TomcatWebServerFactoryCustomizer$$Lambda+0x000001faad32f368
instanceKlass org/apache/tomcat/util/net/AbstractEndpoint$Handler
instanceKlass  @bci org/springframework/boot/tomcat/autoconfigure/TomcatWebServerFactoryCustomizer customize (Lorg/springframework/boot/tomcat/ConfigurableTomcatWebServerFactory;)V 123 <appendix> member <vmtarget> ; # org/springframework/boot/tomcat/autoconfigure/TomcatWebServerFactoryCustomizer$$Lambda+0x000001faad32ef40
instanceKlass  @bci org/springframework/boot/tomcat/autoconfigure/TomcatWebServerFactoryCustomizer customize (Lorg/springframework/boot/tomcat/ConfigurableTomcatWebServerFactory;)V 113 <appendix> member <vmtarget> ; # org/springframework/boot/tomcat/autoconfigure/TomcatWebServerFactoryCustomizer$$Lambda+0x000001faad32ecf0
instanceKlass  @cpi org/springframework/boot/tomcat/autoconfigure/TomcatWebServerFactoryCustomizer 902 form vmentry <vmtarget> ; # java/lang/invoke/LambdaForm$DMH+0x000001faad32c400
instanceKlass  @bci org/springframework/boot/tomcat/autoconfigure/TomcatWebServerFactoryCustomizer customize (Lorg/springframework/boot/tomcat/ConfigurableTomcatWebServerFactory;)V 104 <appendix> member <vmtarget> ; # org/springframework/boot/tomcat/autoconfigure/TomcatWebServerFactoryCustomizer$$Lambda+0x000001faad32ead0
instanceKlass  @bci org/springframework/boot/tomcat/autoconfigure/TomcatWebServerFactoryCustomizer customize (Lorg/springframework/boot/tomcat/ConfigurableTomcatWebServerFactory;)V 76 <appendix> member <vmtarget> ; # org/springframework/boot/tomcat/autoconfigure/TomcatWebServerFactoryCustomizer$$Lambda+0x000001faad32e8a0
instanceKlass  @bci org/springframework/boot/tomcat/autoconfigure/TomcatWebServerFactoryCustomizer customize (Lorg/springframework/boot/tomcat/ConfigurableTomcatWebServerFactory;)V 62 <appendix> argL0 ; # org/springframework/boot/tomcat/autoconfigure/TomcatWebServerFactoryCustomizer$$Lambda+0x000001faad32e688
instanceKlass  @bci org/springframework/boot/context/properties/PropertyMapper$Source as (Lorg/springframework/boot/context/properties/PropertyMapper$Source$Adapter;)Lorg/springframework/boot/context/properties/PropertyMapper$Source; 15 <appendix> member <vmtarget> ; # org/springframework/boot/context/properties/PropertyMapper$Source$$Lambda+0x000001faad32e438
instanceKlass  @bci org/springframework/boot/context/properties/PropertyMapper$Source as (Lorg/springframework/boot/context/properties/PropertyMapper$Source$Adapter;)Lorg/springframework/boot/context/properties/PropertyMapper$Source; 8 <appendix> member <vmtarget> ; # org/springframework/boot/context/properties/PropertyMapper$Source$$Lambda+0x000001faad32e218
instanceKlass  @bci org/springframework/boot/tomcat/autoconfigure/TomcatWebServerFactoryCustomizer customize (Lorg/springframework/boot/tomcat/ConfigurableTomcatWebServerFactory;)V 54 <appendix> argL0 ; # org/springframework/boot/tomcat/autoconfigure/TomcatWebServerFactoryCustomizer$$Lambda+0x000001faad32e000
instanceKlass org/springframework/boot/context/properties/PropertyMapper$Source$Adapter
instanceKlass  @bci org/springframework/boot/tomcat/autoconfigure/TomcatWebServerFactoryCustomizer customize (Lorg/springframework/boot/tomcat/ConfigurableTomcatWebServerFactory;)V 46 <appendix> member <vmtarget> ; # org/springframework/boot/tomcat/autoconfigure/TomcatWebServerFactoryCustomizer$$Lambda+0x000001faad32ba50
instanceKlass  @bci org/springframework/boot/tomcat/autoconfigure/TomcatWebServerFactoryCustomizer customize (Lorg/springframework/boot/tomcat/ConfigurableTomcatWebServerFactory;)V 28 <appendix> member <vmtarget> ; # org/springframework/boot/tomcat/autoconfigure/TomcatWebServerFactoryCustomizer$$Lambda+0x000001faad32b820
instanceKlass  @bci org/springframework/boot/tomcat/autoconfigure/TomcatWebServerFactoryCustomizer customize (Lorg/springframework/boot/tomcat/ConfigurableTomcatWebServerFactory;)V 14 <appendix> member <vmtarget> ; # org/springframework/boot/tomcat/autoconfigure/TomcatWebServerFactoryCustomizer$$Lambda+0x000001faad32b600
instanceKlass org/springframework/boot/util/LambdaSafe$InvocationResult
instanceKlass  @bci org/springframework/boot/web/server/autoconfigure/servlet/ServletWebServerFactoryCustomizer customize (Lorg/springframework/boot/web/server/servlet/ConfigurableServletWebServerFactory;)V 562 <appendix> member <vmtarget> ; # org/springframework/boot/web/server/autoconfigure/servlet/ServletWebServerFactoryCustomizer$$Lambda+0x000001faad32b1c8
instanceKlass  @bci org/springframework/boot/web/server/autoconfigure/servlet/ServletWebServerFactoryCustomizer customize (Lorg/springframework/boot/web/server/servlet/ConfigurableServletWebServerFactory;)V 549 <appendix> member <vmtarget> ; # org/springframework/boot/web/server/autoconfigure/servlet/ServletWebServerFactoryCustomizer$$Lambda+0x000001faad32af98
instanceKlass  @bci org/springframework/boot/web/server/autoconfigure/servlet/ServletWebServerFactoryCustomizer customize (Lorg/springframework/boot/web/server/servlet/ConfigurableServletWebServerFactory;)V 535 <appendix> member <vmtarget> ; # org/springframework/boot/web/server/autoconfigure/servlet/ServletWebServerFactoryCustomizer$$Lambda+0x000001faad32ad78
instanceKlass  @bci org/springframework/boot/web/server/servlet/ServletWebServerSettings addMimeMappings (Lorg/springframework/boot/web/server/MimeMappings;)V 2 <appendix> member <vmtarget> ; # org/springframework/boot/web/server/servlet/ServletWebServerSettings$$Lambda+0x000001faad32ab48
instanceKlass  @bci org/springframework/boot/web/server/autoconfigure/servlet/ServletWebServerFactoryCustomizer customize (Lorg/springframework/boot/web/server/servlet/ConfigurableServletWebServerFactory;)V 511 <appendix> member <vmtarget> ; # org/springframework/boot/web/server/autoconfigure/servlet/ServletWebServerFactoryCustomizer$$Lambda+0x000001faad32a918
instanceKlass  @bci org/springframework/boot/web/server/autoconfigure/servlet/ServletWebServerFactoryCustomizer customize (Lorg/springframework/boot/web/server/servlet/ConfigurableServletWebServerFactory;)V 497 <appendix> member <vmtarget> ; # org/springframework/boot/web/server/autoconfigure/servlet/ServletWebServerFactoryCustomizer$$Lambda+0x000001faad32a6f8
instanceKlass  @bci org/springframework/boot/web/server/autoconfigure/servlet/ServletWebServerFactoryCustomizer customize (Lorg/springframework/boot/web/server/servlet/ConfigurableServletWebServerFactory;)V 479 <appendix> member <vmtarget> ; # org/springframework/boot/web/server/autoconfigure/servlet/ServletWebServerFactoryCustomizer$$Lambda+0x000001faad32a4c8
instanceKlass  @bci java/util/function/Predicate negate ()Ljava/util/function/Predicate; 1 <appendix> member <vmtarget> ; # java/util/function/Predicate$$Lambda+0x000001faad1e3130
instanceKlass  @cpi java/util/function/Predicate 75 form vmentry <vmtarget> ; # java/lang/invoke/LambdaForm$DMH+0x000001faad32c000
instanceKlass  @bci org/springframework/boot/web/server/autoconfigure/servlet/ServletWebServerFactoryCustomizer customize (Lorg/springframework/boot/web/server/servlet/ConfigurableServletWebServerFactory;)V 465 <appendix> argL0 ; # org/springframework/boot/web/server/autoconfigure/servlet/ServletWebServerFactoryCustomizer$$Lambda+0x000001faad32a280
instanceKlass  @bci org/springframework/boot/web/server/autoconfigure/servlet/ServletWebServerFactoryCustomizer customize (Lorg/springframework/boot/web/server/servlet/ConfigurableServletWebServerFactory;)V 457 <appendix> member <vmtarget> ; # org/springframework/boot/web/server/autoconfigure/servlet/ServletWebServerFactoryCustomizer$$Lambda+0x000001faad32a060
instanceKlass  @bci org/springframework/boot/web/server/autoconfigure/servlet/ServletWebServerFactoryCustomizer customize (Lorg/springframework/boot/web/server/servlet/ConfigurableServletWebServerFactory;)V 447 <appendix> member <vmtarget> ; # org/springframework/boot/web/server/autoconfigure/servlet/ServletWebServerFactoryCustomizer$$Lambda+0x000001faad329e30
instanceKlass  @bci org/springframework/boot/web/server/autoconfigure/servlet/ServletWebServerFactoryCustomizer customize (Lorg/springframework/boot/web/server/servlet/ConfigurableServletWebServerFactory;)V 433 <appendix> member <vmtarget> ; # org/springframework/boot/web/server/autoconfigure/servlet/ServletWebServerFactoryCustomizer$$Lambda+0x000001faad329c10
instanceKlass  @bci org/springframework/boot/web/server/autoconfigure/servlet/ServletWebServerFactoryCustomizer customize (Lorg/springframework/boot/web/server/servlet/ConfigurableServletWebServerFactory;)V 423 <appendix> member <vmtarget> ; # org/springframework/boot/web/server/autoconfigure/servlet/ServletWebServerFactoryCustomizer$$Lambda+0x000001faad3299e0
instanceKlass  @bci org/springframework/boot/context/properties/PropertyMapper from (Ljava/lang/Object;)Lorg/springframework/boot/context/properties/PropertyMapper$Source; 2 <appendix> member <vmtarget> ; # org/springframework/boot/context/properties/PropertyMapper$$Lambda+0x000001faad3297c0
instanceKlass  @bci org/springframework/boot/web/server/autoconfigure/servlet/ServletWebServerFactoryCustomizer customize (Lorg/springframework/boot/web/server/servlet/ConfigurableServletWebServerFactory;)V 398 <appendix> member <vmtarget> ; # org/springframework/boot/web/server/autoconfigure/servlet/ServletWebServerFactoryCustomizer$$Lambda+0x000001faad329590
instanceKlass  @bci org/springframework/boot/web/server/autoconfigure/servlet/ServletWebServerFactoryCustomizer customize (Lorg/springframework/boot/web/server/servlet/ConfigurableServletWebServerFactory;)V 384 <appendix> member <vmtarget> ; # org/springframework/boot/web/server/autoconfigure/servlet/ServletWebServerFactoryCustomizer$$Lambda+0x000001faad329370
instanceKlass  @bci org/springframework/boot/web/server/autoconfigure/servlet/ServletWebServerFactoryCustomizer customize (Lorg/springframework/boot/web/server/servlet/ConfigurableServletWebServerFactory;)V 363 <appendix> member <vmtarget> ; # org/springframework/boot/web/server/autoconfigure/servlet/ServletWebServerFactoryCustomizer$$Lambda+0x000001faad329140
instanceKlass  @bci org/springframework/boot/web/server/autoconfigure/servlet/ServletWebServerFactoryCustomizer customize (Lorg/springframework/boot/web/server/servlet/ConfigurableServletWebServerFactory;)V 349 <appendix> member <vmtarget> ; # org/springframework/boot/web/server/autoconfigure/servlet/ServletWebServerFactoryCustomizer$$Lambda+0x000001faad328f20
instanceKlass  @bci org/springframework/boot/web/server/autoconfigure/servlet/ServletWebServerFactoryCustomizer customize (Lorg/springframework/boot/web/server/servlet/ConfigurableServletWebServerFactory;)V 331 <appendix> member <vmtarget> ; # org/springframework/boot/web/server/autoconfigure/servlet/ServletWebServerFactoryCustomizer$$Lambda+0x000001faad328cf0
instanceKlass  @bci org/springframework/boot/web/server/autoconfigure/servlet/ServletWebServerFactoryCustomizer customize (Lorg/springframework/boot/web/server/servlet/ConfigurableServletWebServerFactory;)V 317 <appendix> member <vmtarget> ; # org/springframework/boot/web/server/autoconfigure/servlet/ServletWebServerFactoryCustomizer$$Lambda+0x000001faad328ad0
instanceKlass  @bci org/springframework/boot/web/server/autoconfigure/servlet/ServletWebServerFactoryCustomizer customize (Lorg/springframework/boot/web/server/servlet/ConfigurableServletWebServerFactory;)V 299 <appendix> member <vmtarget> ; # org/springframework/boot/web/server/autoconfigure/servlet/ServletWebServerFactoryCustomizer$$Lambda+0x000001faad3288a0
instanceKlass  @bci org/springframework/boot/web/server/autoconfigure/servlet/ServletWebServerFactoryCustomizer customize (Lorg/springframework/boot/web/server/servlet/ConfigurableServletWebServerFactory;)V 285 <appendix> member <vmtarget> ; # org/springframework/boot/web/server/autoconfigure/servlet/ServletWebServerFactoryCustomizer$$Lambda+0x000001faad328680
instanceKlass  @bci org/springframework/boot/web/server/autoconfigure/servlet/ServletWebServerFactoryCustomizer customize (Lorg/springframework/boot/web/server/servlet/ConfigurableServletWebServerFactory;)V 267 <appendix> member <vmtarget> ; # org/springframework/boot/web/server/autoconfigure/servlet/ServletWebServerFactoryCustomizer$$Lambda+0x000001faad328450
instanceKlass  @bci org/springframework/boot/web/server/autoconfigure/servlet/ServletWebServerFactoryCustomizer customize (Lorg/springframework/boot/web/server/servlet/ConfigurableServletWebServerFactory;)V 253 <appendix> member <vmtarget> ; # org/springframework/boot/web/server/autoconfigure/servlet/ServletWebServerFactoryCustomizer$$Lambda+0x000001faad328230
instanceKlass  @bci org/springframework/boot/web/server/autoconfigure/servlet/ServletWebServerFactoryCustomizer customize (Lorg/springframework/boot/web/server/servlet/ConfigurableServletWebServerFactory;)V 232 <appendix> member <vmtarget> ; # org/springframework/boot/web/server/autoconfigure/servlet/ServletWebServerFactoryCustomizer$$Lambda+0x000001faad328000
instanceKlass  @bci org/springframework/boot/web/server/autoconfigure/servlet/ServletWebServerFactoryCustomizer customize (Lorg/springframework/boot/web/server/servlet/ConfigurableServletWebServerFactory;)V 218 <appendix> member <vmtarget> ; # org/springframework/boot/web/server/autoconfigure/servlet/ServletWebServerFactoryCustomizer$$Lambda+0x000001faad323c38
instanceKlass  @bci org/springframework/boot/web/server/autoconfigure/servlet/ServletWebServerFactoryCustomizer customize (Lorg/springframework/boot/web/server/servlet/ConfigurableServletWebServerFactory;)V 200 <appendix> member <vmtarget> ; # org/springframework/boot/web/server/autoconfigure/servlet/ServletWebServerFactoryCustomizer$$Lambda+0x000001faad323a08
instanceKlass  @bci org/springframework/boot/web/server/autoconfigure/servlet/ServletWebServerFactoryCustomizer customize (Lorg/springframework/boot/web/server/servlet/ConfigurableServletWebServerFactory;)V 186 <appendix> member <vmtarget> ; # org/springframework/boot/web/server/autoconfigure/servlet/ServletWebServerFactoryCustomizer$$Lambda+0x000001faad3237e8
instanceKlass  @bci org/springframework/boot/web/server/autoconfigure/servlet/ServletWebServerFactoryCustomizer customize (Lorg/springframework/boot/web/server/servlet/ConfigurableServletWebServerFactory;)V 165 <appendix> member <vmtarget> ; # org/springframework/boot/web/server/autoconfigure/servlet/ServletWebServerFactoryCustomizer$$Lambda+0x000001faad3235b8
instanceKlass  @bci org/springframework/boot/web/server/autoconfigure/servlet/ServletWebServerFactoryCustomizer customize (Lorg/springframework/boot/web/server/servlet/ConfigurableServletWebServerFactory;)V 151 <appendix> member <vmtarget> ; # org/springframework/boot/web/server/autoconfigure/servlet/ServletWebServerFactoryCustomizer$$Lambda+0x000001faad323398
instanceKlass  @bci org/springframework/boot/web/server/autoconfigure/servlet/ServletWebServerFactoryCustomizer customize (Lorg/springframework/boot/web/server/servlet/ConfigurableServletWebServerFactory;)V 130 <appendix> member <vmtarget> ; # org/springframework/boot/web/server/autoconfigure/servlet/ServletWebServerFactoryCustomizer$$Lambda+0x000001faad323168
instanceKlass  @bci org/springframework/boot/web/server/autoconfigure/servlet/ServletWebServerFactoryCustomizer customize (Lorg/springframework/boot/web/server/servlet/ConfigurableServletWebServerFactory;)V 116 <appendix> member <vmtarget> ; # org/springframework/boot/web/server/autoconfigure/servlet/ServletWebServerFactoryCustomizer$$Lambda+0x000001faad322f48
instanceKlass  @bci org/springframework/boot/web/server/autoconfigure/servlet/ServletWebServerFactoryCustomizer customize (Lorg/springframework/boot/web/server/servlet/ConfigurableServletWebServerFactory;)V 95 <appendix> member <vmtarget> ; # org/springframework/boot/web/server/autoconfigure/servlet/ServletWebServerFactoryCustomizer$$Lambda+0x000001faad322d18
instanceKlass  @bci org/springframework/boot/web/server/autoconfigure/servlet/ServletWebServerFactoryCustomizer customize (Lorg/springframework/boot/web/server/servlet/ConfigurableServletWebServerFactory;)V 81 <appendix> member <vmtarget> ; # org/springframework/boot/web/server/autoconfigure/servlet/ServletWebServerFactoryCustomizer$$Lambda+0x000001faad322af8
instanceKlass  @bci org/springframework/boot/web/server/autoconfigure/servlet/ServletWebServerFactoryCustomizer customize (Lorg/springframework/boot/web/server/servlet/ConfigurableServletWebServerFactory;)V 60 <appendix> member <vmtarget> ; # org/springframework/boot/web/server/autoconfigure/servlet/ServletWebServerFactoryCustomizer$$Lambda+0x000001faad3228c8
instanceKlass  @bci org/springframework/boot/web/server/autoconfigure/servlet/ServletWebServerFactoryCustomizer customize (Lorg/springframework/boot/web/server/servlet/ConfigurableServletWebServerFactory;)V 46 <appendix> member <vmtarget> ; # org/springframework/boot/web/server/autoconfigure/servlet/ServletWebServerFactoryCustomizer$$Lambda+0x000001faad3226a8
instanceKlass  @bci org/springframework/boot/web/server/autoconfigure/servlet/ServletWebServerFactoryCustomizer customize (Lorg/springframework/boot/web/server/servlet/ConfigurableServletWebServerFactory;)V 28 <appendix> member <vmtarget> ; # org/springframework/boot/web/server/autoconfigure/servlet/ServletWebServerFactoryCustomizer$$Lambda+0x000001faad322478
instanceKlass  @cpi org/springframework/boot/web/server/servlet/ServletContextInitializers$SessionConfiguringInitializer 226 form vmentry <vmtarget> ; # java/lang/invoke/LambdaForm$DMH+0x000001faad321c00
instanceKlass  @bci org/springframework/boot/context/properties/PropertyMapper getSource (Ljava/util/function/Supplier;)Lorg/springframework/boot/context/properties/PropertyMapper$Source; 24 <appendix> argL0 ; # org/springframework/boot/context/properties/PropertyMapper$$Lambda+0x000001faad322230
instanceKlass org/springframework/util/function/SingletonSupplier
instanceKlass org/springframework/boot/context/properties/PropertyMapper$Source
instanceKlass  @bci org/springframework/boot/web/server/autoconfigure/servlet/ServletWebServerFactoryCustomizer customize (Lorg/springframework/boot/web/server/servlet/ConfigurableServletWebServerFactory;)V 14 <appendix> member <vmtarget> ; # org/springframework/boot/web/server/autoconfigure/servlet/ServletWebServerFactoryCustomizer$$Lambda+0x000001faad327a70
instanceKlass org/springframework/boot/context/properties/PropertyMapper
instanceKlass  @bci org/springframework/boot/util/LambdaSafe$Callbacks lambda$invoke$0 (Ljava/util/function/Consumer;Ljava/lang/Object;)V 2 <appendix> member <vmtarget> ; # org/springframework/boot/util/LambdaSafe$Callbacks$$Lambda+0x000001faad327648
instanceKlass  @bci org/springframework/boot/util/LambdaSafe$Callbacks invoke (Ljava/util/function/Consumer;)V 6 <appendix> member <vmtarget> ; # org/springframework/boot/util/LambdaSafe$Callbacks$$Lambda+0x000001faad327418
instanceKlass  @bci org/springframework/boot/web/server/WebServerFactoryCustomizerBeanPostProcessor postProcessBeforeInitialization (Lorg/springframework/boot/web/server/WebServerFactory;)V 23 <appendix> member <vmtarget> ; # org/springframework/boot/web/server/WebServerFactoryCustomizerBeanPostProcessor$$Lambda+0x000001faad3271e8
instanceKlass org/springframework/boot/util/LambdaSafe$GenericTypeFilter
instanceKlass org/springframework/boot/util/LambdaSafe$Filter
instanceKlass org/springframework/boot/util/LambdaSafe$LambdaSafeCallback
instanceKlass java/lang/classfile/ClassElement
instanceKlass java/lang/classfile/ClassFileElement
instanceKlass java/lang/classfile/ClassBuilder
instanceKlass java/lang/classfile/ClassFileBuilder
instanceKlass java/lang/reflect/AnnotatedType
instanceKlass java/lang/Class$EnclosingMethodInfo
instanceKlass org/springframework/boot/util/LambdaSafe
instanceKlass java/util/function/ObjIntConsumer
# instanceKlass java/lang/invoke/LambdaForm$MH+0x000001faad321800
# instanceKlass java/lang/invoke/LambdaForm$MH+0x000001faad321400
# instanceKlass java/lang/invoke/LambdaForm$MH+0x000001faad321000
# instanceKlass java/lang/invoke/LambdaForm$MH+0x000001faad320c00
# instanceKlass java/lang/invoke/LambdaForm$MH+0x000001faad320800
# instanceKlass java/lang/invoke/LambdaForm$MH+0x000001faad320400
instanceKlass  @bci org/springframework/boot/convert/DurationStyle$Unit <clinit> ()V 151 <appendix> argL0 ; # org/springframework/boot/convert/DurationStyle$Unit$$Lambda+0x000001faad326160
instanceKlass  @bci org/springframework/boot/convert/DurationStyle$Unit <clinit> ()V 127 <appendix> argL0 ; # org/springframework/boot/convert/DurationStyle$Unit$$Lambda+0x000001faad325f28
instanceKlass  @bci org/springframework/boot/convert/DurationStyle$Unit <clinit> ()V 104 <appendix> argL0 ; # org/springframework/boot/convert/DurationStyle$Unit$$Lambda+0x000001faad325cf0
instanceKlass  @bci org/springframework/boot/convert/DurationStyle$Unit <clinit> ()V 81 <appendix> argL0 ; # org/springframework/boot/convert/DurationStyle$Unit$$Lambda+0x000001faad325ab8
instanceKlass  @bci org/springframework/boot/convert/DurationStyle$Unit <clinit> ()V 58 <appendix> argL0 ; # org/springframework/boot/convert/DurationStyle$Unit$$Lambda+0x000001faad325880
instanceKlass  @bci org/springframework/boot/convert/DurationStyle$Unit <clinit> ()V 35 <appendix> argL0 ; # org/springframework/boot/convert/DurationStyle$Unit$$Lambda+0x000001faad325648
instanceKlass  @bci org/springframework/boot/convert/DurationStyle$Unit <clinit> ()V 12 <appendix> argL0 ; # org/springframework/boot/convert/DurationStyle$Unit$$Lambda+0x000001faad325410
instanceKlass  @bci org/springframework/core/annotation/AnnotatedElementUtils getMergedAnnotation (Ljava/lang/reflect/AnnotatedElement;Ljava/lang/Class;)Ljava/lang/annotation/Annotation; 41 <appendix> argL0 ; # org/springframework/core/annotation/AnnotatedElementUtils$$Lambda+0x000001faad324678
instanceKlass org/springframework/boot/convert/DurationFormat
instanceKlass  @bci org/springframework/boot/convert/LenientObjectToEnumConverterFactory$LenientToEnumConverter getCanonicalName (Ljava/lang/String;)Ljava/lang/String; 37 <appendix> member <vmtarget> ; # org/springframework/boot/convert/LenientObjectToEnumConverterFactory$LenientToEnumConverter$$Lambda+0x000001faad324000
instanceKlass  @cpi org/springframework/boot/convert/LenientObjectToEnumConverterFactory$LenientToEnumConverter 220 form vmentry <vmtarget> ; # java/lang/invoke/LambdaForm$DMH+0x000001faad320000
instanceKlass  @bci org/springframework/boot/convert/LenientObjectToEnumConverterFactory$LenientToEnumConverter getCanonicalName (Ljava/lang/String;)Ljava/lang/String; 26 <appendix> argL0 ; # org/springframework/boot/convert/LenientObjectToEnumConverterFactory$LenientToEnumConverter$$Lambda+0x000001faad319c00
instanceKlass java/util/function/IntUnaryOperator
instanceKlass  @bci org/springframework/boot/convert/LenientObjectToEnumConverterFactory$LenientToEnumConverter getCanonicalName (Ljava/lang/String;)Ljava/lang/String; 16 <appendix> argL0 ; # org/springframework/boot/convert/LenientObjectToEnumConverterFactory$LenientToEnumConverter$$Lambda+0x000001faad31bcb0
instanceKlass org/springframework/boot/convert/LenientObjectToEnumConverterFactory$LenientToEnumConverter
instanceKlass  @bci org/springframework/boot/convert/LenientObjectToEnumConverterFactory getConverter (Ljava/lang/Class;)Lorg/springframework/core/convert/converter/Converter; 23 <appendix> member <vmtarget> ; # org/springframework/boot/convert/LenientObjectToEnumConverterFactory$$Lambda+0x000001faad31b850
instanceKlass org/springframework/boot/autoconfigure/web/ErrorProperties$Whitelabel
instanceKlass org/springframework/boot/autoconfigure/web/WebProperties$Resources$Cache$Cachecontrol
instanceKlass org/springframework/boot/autoconfigure/web/WebProperties$Resources$Cache
instanceKlass org/springframework/boot/autoconfigure/web/WebProperties$Resources$Chain$Strategy$Content
instanceKlass org/springframework/boot/autoconfigure/web/WebProperties$Resources$Chain$Strategy$Fixed
instanceKlass org/springframework/boot/autoconfigure/web/WebProperties$Resources$Chain$Strategy
instanceKlass org/springframework/boot/ssl/DefaultSslBundleRegistry$RegisteredSslBundle
instanceKlass  @bci org/springframework/boot/autoconfigure/ssl/SslPropertiesBundleRegistrar registerBundles (Lorg/springframework/boot/ssl/SslBundleRegistry;)V 38 <appendix> member <vmtarget> ; # org/springframework/boot/autoconfigure/ssl/SslPropertiesBundleRegistrar$$Lambda+0x000001faad31a000
instanceKlass  @bci org/springframework/boot/autoconfigure/ssl/SslPropertiesBundleRegistrar registerBundles (Lorg/springframework/boot/ssl/SslBundleRegistry;)V 32 <appendix> argL0 ; # org/springframework/boot/autoconfigure/ssl/SslPropertiesBundleRegistrar$$Lambda+0x000001faad31fbd8
instanceKlass  @bci org/springframework/boot/autoconfigure/ssl/SslPropertiesBundleRegistrar registerBundles (Lorg/springframework/boot/ssl/SslBundleRegistry;Ljava/util/Map;Ljava/util/function/BiFunction;Ljava/util/function/Function;)V 6 <appendix> member <vmtarget> ; # org/springframework/boot/autoconfigure/ssl/SslPropertiesBundleRegistrar$$Lambda+0x000001faad31f9a8
instanceKlass  @cpi org/springframework/boot/autoconfigure/ssl/SslPropertiesBundleRegistrar 330 form vmentry <vmtarget> ; # java/lang/invoke/LambdaForm$DMH+0x000001faad319800
instanceKlass  @bci org/springframework/boot/autoconfigure/ssl/SslPropertiesBundleRegistrar registerBundles (Lorg/springframework/boot/ssl/SslBundleRegistry;)V 15 <appendix> member <vmtarget> ; # org/springframework/boot/autoconfigure/ssl/SslPropertiesBundleRegistrar$$Lambda+0x000001faad31f768
instanceKlass  @bci org/springframework/boot/autoconfigure/ssl/SslPropertiesBundleRegistrar registerBundles (Lorg/springframework/boot/ssl/SslBundleRegistry;)V 9 <appendix> argL0 ; # org/springframework/boot/autoconfigure/ssl/SslPropertiesBundleRegistrar$$Lambda+0x000001faad31f540
instanceKlass org/springframework/boot/ssl/SslStoreBundle
instanceKlass org/springframework/boot/ssl/SslManagerBundle
instanceKlass org/springframework/boot/autoconfigure/ssl/PropertiesSslBundle
instanceKlass  @bci org/springframework/boot/autoconfigure/ssl/SslAutoConfiguration sslBundleRegistry (Lorg/springframework/beans/factory/ObjectProvider;)Lorg/springframework/boot/ssl/DefaultSslBundleRegistry; 15 <appendix> member <vmtarget> ; # org/springframework/boot/autoconfigure/ssl/SslAutoConfiguration$$Lambda+0x000001faad31e840
instanceKlass org/springframework/boot/autoconfigure/ssl/SslBundleProperties
instanceKlass org/springframework/boot/io/ApplicationResourceLoader$ProtocolResolvingResourceLoader
instanceKlass org/springframework/boot/web/context/servlet/ServletContextResourceFilePathResolver
instanceKlass org/springframework/boot/web/context/reactive/FilteredReactiveWebContextResourceFilePathResolver
instanceKlass org/springframework/boot/io/ClassPathResourceFilePathResolver
instanceKlass org/springframework/boot/io/ApplicationResourceLoader$FilePathResolver
instanceKlass org/springframework/boot/autoconfigure/ssl/SslProperties$Bundles$Watch$File
instanceKlass org/springframework/boot/autoconfigure/ssl/SslProperties$Bundles$Watch
# instanceKlass java/lang/invoke/LambdaForm$MH+0x000001faad319400
# instanceKlass java/lang/invoke/LambdaForm$MH+0x000001faad319000
# instanceKlass java/lang/invoke/LambdaForm$MH+0x000001faad318c00
# instanceKlass java/lang/invoke/LambdaForm$MH+0x000001faad318800
# instanceKlass java/lang/invoke/LambdaForm$DMH+0x000001faad318400
instanceKlass org/springframework/boot/context/properties/ConfigurationPropertiesSource
instanceKlass  @bci org/springframework/boot/context/properties/bind/MapBinder$EntryBinder bindEntries (Lorg/springframework/boot/context/properties/source/ConfigurationPropertySource;Ljava/util/Map;)V 96 <appendix> member <vmtarget> ; # org/springframework/boot/context/properties/bind/MapBinder$EntryBinder$$Lambda+0x000001faad31c000
# instanceKlass java/lang/invoke/LambdaForm$MH+0x000001faad318000
# instanceKlass java/lang/invoke/LambdaForm$MH+0x000001faad308c00
# instanceKlass java/lang/invoke/LambdaForm$MH+0x000001faad308800
instanceKlass org/springframework/core/convert/support/StringToNumberConverterFactory$StringToNumber
instanceKlass org/xml/sax/InputSource
instanceKlass  @bci org/springframework/boot/context/properties/bind/PropertySourcesPlaceholdersResolver resolvePlaceholders (Ljava/lang/Object;)Ljava/lang/Object; 18 <appendix> member <vmtarget> ; # org/springframework/boot/context/properties/bind/PropertySourcesPlaceholdersResolver$$Lambda+0x000001faad3142e0
instanceKlass org/springframework/boot/context/properties/bind/Nested
instanceKlass org/springframework/boot/context/properties/NestedConfigurationProperty
instanceKlass org/springframework/boot/web/server/autoconfigure/ServerProperties$Reactive$Session
instanceKlass org/springframework/boot/web/server/autoconfigure/ServerProperties$Encoding
instanceKlass org/springframework/boot/web/server/servlet/WebListenerRegistrar
instanceKlass org/springframework/boot/ssl/SslBundle
instanceKlass org/apache/coyote/AbstractProtocol
instanceKlass org/apache/catalina/Engine
instanceKlass org/apache/coyote/ProtocolHandler
instanceKlass org/springframework/boot/tomcat/SslConnectorCustomizer
instanceKlass org/springframework/boot/web/server/servlet/CookieSameSiteSupplier
instanceKlass org/springframework/boot/web/error/ErrorPage
instanceKlass org/springframework/boot/tomcat/TomcatWebServer
instanceKlass org/springframework/boot/web/server/AbstractConfigurableWebServerFactory$TempDirs
instanceKlass org/apache/catalina/Host
instanceKlass  @bci org/springframework/core/OrderComparator withSourceProvider (Lorg/springframework/core/OrderComparator$OrderSourceProvider;)Ljava/util/Comparator; 2 <appendix> member <vmtarget> ; # org/springframework/core/OrderComparator$$Lambda+0x000001faad30df08
instanceKlass org/springframework/beans/factory/support/DefaultListableBeanFactory$FactoryAwareOrderSourceProvider
instanceKlass  @bci org/springframework/beans/factory/support/DefaultListableBeanFactory createFactoryAwareOrderSourceProvider (Ljava/util/Map;)Lorg/springframework/core/OrderComparator$OrderSourceProvider; 10 <appendix> member <vmtarget> ; # org/springframework/beans/factory/support/DefaultListableBeanFactory$$Lambda+0x000001faad30dab0
instanceKlass  @bci org/springframework/beans/factory/support/DefaultListableBeanFactory resolveMultipleBeans (Lorg/springframework/beans/factory/config/DependencyDescriptor;Ljava/lang/String;Ljava/util/Set;Lorg/springframework/beans/TypeConverter;)Ljava/lang/Object; 73 <appendix> argL0 ; # org/springframework/beans/factory/support/DefaultListableBeanFactory$$Lambda+0x000001faad30d868
instanceKlass  @bci org/springframework/beans/factory/support/DefaultListableBeanFactory resolveMultipleBeans (Lorg/springframework/beans/factory/config/DependencyDescriptor;Ljava/lang/String;Ljava/util/Set;Lorg/springframework/beans/TypeConverter;)Ljava/lang/Object; 63 <appendix> member <vmtarget> ; # org/springframework/beans/factory/support/DefaultListableBeanFactory$$Lambda+0x000001faad30d628
instanceKlass org/springframework/boot/tomcat/servlet/TldPatterns
instanceKlass org/springframework/boot/web/server/servlet/StaticResourceJars
instanceKlass org/springframework/boot/web/server/servlet/Jsp
instanceKlass org/springframework/boot/web/server/MimeMappings$Mapping
instanceKlass org/springframework/boot/web/server/servlet/SessionStoreDirectory
instanceKlass org/springframework/boot/web/server/Cookie
instanceKlass org/springframework/boot/web/server/servlet/Session
instanceKlass org/springframework/boot/web/server/servlet/ContextPath
instanceKlass org/springframework/boot/web/server/servlet/ServletWebServerSettings
instanceKlass org/apache/catalina/Manager
instanceKlass org/apache/tomcat/JarScanFilter
instanceKlass org/springframework/boot/tomcat/TomcatEmbeddedContext$DeferredStartupExceptions
instanceKlass org/apache/catalina/Loader
instanceKlass org/apache/juli/WebappProperties
instanceKlass org/apache/tomcat/InstrumentableClassLoader
instanceKlass org/apache/catalina/Context
instanceKlass org/apache/tomcat/ContextBind
instanceKlass org/apache/catalina/WebResourceRoot
instanceKlass org/apache/catalina/LifecycleListener
# instanceKlass java/lang/invoke/LambdaForm$MH+0x000001faad308400
# instanceKlass java/lang/invoke/LambdaForm$MH+0x000001faad308000
instanceKlass org/springframework/boot/tomcat/TomcatProtocolHandlerCustomizer
instanceKlass org/springframework/boot/tomcat/TomcatContextCustomizer
instanceKlass org/springframework/boot/tomcat/TomcatConnectorCustomizer
instanceKlass org/springframework/beans/factory/support/DefaultListableBeanFactory$DependencyObjectProvider
instanceKlass org/springframework/util/MethodInvoker
instanceKlass  @bci org/springframework/boot/context/properties/ConfigurationPropertiesBinder getPropertyEditorInitializer ()Ljava/util/function/Consumer; 28 <appendix> member <vmtarget> ; # org/springframework/boot/context/properties/ConfigurationPropertiesBinder$$Lambda+0x000001faad302608
instanceKlass  @bci org/springframework/boot/convert/ApplicationConversionService addBeans (Lorg/springframework/format/FormatterRegistry;Lorg/springframework/beans/factory/ListableBeanFactory;Ljava/lang/String;)Ljava/util/Map; 16 <appendix> member <vmtarget> ; # org/springframework/boot/convert/ApplicationConversionService$$Lambda+0x000001faad3023d8
instanceKlass org/springframework/beans/factory/annotation/BeanFactoryAnnotationUtils
instanceKlass org/springframework/boot/context/properties/ConfigurationPropertiesCharSequenceToObjectConverter
instanceKlass org/springframework/boot/context/properties/ConversionServiceDeducer
instanceKlass  @bci org/springframework/beans/factory/ObjectProvider <clinit> ()V 0 <appendix> argL0 ; # org/springframework/beans/factory/ObjectProvider$$Lambda+0x000001faad301b30
instanceKlass org/springframework/beans/factory/support/DefaultListableBeanFactory$1
instanceKlass org/springframework/beans/factory/support/DefaultListableBeanFactory$BeanObjectProvider
instanceKlass org/springframework/boot/context/properties/ConfigurationPropertiesBindHandlerAdvisor
instanceKlass  @bci org/springframework/core/annotation/SynthesizedMergedAnnotationInvocationHandler lambda$getAttributeValue$0 (Ljava/lang/reflect/Method;Ljava/lang/String;)Ljava/lang/Object; 21 <appendix> member <vmtarget> ; # org/springframework/core/annotation/SynthesizedMergedAnnotationInvocationHandler$$Lambda+0x000001faad3011b8
instanceKlass  @bci org/springframework/core/annotation/SynthesizedMergedAnnotationInvocationHandler getAttributeValue (Ljava/lang/reflect/Method;)Ljava/lang/Object; 10 <appendix> member <vmtarget> ; # org/springframework/core/annotation/SynthesizedMergedAnnotationInvocationHandler$$Lambda+0x000001faad300f78
instanceKlass  @bci org/springframework/boot/context/properties/ConfigurationPropertiesBinder getHandler ()Lorg/springframework/boot/context/properties/bind/handler/IgnoreTopLevelConverterNotFoundBindHandler; 26 <appendix> member <vmtarget> ; # org/springframework/boot/context/properties/ConfigurationPropertiesBinder$$Lambda+0x000001faad300ae0
instanceKlass org/springframework/aop/framework/autoproxy/ProxyCreationContext
instanceKlass  @bci org/springframework/boot/context/properties/bind/Bindable withBindMethod (Lorg/springframework/boot/context/properties/bind/BindMethod;)Lorg/springframework/boot/context/properties/bind/Bindable; 19 <appendix> argL0 ; # org/springframework/boot/context/properties/bind/Bindable$$Lambda+0x000001faad3001f8
instanceKlass org/springframework/validation/annotation/Validated
instanceKlass org/springframework/core/annotation/SynthesizedMergedAnnotationInvocationHandler
instanceKlass org/springframework/boot/convert/DurationUnit
instanceKlass  @bci org/springframework/core/SimpleAliasRegistry retrieveAliases (Ljava/lang/String;Ljava/util/List;)V 7 <appendix> member <vmtarget> ; # org/springframework/core/SimpleAliasRegistry$$Lambda+0x000001faad2ff510
instanceKlass  @bci org/springframework/beans/factory/support/DefaultListableBeanFactory isAutowireCandidate (Ljava/lang/String;Lorg/springframework/beans/factory/support/RootBeanDefinition;Lorg/springframework/beans/factory/config/DependencyDescriptor;Lorg/springframework/beans/factory/support/AutowireCandidateResolver;)Z 64 <appendix> member <vmtarget> ; # org/springframework/beans/factory/support/DefaultListableBeanFactory$$Lambda+0x000001faad2ff2d0
instanceKlass  @bci org/springframework/core/annotation/AnnotationUtils findAnnotation (Ljava/lang/reflect/AnnotatedElement;Ljava/lang/Class;)Ljava/lang/annotation/Annotation; 54 <appendix> argL0 ; # org/springframework/core/annotation/AnnotationUtils$$Lambda+0x000001faad2fbbd8
instanceKlass org/springframework/beans/factory/support/ConstructorResolver$ArgumentsHolder
instanceKlass  @bci org/springframework/beans/factory/support/AutowireUtils <clinit> ()V 0 <appendix> argL0 ; # org/springframework/beans/factory/support/AutowireUtils$$Lambda+0x000001faad2fb460
instanceKlass org/springframework/beans/factory/support/AutowireUtils
instanceKlass org/springframework/aop/Pointcut
instanceKlass  @bci org/springframework/context/support/MessageSourceSupport <clinit> ()V 6 <appendix> argL0 ; # org/springframework/context/support/MessageSourceSupport$$Lambda+0x000001faad2fa9a8
instanceKlass  @bci sun/util/locale/provider/JRELocaleProviderAdapter getCalendarDataProvider ()Ljava/util/spi/CalendarDataProvider; 8 <appendix> member <vmtarget> ; # sun/util/locale/provider/JRELocaleProviderAdapter$$Lambda+0x000001faad1df760
instanceKlass  @bci sun/util/locale/provider/JRELocaleProviderAdapter getLocaleNameProvider ()Ljava/util/spi/LocaleNameProvider; 8 <appendix> member <vmtarget> ; # sun/util/locale/provider/JRELocaleProviderAdapter$$Lambda+0x000001faad1df2d8
instanceKlass  @bci sun/util/locale/provider/JRELocaleProviderAdapter getCurrencyNameProvider ()Ljava/util/spi/CurrencyNameProvider; 8 <appendix> member <vmtarget> ; # sun/util/locale/provider/JRELocaleProviderAdapter$$Lambda+0x000001faad1dee70
instanceKlass  @bci sun/util/locale/provider/JRELocaleProviderAdapter createAvailableLocales ()[Ljava/util/Locale; 50 <appendix> argL0 ; # sun/util/locale/provider/JRELocaleProviderAdapter$$Lambda+0x000001faad1dec58
instanceKlass  @bci sun/util/locale/provider/JRELocaleProviderAdapter createAvailableLocales ()[Ljava/util/Locale; 35 <appendix> argL0 ; # sun/util/locale/provider/JRELocaleProviderAdapter$$Lambda+0x000001faad1dea20
instanceKlass sun/util/locale/provider/JRELocaleProviderAdapter$AvailableJRELocales
instanceKlass  @bci sun/util/cldr/CLDRLocaleProviderAdapter getAvailableLocales ()[Ljava/util/Locale; 27 <appendix> argL0 ; # sun/util/cldr/CLDRLocaleProviderAdapter$$Lambda+0x000001faad1de608
instanceKlass  @bci sun/util/cldr/CLDRLocaleProviderAdapter getAvailableLocales ()[Ljava/util/Locale; 17 <appendix> argL0 ; # sun/util/cldr/CLDRLocaleProviderAdapter$$Lambda+0x000001faad1de3d0
instanceKlass  @bci sun/util/locale/provider/JRELocaleProviderAdapter getDateFormatProvider ()Ljava/text/spi/DateFormatProvider; 8 <appendix> member <vmtarget> ; # sun/util/locale/provider/JRELocaleProviderAdapter$$Lambda+0x800000069
instanceKlass  @bci sun/util/locale/provider/JRELocaleProviderAdapter getCollatorProvider ()Ljava/text/spi/CollatorProvider; 8 <appendix> member <vmtarget> ; # sun/util/locale/provider/JRELocaleProviderAdapter$$Lambda+0x000001faad1ddf70
instanceKlass java/util/Locale$LocaleKey
instanceKlass sun/util/locale/Extension
instanceKlass sun/util/locale/LocaleExtensions
instanceKlass sun/util/locale/provider/JRELocaleConstants
instanceKlass  @bci sun/util/locale/provider/JRELocaleProviderAdapter getBreakIteratorProvider ()Ljava/text/spi/BreakIteratorProvider; 8 <appendix> member <vmtarget> ; # sun/util/locale/provider/JRELocaleProviderAdapter$$Lambda+0x000001faad1dd040
instanceKlass sun/util/locale/provider/LocaleServiceProviderPool$AllAvailableLocales
instanceKlass org/springframework/context/support/MessageSourceSupport
instanceKlass org/springframework/context/HierarchicalMessageSource
# instanceKlass java/lang/invoke/LambdaForm$MH+0x000001faad2fec00
# instanceKlass java/lang/invoke/LambdaForm$MH+0x000001faad2fe800
# instanceKlass java/lang/invoke/LambdaForm$MH+0x000001faad2fe400
# instanceKlass java/lang/invoke/LambdaForm$MH+0x000001faad2fe000
# instanceKlass java/lang/invoke/LambdaForm$MH+0x000001faad2fdc00
# instanceKlass java/lang/invoke/LambdaForm$MH+0x000001faad2fd800
# instanceKlass java/lang/invoke/LambdaForm$BMH+0x000001faad2fd400
instanceKlass  @cpi java/io/ObjectInputStream 1184 form vmentry <vmtarget> ; # java/lang/invoke/LambdaForm$DMH+0x000001faad2fd000
# instanceKlass java/lang/invoke/LambdaForm$MH+0x000001faad2fcc00
# instanceKlass java/lang/invoke/LambdaForm$DMH+0x000001faad2fc800
instanceKlass java/lang/invoke/ClassSpecializer$Factory$1Var
# instanceKlass java/lang/invoke/LambdaForm$DMH+0x000001faad2fc400
instanceKlass sun/invoke/util/ValueConversions$1
instanceKlass  @cpi org/springframework/boot/tomcat/autoconfigure/TomcatWebServerFactoryCustomizer 1085 form vmentry <vmtarget> ; # java/lang/invoke/LambdaForm$DMH+0x000001faad2fc000
instanceKlass org/springframework/core/convert/support/NumberToNumberConverterFactory$NumberToNumber
instanceKlass org/springframework/beans/Mergeable
instanceKlass  @bci org/springframework/beans/factory/annotation/AutowiredAnnotationBeanPostProcessor buildAutowiringMetadata (Ljava/lang/Class;)Lorg/springframework/beans/factory/annotation/InjectionMetadata; 63 <appendix> member <vmtarget> ; # org/springframework/beans/factory/annotation/AutowiredAnnotationBeanPostProcessor$$Lambda+0x000001faad2f7a68
instanceKlass  @bci org/springframework/beans/factory/annotation/AutowiredAnnotationBeanPostProcessor buildAutowiringMetadata (Ljava/lang/Class;)Lorg/springframework/beans/factory/annotation/InjectionMetadata; 41 <appendix> member <vmtarget> ; # org/springframework/beans/factory/annotation/AutowiredAnnotationBeanPostProcessor$$Lambda+0x000001faad2f7848
instanceKlass  @bci org/springframework/context/annotation/CommonAnnotationBeanPostProcessor buildResourceMetadata (Ljava/lang/Class;)Lorg/springframework/beans/factory/annotation/InjectionMetadata; 53 <appendix> member <vmtarget> ; # org/springframework/context/annotation/CommonAnnotationBeanPostProcessor$$Lambda+0x000001faad2f7628
instanceKlass  @bci org/springframework/context/annotation/CommonAnnotationBeanPostProcessor buildResourceMetadata (Ljava/lang/Class;)Lorg/springframework/beans/factory/annotation/InjectionMetadata; 40 <appendix> member <vmtarget> ; # org/springframework/context/annotation/CommonAnnotationBeanPostProcessor$$Lambda+0x000001faad2f7408
instanceKlass org/springframework/util/ReflectionUtils$FieldCallback
instanceKlass org/springframework/beans/factory/annotation/InjectionMetadata
instanceKlass  @bci org/springframework/beans/factory/annotation/InitDestroyAnnotationBeanPostProcessor buildLifecycleMetadata (Ljava/lang/Class;)Lorg/springframework/beans/factory/annotation/InitDestroyAnnotationBeanPostProcessor$LifecycleMetadata; 72 <appendix> member <vmtarget> ; # org/springframework/beans/factory/annotation/InitDestroyAnnotationBeanPostProcessor$$Lambda+0x000001faad2f6b80
instanceKlass  @cpi org/springframework/boot/autoconfigure/diagnostics/analyzer/NoSuchBeanDefinitionFailureAnalyzer 410 form vmentry <vmtarget> ; # java/lang/invoke/LambdaForm$DMH+0x000001faad2ec400
instanceKlass org/springframework/aop/framework/adapter/ThrowsAdviceAdapter
instanceKlass org/springframework/aop/framework/adapter/AfterReturningAdviceAdapter
instanceKlass org/springframework/aop/framework/adapter/MethodBeforeAdviceAdapter
instanceKlass org/aopalliance/intercept/MethodInterceptor
instanceKlass org/aopalliance/intercept/Interceptor
instanceKlass org/aopalliance/aop/Advice
instanceKlass org/springframework/aop/framework/adapter/AdvisorAdapter
instanceKlass org/springframework/aop/framework/adapter/DefaultAdvisorAdapterRegistry
instanceKlass org/springframework/aop/framework/adapter/GlobalAdvisorAdapterRegistry
instanceKlass org/springframework/aop/framework/autoproxy/TargetSourceCreator
instanceKlass org/springframework/aop/framework/adapter/AdvisorAdapterRegistry
instanceKlass org/springframework/aop/Advisor
instanceKlass org/springframework/aop/framework/autoproxy/BeanFactoryAdvisorRetrievalHelper
instanceKlass  @bci org/springframework/beans/factory/annotation/AutowiredAnnotationBeanPostProcessor checkLookupMethods (Ljava/lang/Class;Ljava/lang/String;)V 28 <appendix> member <vmtarget> ; # org/springframework/beans/factory/annotation/AutowiredAnnotationBeanPostProcessor$$Lambda+0x000001faad2f3028
instanceKlass org/springframework/beans/factory/annotation/Lookup
instanceKlass  @bci java/util/concurrent/CopyOnWriteArrayList removeAll (Ljava/util/Collection;)Z 7 <appendix> member <vmtarget> ; # java/util/concurrent/CopyOnWriteArrayList$$Lambda+0x000001faad1dca10
instanceKlass org/springframework/validation/Errors
instanceKlass org/springframework/boot/context/properties/ConfigurationPropertiesJsr303Validator
instanceKlass org/springframework/boot/context/properties/PropertySourcesDeducer
instanceKlass org/springframework/jndi/JndiTemplate
instanceKlass jakarta/annotation/PreDestroy
instanceKlass jakarta/annotation/Resource
instanceKlass org/springframework/beans/factory/annotation/InitDestroyAnnotationBeanPostProcessor$LifecycleMetadata
instanceKlass org/springframework/beans/factory/support/MethodOverride
instanceKlass org/springframework/context/support/PostProcessorRegistrationDelegate$BeanPostProcessorChecker
instanceKlass  @bci org/springframework/beans/factory/support/AbstractBeanFactory clearMetadataCache ()V 5 <appendix> member <vmtarget> ; # org/springframework/beans/factory/support/AbstractBeanFactory$$Lambda+0x000001faad2edd78
instanceKlass org/springframework/aop/framework/ProxyConfig
instanceKlass org/springframework/aop/config/AopConfigUtils
instanceKlass org/springframework/aop/framework/autoproxy/AutoProxyUtils
instanceKlass  @bci org/springframework/boot/autoconfigure/aop/AopAutoConfiguration$ClassProxyingConfiguration forceAutoProxyCreatorToUseClassProxying ()Lorg/springframework/beans/factory/config/BeanFactoryPostProcessor; 0 <appendix> argL0 ; # org/springframework/boot/autoconfigure/aop/AopAutoConfiguration$ClassProxyingConfiguration$$Lambda+0x000001faad2ed218
instanceKlass  @bci org/springframework/boot/autoconfigure/task/TaskExecutorConfigurations$BootstrapExecutorConfiguration bootstrapExecutorAliasPostProcessor ()Lorg/springframework/beans/factory/config/BeanFactoryPostProcessor; 0 <appendix> argL0 ; # org/springframework/boot/autoconfigure/task/TaskExecutorConfigurations$BootstrapExecutorConfiguration$$Lambda+0x000001faad2ed000
instanceKlass org/springframework/boot/autoconfigure/task/TaskExecutorConfigurations
instanceKlass org/springframework/context/expression/CachedExpressionEvaluator
instanceKlass  @bci org/springframework/core/SimpleAliasRegistry resolveAliases (Lorg/springframework/util/StringValueResolver;)V 28 <appendix> member <vmtarget> ; # org/springframework/core/SimpleAliasRegistry$$Lambda+0x000001faad2ef1c0
instanceKlass org/springframework/beans/factory/config/RuntimeBeanNameReference
instanceKlass org/springframework/beans/factory/config/BeanDefinitionVisitor
instanceKlass  @bci org/springframework/context/support/PropertySourcesPlaceholderConfigurer processProperties (Lorg/springframework/beans/factory/config/ConfigurableListableBeanFactory;Lorg/springframework/core/env/ConfigurablePropertyResolver;)V 42 <appendix> member <vmtarget> ; # org/springframework/context/support/PropertySourcesPlaceholderConfigurer$$Lambda+0x000001faad2eead0
instanceKlass org/springframework/context/annotation/ImportAware
instanceKlass org/springframework/context/annotation/ConfigurationClassEnhancer$EnhancedConfiguration
instanceKlass org/springframework/util/DefaultPropertiesPersister
instanceKlass  @bci org/springframework/beans/factory/support/SimpleInstantiationStrategy instantiate (Lorg/springframework/beans/factory/support/RootBeanDefinition;Ljava/lang/String;Lorg/springframework/beans/factory/BeanFactory;Ljava/lang/Object;Ljava/lang/reflect/Method;[Ljava/lang/Object;)Ljava/lang/Object; 10 <appendix> form vmentry <vmtarget> ; # java/lang/invoke/LambdaForm$DMH+0x000001faad2ec000
instanceKlass  @bci org/springframework/beans/factory/support/SimpleInstantiationStrategy instantiate (Lorg/springframework/beans/factory/support/RootBeanDefinition;Ljava/lang/String;Lorg/springframework/beans/factory/BeanFactory;Ljava/lang/Object;Ljava/lang/reflect/Method;[Ljava/lang/Object;)Ljava/lang/Object; 10 <appendix> member <vmtarget> ; # org/springframework/beans/factory/support/SimpleInstantiationStrategy$$Lambda+0x000001faad2ebd50
instanceKlass org/springframework/beans/factory/support/ConstructorResolver
instanceKlass org/springframework/context/annotation/ConfigurationClassPostProcessor$ImportAwareBeanPostProcessor
instanceKlass  @bci org/springframework/context/support/PostProcessorRegistrationDelegate invokeBeanFactoryPostProcessors (Ljava/util/Collection;Lorg/springframework/beans/factory/config/ConfigurableListableBeanFactory;)V 47 <appendix> member <vmtarget> ; # org/springframework/context/support/PostProcessorRegistrationDelegate$$Lambda+0x000001faad2eb3b0
instanceKlass org/springframework/boot/tomcat/autoconfigure/servlet/TomcatServletWebServerFactoryCustomizer
instanceKlass  @bci org/springframework/context/annotation/ConfigurationClassPostProcessor processConfigBeanDefinitions (Lorg/springframework/beans/factory/support/BeanDefinitionRegistry;)V 494 <appendix> member <vmtarget> ; # org/springframework/context/annotation/ConfigurationClassPostProcessor$$Lambda+0x000001faad2ead00
instanceKlass  @bci org/springframework/util/MultiValueMapAdapter addAll (Lorg/springframework/util/MultiValueMap;)V 2 <appendix> member <vmtarget> ; # org/springframework/util/MultiValueMapAdapter$$Lambda+0x000001faad2eaad0
instanceKlass org/springframework/boot/tomcat/autoconfigure/TomcatServerProperties$Remoteip
instanceKlass org/springframework/boot/tomcat/autoconfigure/TomcatServerProperties$Mbeanregistry
instanceKlass org/springframework/boot/tomcat/autoconfigure/TomcatServerProperties$Resource
instanceKlass org/springframework/boot/tomcat/autoconfigure/TomcatServerProperties$Threads
instanceKlass org/springframework/boot/tomcat/autoconfigure/TomcatServerProperties$Accesslog
instanceKlass org/springframework/boot/tomcat/autoconfigure/servlet/TomcatServletWebServerAutoConfiguration
instanceKlass org/springframework/boot/tomcat/autoconfigure/TomcatVirtualThreadsWebServerFactoryCustomizer
instanceKlass org/springframework/boot/tomcat/autoconfigure/TomcatWebServerFactoryCustomizer
instanceKlass org/springframework/boot/tomcat/autoconfigure/WebSocketTomcatWebServerFactoryCustomizer
instanceKlass org/springframework/boot/tomcat/autoconfigure/TomcatWebServerConfiguration$TomcatWebSocketConfiguration
instanceKlass org/springframework/boot/tomcat/autoconfigure/TomcatWebServerConfiguration
instanceKlass org/springframework/boot/tomcat/autoconfigure/TomcatServerProperties
instanceKlass org/springframework/boot/web/error/ErrorPageRegistrarBeanPostProcessor
instanceKlass org/springframework/boot/web/server/autoconfigure/servlet/ForwardedHeaderFilterCustomizer
instanceKlass org/springframework/boot/web/server/autoconfigure/servlet/ServletWebServerFactoryCustomizer
instanceKlass org/springframework/boot/web/server/WebServerFactoryCustomizer
instanceKlass org/springframework/boot/web/server/autoconfigure/servlet/ServletWebServerConfiguration
instanceKlass org/springframework/boot/thymeleaf/autoconfigure/ThymeleafAutoConfiguration
instanceKlass org/springframework/boot/web/server/WebServerFactoryCustomizerBeanPostProcessor
instanceKlass org/springframework/boot/web/server/autoconfigure/ServerProperties$Reactive
instanceKlass org/springframework/boot/web/server/autoconfigure/ServerProperties$Servlet
instanceKlass org/springframework/boot/web/server/Http2
instanceKlass org/springframework/boot/web/server/MimeMappings
instanceKlass org/springframework/boot/web/server/Compression
instanceKlass org/springframework/boot/web/server/Ssl
instanceKlass org/springframework/boot/thymeleaf/autoconfigure/ThymeleafProperties$Reactive
instanceKlass org/springframework/boot/thymeleaf/autoconfigure/ThymeleafProperties$Servlet
instanceKlass org/springframework/boot/thymeleaf/autoconfigure/TemplateEngineConfigurations$ReactiveTemplateEngineConfiguration
instanceKlass org/springframework/boot/thymeleaf/autoconfigure/TemplateEngineConfigurations$DefaultTemplateEngineConfiguration
instanceKlass org/thymeleaf/templateresolver/AbstractTemplateResolver
instanceKlass org/thymeleaf/templateresolver/ITemplateResolver
instanceKlass org/springframework/boot/thymeleaf/autoconfigure/ThymeleafAutoConfiguration$DefaultTemplateResolverConfiguration
instanceKlass org/springframework/boot/thymeleaf/autoconfigure/ThymeleafAutoConfiguration$ThymeleafWebMvcConfiguration
instanceKlass org/springframework/boot/thymeleaf/autoconfigure/ThymeleafProperties
instanceKlass org/springframework/boot/thymeleaf/autoconfigure/ThymeleafAutoConfiguration$ThymeleafWebMvcConfiguration$ThymeleafViewResolverConfiguration
instanceKlass org/springframework/boot/servlet/autoconfigure/MultipartAutoConfiguration
instanceKlass org/springframework/boot/servlet/autoconfigure/MultipartProperties
instanceKlass org/springframework/boot/http/converter/autoconfigure/HttpMessageConvertersAutoConfiguration
instanceKlass org/springframework/boot/http/converter/autoconfigure/JacksonHttpMessageConvertersConfiguration$JacksonJsonHttpMessageConvertersCustomizer
instanceKlass org/springframework/boot/servlet/autoconfigure/HttpEncodingAutoConfiguration
instanceKlass org/springframework/boot/servlet/autoconfigure/ServletEncodingProperties
instanceKlass org/springframework/boot/http/converter/autoconfigure/KotlinSerializationHttpMessageConvertersConfiguration
instanceKlass org/springframework/boot/http/converter/autoconfigure/JsonbHttpMessageConvertersConfiguration
instanceKlass org/springframework/boot/http/converter/autoconfigure/GsonHttpMessageConvertersConfiguration
instanceKlass org/springframework/boot/http/converter/autoconfigure/Jackson2HttpMessageConvertersConfiguration
instanceKlass org/springframework/boot/http/converter/autoconfigure/JacksonHttpMessageConvertersConfiguration
instanceKlass org/springframework/boot/http/converter/autoconfigure/JacksonHttpMessageConvertersConfiguration$JacksonJsonHttpMessageConverterConfiguration
instanceKlass org/springframework/boot/http/converter/autoconfigure/HttpMessageConvertersAutoConfiguration$StringHttpMessageConvertersCustomizer
instanceKlass org/springframework/boot/http/converter/autoconfigure/ClientHttpMessageConvertersCustomizer
instanceKlass org/springframework/boot/http/converter/autoconfigure/HttpMessageConvertersAutoConfiguration$StringHttpMessageConverterConfiguration
instanceKlass org/springframework/boot/http/converter/autoconfigure/HttpMessageConvertersProperties
instanceKlass org/springframework/boot/jackson/JacksonMixinModuleEntries
instanceKlass org/springframework/boot/jackson/autoconfigure/JacksonAutoConfiguration$JacksonMixinConfiguration
instanceKlass org/springframework/boot/jackson/autoconfigure/JacksonAutoConfiguration$AbstractFactoryBuilderCustomizer
instanceKlass org/springframework/boot/jackson/autoconfigure/JacksonAutoConfiguration$AbstractMapperBuilderCustomizer
instanceKlass org/springframework/boot/jackson/autoconfigure/JacksonAutoConfiguration$JacksonJsonCustomizerConfiguration
instanceKlass org/springframework/boot/jackson/autoconfigure/JacksonAutoConfiguration$JsonProblemDetailsConfiguration$ProblemDetailJsonMapperBuilderCustomizer
instanceKlass org/springframework/boot/jackson/autoconfigure/JacksonAutoConfiguration$JsonProblemDetailsConfiguration
instanceKlass org/springframework/boot/devtools/autoconfigure/LocalDevToolsAutoConfiguration
instanceKlass org/springframework/boot/jackson/autoconfigure/JsonFactoryBuilderCustomizer
instanceKlass org/springframework/boot/jackson/autoconfigure/JsonMapperBuilderCustomizer
instanceKlass org/springframework/boot/jackson/autoconfigure/JacksonAutoConfiguration
instanceKlass org/springframework/boot/jackson/autoconfigure/JacksonProperties$Factory
instanceKlass org/springframework/boot/jackson/autoconfigure/JacksonProperties$Json
instanceKlass org/springframework/boot/jackson/autoconfigure/JacksonProperties$Datatype
instanceKlass org/springframework/boot/jackson/autoconfigure/JacksonProperties
instanceKlass org/springframework/boot/devtools/autoconfigure/RemoteDevToolsProperties
instanceKlass org/springframework/boot/devtools/autoconfigure/DevToolsProperties$Livereload
instanceKlass org/springframework/boot/devtools/autoconfigure/DevToolsProperties$Restart
instanceKlass org/springframework/boot/devtools/autoconfigure/DevToolsProperties
instanceKlass org/springframework/boot/devtools/classpath/ClassPathFileSystemWatcher
instanceKlass org/springframework/boot/devtools/filewatch/FileSystemWatcher
instanceKlass org/springframework/boot/devtools/autoconfigure/ConditionEvaluationDeltaLoggingListener
instanceKlass org/springframework/boot/devtools/autoconfigure/LocalDevToolsAutoConfiguration$RestartingClassPathChangeChangedEventListener
instanceKlass org/springframework/boot/devtools/filewatch/FileSystemWatcherFactory
instanceKlass java/io/FileFilter
instanceKlass org/springframework/boot/devtools/classpath/ClassPathRestartStrategy
instanceKlass org/springframework/boot/devtools/autoconfigure/LocalDevToolsAutoConfiguration$RestartConfiguration
instanceKlass org/springframework/boot/autoconfigure/task/TaskSchedulingAutoConfiguration
instanceKlass org/springframework/boot/autoconfigure/task/TaskSchedulingProperties$Shutdown
instanceKlass org/springframework/boot/autoconfigure/task/TaskSchedulingProperties$Simple
instanceKlass org/springframework/boot/autoconfigure/task/TaskSchedulingProperties$Pool
instanceKlass org/springframework/boot/autoconfigure/task/TaskSchedulingConfigurations$TaskSchedulerConfiguration
instanceKlass org/springframework/boot/task/SimpleAsyncTaskSchedulerBuilder
instanceKlass org/springframework/boot/autoconfigure/task/TaskSchedulingConfigurations$SimpleAsyncTaskSchedulerBuilderConfiguration
instanceKlass org/springframework/boot/task/ThreadPoolTaskSchedulerBuilder
instanceKlass org/springframework/boot/autoconfigure/task/TaskSchedulingProperties
instanceKlass org/springframework/boot/autoconfigure/task/TaskSchedulingConfigurations$ThreadPoolTaskSchedulerBuilderConfiguration
instanceKlass org/springframework/boot/autoconfigure/ssl/SslProperties$Bundles
instanceKlass org/springframework/boot/ssl/DefaultSslBundleRegistry
instanceKlass org/springframework/boot/autoconfigure/ssl/SslPropertiesBundleRegistrar
instanceKlass org/springframework/boot/autoconfigure/ssl/SslBundleRegistrar
instanceKlass org/springframework/boot/autoconfigure/ssl/FileWatcher
instanceKlass org/springframework/boot/autoconfigure/ssl/SslAutoConfiguration
instanceKlass org/springframework/boot/autoconfigure/info/ProjectInfoAutoConfiguration
instanceKlass org/springframework/context/support/DefaultLifecycleProcessor
instanceKlass org/springframework/boot/autoconfigure/context/LifecycleAutoConfiguration
instanceKlass org/springframework/boot/autoconfigure/context/ConfigurationPropertiesAutoConfiguration
instanceKlass org/springframework/boot/availability/ApplicationAvailabilityBean
instanceKlass org/springframework/boot/ssl/SslBundles
instanceKlass org/springframework/boot/ssl/SslBundleRegistry
instanceKlass org/springframework/boot/autoconfigure/ssl/SslProperties
instanceKlass org/springframework/boot/autoconfigure/info/ProjectInfoProperties$Git
instanceKlass org/springframework/boot/autoconfigure/info/ProjectInfoProperties$Build
instanceKlass  @bci org/springframework/util/PlaceholderParser replacePlaceholders (Ljava/lang/String;Lorg/springframework/util/PropertyPlaceholderHelper$PlaceholderResolver;)Ljava/lang/String; 42 <appendix> member <vmtarget> ; # org/springframework/util/PlaceholderParser$$Lambda+0x000001faad2d9b98
instanceKlass org/springframework/util/PlaceholderParser$PartResolutionContext
instanceKlass org/springframework/util/PlaceholderParser$AbstractPart
instanceKlass org/springframework/util/PlaceholderParser$Part
instanceKlass org/springframework/boot/autoconfigure/info/ProjectInfoProperties
instanceKlass org/springframework/boot/autoconfigure/context/LifecycleProperties
instanceKlass org/springframework/boot/autoconfigure/availability/ApplicationAvailabilityAutoConfiguration
instanceKlass org/springframework/boot/autoconfigure/aop/AopAutoConfiguration
instanceKlass org/springframework/boot/autoconfigure/aop/AopAutoConfiguration$ClassProxyingConfiguration
instanceKlass org/springframework/boot/availability/ApplicationAvailability
instanceKlass org/springframework/boot/autoconfigure/web/WebResourcesRuntimeHints
instanceKlass org/springframework/core/ResolvableType$WildcardBounds
instanceKlass org/springframework/web/context/request/RequestContextListener
instanceKlass jakarta/servlet/ServletRequestListener
instanceKlass org/springframework/web/servlet/mvc/HttpRequestHandlerAdapter
instanceKlass org/springframework/web/servlet/function/support/HandlerFunctionAdapter
instanceKlass org/springframework/web/util/UrlPathHelper
instanceKlass org/springframework/web/util/pattern/PathPatternParser
instanceKlass org/springframework/web/method/support/CompositeUriComponentsContributor
instanceKlass org/springframework/web/method/support/UriComponentsContributor
instanceKlass org/springframework/web/servlet/handler/HandlerMappingIntrospector
instanceKlass org/springframework/web/cors/PreFlightRequestHandler
instanceKlass org/springframework/web/cors/CorsConfigurationSource
instanceKlass org/springframework/web/servlet/mvc/SimpleControllerHandlerAdapter
instanceKlass org/springframework/web/accept/ContentNegotiationManager
instanceKlass org/springframework/web/accept/MediaTypeFileExtensionResolver
instanceKlass org/springframework/web/accept/ContentNegotiationStrategy
instanceKlass org/springframework/web/accept/ApiVersionStrategy
instanceKlass org/springframework/web/bind/support/ConfigurableWebBindingInitializer
instanceKlass org/springframework/web/servlet/handler/AbstractHandlerExceptionResolver
instanceKlass org/springframework/boot/webmvc/autoconfigure/WebMvcAutoConfiguration$WelcomePageHandlerMappingFactory
instanceKlass org/springframework/web/servlet/resource/ResourceUrlProvider
instanceKlass org/springframework/web/servlet/HandlerAdapter
instanceKlass org/springframework/web/servlet/HandlerInterceptor
instanceKlass org/springframework/web/servlet/handler/MatchableHandlerMapping
instanceKlass org/springframework/web/servlet/HandlerMapping
instanceKlass org/springframework/web/bind/support/WebBindingInitializer
instanceKlass org/springframework/web/servlet/FlashMapManager
instanceKlass org/springframework/web/servlet/RequestToViewNameTranslator
instanceKlass org/springframework/web/servlet/LocaleResolver
instanceKlass org/springframework/web/servlet/config/annotation/DefaultServletHandlerConfigurer
instanceKlass org/springframework/web/servlet/config/annotation/ViewResolverRegistry
instanceKlass org/springframework/web/servlet/config/annotation/InterceptorRegistry
instanceKlass org/springframework/web/servlet/config/annotation/ViewControllerRegistry
instanceKlass org/springframework/web/servlet/config/annotation/CorsRegistry
instanceKlass org/springframework/web/servlet/config/annotation/ContentNegotiationConfigurer
instanceKlass org/springframework/boot/webmvc/autoconfigure/WebMvcProperties$Apiversion$Use
instanceKlass org/springframework/web/servlet/config/annotation/AsyncSupportConfigurer
instanceKlass org/springframework/boot/http/converter/autoconfigure/ServerHttpMessageConvertersCustomizer
instanceKlass org/springframework/web/servlet/config/annotation/ResourceHandlerRegistry
instanceKlass org/springframework/web/servlet/config/annotation/PathMatchConfigurer
instanceKlass org/springframework/web/servlet/config/annotation/ResourceHandlerRegistration
instanceKlass org/springframework/web/accept/ApiVersionResolver
instanceKlass org/springframework/web/servlet/config/annotation/ApiVersionConfigurer
instanceKlass org/springframework/boot/servlet/filter/OrderedFilter
instanceKlass org/springframework/validation/MessageCodesResolver
instanceKlass org/springframework/boot/webmvc/autoconfigure/WebMvcAutoConfiguration$WebMvcAutoConfigurationAdapter
instanceKlass org/springframework/boot/webmvc/autoconfigure/WebMvcAutoConfiguration$MvcValidatorRuntimeHints
instanceKlass org/springframework/aot/hint/RuntimeHintsRegistrar
instanceKlass org/springframework/web/servlet/config/annotation/WebMvcConfigurationSupport
instanceKlass org/springframework/boot/autoconfigure/web/ErrorProperties
instanceKlass org/springframework/boot/autoconfigure/web/WebProperties$Resources
instanceKlass org/springframework/boot/webmvc/autoconfigure/error/AbstractErrorController
instanceKlass org/springframework/boot/webmvc/autoconfigure/error/ErrorMvcAutoConfiguration$ErrorPageCustomizer
instanceKlass org/springframework/boot/web/error/ErrorPageRegistrar
instanceKlass org/springframework/boot/webmvc/autoconfigure/error/ErrorMvcAutoConfiguration$PreserveErrorControllerTargetClassPostProcessor
instanceKlass org/springframework/boot/webmvc/error/DefaultErrorAttributes
instanceKlass org/springframework/web/servlet/HandlerExceptionResolver
instanceKlass org/springframework/boot/webmvc/error/ErrorController
instanceKlass org/springframework/boot/webmvc/autoconfigure/error/ErrorMvcAutoConfiguration
instanceKlass org/springframework/boot/webmvc/autoconfigure/error/DefaultErrorViewResolver
instanceKlass org/springframework/boot/webmvc/error/ErrorAttributes
instanceKlass org/springframework/boot/autoconfigure/web/WebProperties
instanceKlass org/springframework/boot/webmvc/autoconfigure/WebMvcAutoConfiguration
instanceKlass org/springframework/boot/webmvc/autoconfigure/error/ErrorViewResolver
instanceKlass org/springframework/boot/webmvc/autoconfigure/error/ErrorMvcAutoConfiguration$DefaultErrorViewResolverConfiguration
instanceKlass org/springframework/boot/autoconfigure/task/TaskExecutionAutoConfiguration
instanceKlass org/springframework/boot/autoconfigure/task/TaskExecutorConfigurations$ApplicationTaskExecutorAsyncConfigurer
instanceKlass org/springframework/web/servlet/View
instanceKlass org/springframework/boot/webmvc/autoconfigure/error/ErrorMvcAutoConfiguration$WhitelabelErrorViewConfiguration
instanceKlass org/springframework/boot/autoconfigure/task/TaskExecutionProperties$Shutdown
instanceKlass org/springframework/boot/autoconfigure/task/TaskExecutionProperties$Simple
instanceKlass org/springframework/boot/autoconfigure/task/TaskExecutionProperties$Pool
instanceKlass org/springframework/boot/autoconfigure/task/TaskExecutorConfigurations$BootstrapExecutorConfiguration
instanceKlass org/springframework/boot/autoconfigure/task/TaskExecutorConfigurations$TaskExecutorConfiguration
instanceKlass org/springframework/boot/autoconfigure/task/TaskExecutorConfigurations$TaskExecutorContextPropagationConfiguration
instanceKlass org/springframework/boot/autoconfigure/task/TaskExecutorConfigurations$AsyncConfigurerConfiguration
instanceKlass org/springframework/boot/autoconfigure/task/TaskExecutorConfigurations$AsyncConfigurerWrapperConfiguration
instanceKlass  @bci org/springframework/context/annotation/ConfigurationClassParser removeKnownSuperclass (Ljava/lang/String;Z)V 54 <appendix> member <vmtarget> ; # org/springframework/context/annotation/ConfigurationClassParser$$Lambda+0x000001faad2c7c08
instanceKlass  @bci org/springframework/boot/autoconfigure/condition/OnBeanCondition appendMessageForMatches (Ljava/lang/StringBuilder;Ljava/util/Map;Ljava/lang/String;)V 12 <appendix> member <vmtarget> ; # org/springframework/boot/autoconfigure/condition/OnBeanCondition$$Lambda+0x000001faad2c79d8
instanceKlass org/springframework/boot/task/SimpleAsyncTaskExecutorBuilder
instanceKlass org/springframework/boot/autoconfigure/task/TaskExecutorConfigurations$SimpleAsyncTaskExecutorBuilderConfiguration
instanceKlass org/springframework/boot/webmvc/autoconfigure/DispatcherServletAutoConfiguration
instanceKlass org/springframework/boot/webmvc/autoconfigure/DispatcherServletPath
instanceKlass  @bci org/springframework/util/ReflectionUtils getAllDeclaredMethods (Ljava/lang/Class;)[Ljava/lang/reflect/Method; 17 <appendix> member <vmtarget> ; # org/springframework/util/ReflectionUtils$$Lambda+0x000001faad2c66e8
instanceKlass org/springframework/boot/task/ThreadPoolTaskExecutorBuilder
instanceKlass org/springframework/boot/autoconfigure/task/TaskExecutionProperties
instanceKlass org/springframework/boot/autoconfigure/task/TaskExecutorConfigurations$ThreadPoolTaskExecutorBuilderConfiguration
instanceKlass org/springframework/aop/scope/ScopedProxyUtils
instanceKlass org/springframework/boot/webmvc/autoconfigure/DispatcherServletAutoConfiguration$DispatcherServletRegistrationConfiguration
instanceKlass org/springframework/boot/context/properties/BindMethodAttribute
instanceKlass org/springframework/boot/webmvc/autoconfigure/WebMvcProperties$Apiversion
instanceKlass org/springframework/boot/webmvc/autoconfigure/WebMvcProperties$Problemdetails
instanceKlass org/springframework/boot/webmvc/autoconfigure/WebMvcProperties$Pathmatch
instanceKlass org/springframework/boot/webmvc/autoconfigure/WebMvcProperties$Contentnegotiation
instanceKlass org/springframework/boot/webmvc/autoconfigure/WebMvcProperties$View
instanceKlass org/springframework/boot/webmvc/autoconfigure/WebMvcProperties$Servlet
instanceKlass org/springframework/boot/webmvc/autoconfigure/WebMvcProperties$Async
instanceKlass org/springframework/boot/webmvc/autoconfigure/WebMvcProperties$Format
instanceKlass org/springframework/validation/MessageCodeFormatter
instanceKlass org/springframework/boot/context/properties/ConfigurationPropertiesBean
instanceKlass  @bci org/springframework/boot/context/properties/ConfigurationPropertiesBeanRegistrar registerBeanDefinition (Ljava/lang/String;Ljava/lang/Class;Lorg/springframework/core/annotation/MergedAnnotation;)V 7 <appendix> member <vmtarget> ; # org/springframework/boot/context/properties/ConfigurationPropertiesBeanRegistrar$$Lambda+0x000001faad2c4000
instanceKlass  @bci org/springframework/boot/context/properties/EnableConfigurationPropertiesRegistrar registerBeanDefinitions (Lorg/springframework/core/type/AnnotationMetadata;Lorg/springframework/beans/factory/support/BeanDefinitionRegistry;)V 28 <appendix> member <vmtarget> ; # org/springframework/boot/context/properties/EnableConfigurationPropertiesRegistrar$$Lambda+0x000001faad2bfb00
instanceKlass  @bci org/springframework/boot/context/properties/EnableConfigurationPropertiesRegistrar getTypes (Lorg/springframework/core/type/AnnotationMetadata;)Ljava/util/Set; 23 <appendix> argL0 ; # org/springframework/boot/context/properties/EnableConfigurationPropertiesRegistrar$$Lambda+0x000001faad2bf8b8
instanceKlass  @bci org/springframework/boot/context/properties/EnableConfigurationPropertiesRegistrar getTypes (Lorg/springframework/core/type/AnnotationMetadata;)Ljava/util/Set; 13 <appendix> argL0 ; # org/springframework/boot/context/properties/EnableConfigurationPropertiesRegistrar$$Lambda+0x000001faad2bf680
instanceKlass org/springframework/boot/context/properties/ConfigurationPropertiesBeanRegistrar
instanceKlass org/springframework/boot/context/properties/ConfigurationProperties
instanceKlass org/springframework/boot/validation/beanvalidation/MethodValidationExcludeFilter
instanceKlass org/springframework/boot/context/properties/BoundConfigurationProperties
instanceKlass org/springframework/boot/context/properties/ConfigurationPropertiesBinder$ConfigurationPropertiesBinderFactory
instanceKlass org/springframework/validation/Validator
instanceKlass org/springframework/boot/context/properties/ConfigurationPropertiesBinder
instanceKlass org/springframework/boot/context/properties/ConfigurationPropertiesBindingPostProcessor
instanceKlass org/springframework/boot/webmvc/autoconfigure/DispatcherServletAutoConfiguration$DispatcherServletConfiguration
instanceKlass org/springframework/boot/webmvc/autoconfigure/WebMvcProperties
instanceKlass org/springframework/core/annotation/AnnotatedElementUtils
instanceKlass org/springframework/context/annotation/BeanAnnotationHelper
instanceKlass  @bci org/springframework/util/ReflectionUtils getUniqueDeclaredMethods (Ljava/lang/Class;Lorg/springframework/util/ReflectionUtils$MethodFilter;)[Ljava/lang/reflect/Method; 12 <appendix> member <vmtarget> ; # org/springframework/util/ReflectionUtils$$Lambda+0x000001faad2bd7a8
instanceKlass  @bci org/springframework/beans/factory/support/AbstractAutowireCapableBeanFactory getTypeForFactoryMethod (Ljava/lang/String;Lorg/springframework/beans/factory/support/RootBeanDefinition;[Ljava/lang/Class;)Ljava/lang/Class; 133 <appendix> argL0 ; # org/springframework/beans/factory/support/AbstractAutowireCapableBeanFactory$$Lambda+0x000001faad2bd570
instanceKlass org/springframework/core/type/StandardMethodMetadata
instanceKlass org/springframework/context/annotation/ConfigurationBeanNameGenerator
instanceKlass  @bci org/springframework/boot/autoconfigure/condition/OnBeanCondition getMatchingBeans (Lorg/springframework/boot/autoconfigure/condition/OnBeanCondition$Spec;)Lorg/springframework/boot/autoconfigure/condition/OnBeanCondition$MatchResult; 116 <appendix> member <vmtarget> ; # org/springframework/boot/autoconfigure/condition/OnBeanCondition$$Lambda+0x000001faad2bc4a8
instanceKlass  @cpi org/springframework/boot/autoconfigure/condition/OnBeanCondition 855 form vmentry <vmtarget> ; # java/lang/invoke/LambdaForm$DMH+0x000001faad2c0000
instanceKlass  @bci org/springframework/beans/factory/config/ConstructorArgumentValues addArgumentValues (Lorg/springframework/beans/factory/config/ConstructorArgumentValues;)V 40 <appendix> member <vmtarget> ; # org/springframework/beans/factory/config/ConstructorArgumentValues$$Lambda+0x000001faad2bc278
instanceKlass  @bci org/springframework/beans/factory/config/ConstructorArgumentValues addArgumentValues (Lorg/springframework/beans/factory/config/ConstructorArgumentValues;)V 29 <appendix> member <vmtarget> ; # org/springframework/beans/factory/config/ConstructorArgumentValues$$Lambda+0x000001faad2bc028
instanceKlass  @bci org/springframework/beans/factory/config/ConstructorArgumentValues addArgumentValues (Lorg/springframework/beans/factory/config/ConstructorArgumentValues;)V 9 <appendix> member <vmtarget> ; # org/springframework/beans/factory/config/ConstructorArgumentValues$$Lambda+0x000001faad2bbdf8
instanceKlass org/springframework/boot/autoconfigure/condition/OnBeanCondition$MatchResult
instanceKlass  @bci org/springframework/boot/autoconfigure/condition/OnBeanCondition$Spec isParameterizedContainer (Ljava/lang/Class;)Z 25 <appendix> member <vmtarget> ; # org/springframework/boot/autoconfigure/condition/OnBeanCondition$Spec$$Lambda+0x000001faad2bb9a0
instanceKlass  @bci org/springframework/boot/autoconfigure/condition/OnBeanCondition$Spec isParameterizedContainer (Ljava/lang/Class;)Z 14 <appendix> member <vmtarget> ; # org/springframework/boot/autoconfigure/condition/OnBeanCondition$Spec$$Lambda+0x000001faad2bb760
instanceKlass org/springframework/core/io/support/PropertiesLoaderSupport
instanceKlass org/springframework/boot/autoconfigure/context/PropertyPlaceholderAutoConfiguration
instanceKlass  @bci org/springframework/core/annotation/MergedAnnotationCollectors toMultiValueMap ([Lorg/springframework/core/annotation/MergedAnnotation$Adapt;)Ljava/util/stream/Collector; 0 <appendix> argL0 ; # org/springframework/core/annotation/MergedAnnotationCollectors$$Lambda+0x000001faad2ba098
instanceKlass  @bci org/springframework/boot/autoconfigure/condition/OnBeanCondition$Spec <init> (Lorg/springframework/context/annotation/ConditionContext;Lorg/springframework/core/type/AnnotatedTypeMetadata;Lorg/springframework/core/annotation/MergedAnnotations;Ljava/lang/Class;)V 12 <appendix> argL0 ; # org/springframework/boot/autoconfigure/condition/OnBeanCondition$Spec$$Lambda+0x000001faad2b9e60
instanceKlass org/springframework/beans/factory/config/ConstructorArgumentValues$ValueHolder
instanceKlass org/springframework/beans/factory/config/ConstructorArgumentValues
instanceKlass org/springframework/boot/autoconfigure/AutoConfigurationPackages$BasePackages
instanceKlass org/springframework/boot/autoconfigure/AutoConfigurationPackages
instanceKlass org/springframework/boot/autoconfigure/AutoConfigurationPackages$PackageImports
instanceKlass  @bci org/springframework/context/annotation/ConfigurationClassBeanDefinitionReader loadBeanDefinitionsFromBeanRegistrars (Lorg/springframework/util/MultiValueMap;)V 53 <appendix> member <vmtarget> ; # org/springframework/context/annotation/ConfigurationClassBeanDefinitionReader$$Lambda+0x000001faad2b8e90
instanceKlass  @bci org/springframework/context/annotation/ConfigurationClassBeanDefinitionReader loadBeanDefinitionsFromImportBeanDefinitionRegistrars (Ljava/util/Map;)V 2 <appendix> member <vmtarget> ; # org/springframework/context/annotation/ConfigurationClassBeanDefinitionReader$$Lambda+0x000001faad2b8c60
instanceKlass  @bci org/springframework/context/annotation/ConfigurationClassBeanDefinitionReader loadBeanDefinitionsFromImportedResources (Ljava/util/Map;)V 11 <appendix> member <vmtarget> ; # org/springframework/context/annotation/ConfigurationClassBeanDefinitionReader$$Lambda+0x000001faad2b8a30
instanceKlass org/springframework/context/annotation/ConfigurationClassBeanDefinitionReader$TrackedConditionEvaluator
instanceKlass org/springframework/beans/factory/BeanRegistry
instanceKlass org/springframework/context/annotation/ConfigurationClassBeanDefinitionReader
instanceKlass org/apache/tomcat/websocket/server/WsSci
instanceKlass jakarta/servlet/ServletContainerInitializer
instanceKlass org/springframework/boot/autoconfigure/condition/ConditionalOnWarDeployment
instanceKlass org/springframework/boot/web/server/autoconfigure/servlet/ServletWebServerConfiguration$BeanPostProcessorsRegistrar
instanceKlass org/springframework/boot/autoconfigure/condition/ConditionalOnNotWarDeployment
instanceKlass org/springframework/context/support/ApplicationObjectSupport
instanceKlass org/springframework/web/servlet/ViewResolver
instanceKlass  @bci org/springframework/boot/web/server/servlet/DocumentRoot getExplodedWarFileDocumentRoot (Ljava/io/File;)Ljava/io/File; 53 <appendix> form vmentry <vmtarget> ; # java/lang/invoke/LambdaForm$MH+0x000001faad2b2c00
instanceKlass  @bci org/springframework/boot/web/server/servlet/DocumentRoot getExplodedWarFileDocumentRoot (Ljava/io/File;)Ljava/io/File; 53 <appendix> argL3 form vmentry <vmtarget> ; # java/lang/invoke/LambdaForm$MH+0x000001faad2b2800
# instanceKlass java/lang/invoke/LambdaForm$MH+0x000001faad2b2400
# instanceKlass java/lang/invoke/LambdaForm$MH+0x000001faad2b2000
# instanceKlass java/lang/invoke/LambdaForm$MH+0x000001faad2b1c00
# instanceKlass java/lang/invoke/LambdaForm$MH+0x000001faad2b1800
instanceKlass  @bci org/springframework/boot/web/server/servlet/DocumentRoot getExplodedWarFileDocumentRoot (Ljava/io/File;)Ljava/io/File; 53 <appendix> argL1 form vmentry <vmtarget> ; # java/lang/invoke/LambdaForm$MH+0x000001faad2b1400
# instanceKlass java/lang/invoke/LambdaForm$MH+0x000001faad2b1000
# instanceKlass java/lang/invoke/LambdaForm$MH+0x000001faad2b0c00
# instanceKlass java/lang/invoke/LambdaForm$MH+0x000001faad2b0800
instanceKlass org/springframework/boot/autoconfigure/condition/AbstractNestedCondition$MemberOutcomes
instanceKlass  @bci org/springframework/boot/autoconfigure/condition/AbstractNestedCondition$MemberConditions getMatchOutcomes ()Ljava/util/List; 14 <appendix> member <vmtarget> ; # org/springframework/boot/autoconfigure/condition/AbstractNestedCondition$MemberConditions$$Lambda+0x000001faad2b7738
instanceKlass org/springframework/boot/autoconfigure/condition/AbstractNestedCondition$MemberMatchOutcomes
instanceKlass org/springframework/boot/autoconfigure/condition/AbstractNestedCondition$MemberConditions
instanceKlass org/springframework/boot/devtools/restart/RestartScope
instanceKlass org/springframework/boot/devtools/restart/ConditionalOnInitializedRestarter
instanceKlass org/springframework/boot/devtools/autoconfigure/ConditionalOnEnabledDevTools
instanceKlass org/springframework/boot/autoconfigure/condition/ConditionalOnResource
instanceKlass org/springframework/boot/autoconfigure/web/WebProperties$Resources$Chain
instanceKlass org/springframework/boot/autoconfigure/condition/ConditionalOnMissingFilterBean
instanceKlass org/springframework/boot/autoconfigure/web/ConditionalOnEnabledResourceChain
instanceKlass  @bci org/springframework/boot/webmvc/autoconfigure/JspTemplateAvailabilityProvider <init> ()V 10 <appendix> argL0 ; # org/springframework/boot/webmvc/autoconfigure/JspTemplateAvailabilityProvider$$Lambda+0x000001faad2b4788
instanceKlass org/springframework/boot/webmvc/autoconfigure/JspTemplateAvailabilityProvider
instanceKlass org/springframework/boot/thymeleaf/autoconfigure/ThymeleafTemplateAvailabilityProvider
instanceKlass org/springframework/boot/autoconfigure/template/TemplateAvailabilityProviders$NoTemplateAvailabilityProvider
instanceKlass org/springframework/boot/autoconfigure/template/TemplateAvailabilityProvider
instanceKlass org/springframework/boot/autoconfigure/template/TemplateAvailabilityProviders
instanceKlass  @bci org/springframework/boot/autoconfigure/condition/OnPropertyCondition$Spec getNames (Lorg/springframework/core/annotation/AnnotationAttributes;)[Ljava/lang/String; 88 <appendix> member <vmtarget> ; # org/springframework/boot/autoconfigure/condition/OnPropertyCondition$Spec$$Lambda+0x000001faad2af518
instanceKlass  @bci org/springframework/boot/autoconfigure/condition/OnPropertyCondition$Spec getNames (Lorg/springframework/core/annotation/AnnotationAttributes;)[Ljava/lang/String; 64 <appendix> member <vmtarget> ; # org/springframework/boot/autoconfigure/condition/OnPropertyCondition$Spec$$Lambda+0x000001faad2af2f8
instanceKlass org/springframework/boot/autoconfigure/condition/OnPropertyCondition$Spec
instanceKlass  @bci java/util/stream/StreamSpliterators$WrappingSpliterator forEachRemaining (Ljava/util/function/Consumer;)V 33 <appendix> member <vmtarget> ; # java/util/stream/StreamSpliterators$WrappingSpliterator$$Lambda+0x000001faad1dbc80
instanceKlass java/util/stream/Streams$2
instanceKlass java/util/stream/Streams$ConcatSpliterator
instanceKlass  @bci org/springframework/boot/autoconfigure/condition/OnPropertyCondition streamRepeated (Lorg/springframework/core/annotation/MergedAnnotations;Ljava/lang/Class;Ljava/lang/Class;)Ljava/util/stream/Stream; 8 <appendix> member <vmtarget> ; # org/springframework/boot/autoconfigure/condition/OnPropertyCondition$$Lambda+0x000001faad2aeeb0
instanceKlass  @bci org/springframework/boot/autoconfigure/condition/OnPropertyCondition stream (Lorg/springframework/core/annotation/MergedAnnotations;Ljava/lang/Class;)Ljava/util/stream/Stream; 10 <appendix> argL0 ; # org/springframework/boot/autoconfigure/condition/OnPropertyCondition$$Lambda+0x000001faad2aec78
instanceKlass org/springframework/boot/autoconfigure/condition/ConditionalOnBooleanProperties
instanceKlass org/springframework/boot/autoconfigure/condition/ConditionalOnBooleanProperty
instanceKlass org/springframework/scheduling/annotation/AsyncConfigurer
instanceKlass org/springframework/boot/autoconfigure/condition/ConditionalOnThreading
instanceKlass org/springframework/boot/autoconfigure/condition/ConditionalOnProperties
instanceKlass org/springframework/boot/autoconfigure/condition/ConditionalOnProperty
instanceKlass com/bookstore/service/BookService
instanceKlass com/bookstore/repository/BookRepository
instanceKlass com/bookstore/controller/HomeController
instanceKlass com/bookstore/controller/BookController
instanceKlass org/springframework/boot/web/servlet/RegistrationBean
instanceKlass org/springframework/boot/web/servlet/ServletContextInitializer
instanceKlass jakarta/servlet/ServletRegistration
instanceKlass jakarta/servlet/Registration
instanceKlass org/springframework/boot/autoconfigure/condition/OnWebApplicationCondition$1
instanceKlass org/springframework/boot/autoconfigure/condition/ConditionalOnMissingClass
instanceKlass org/springframework/context/annotation/ConfigurationMethod
instanceKlass  @bci org/springframework/core/annotation/MergedAnnotationCollectors lambda$toMultiValueMap$1 ([Lorg/springframework/core/annotation/MergedAnnotation$Adapt;Lorg/springframework/util/MultiValueMap;Lorg/springframework/core/annotation/MergedAnnotation;)V 13 <appendix> member <vmtarget> ; # org/springframework/core/annotation/MergedAnnotationCollectors$$Lambda+0x000001faad2aa2c0
instanceKlass  @bci org/springframework/core/annotation/TypeMappedAnnotation asMap ([Lorg/springframework/core/annotation/MergedAnnotation$Adapt;)Ljava/util/Map; 1 <appendix> argL0 ; # org/springframework/core/annotation/TypeMappedAnnotation$$Lambda+0x000001faad2aa088
instanceKlass  @bci org/springframework/core/annotation/MergedAnnotationCollectors toMultiValueMap (Ljava/util/function/Function;[Lorg/springframework/core/annotation/MergedAnnotation$Adapt;)Ljava/util/stream/Collector; 31 <appendix> argL0 ; # org/springframework/core/annotation/MergedAnnotationCollectors$$Lambda+0x000001faad2a9e48
instanceKlass  @bci org/springframework/core/annotation/MergedAnnotationCollectors toMultiValueMap (Ljava/util/function/Function;[Lorg/springframework/core/annotation/MergedAnnotation$Adapt;)Ljava/util/stream/Collector; 26 <appendix> member <vmtarget> ; # org/springframework/core/annotation/MergedAnnotationCollectors$$Lambda+0x000001faad2a9c18
instanceKlass  @bci org/springframework/core/annotation/MergedAnnotationCollectors toMultiValueMap (Ljava/util/function/Function;[Lorg/springframework/core/annotation/MergedAnnotation$Adapt;)Ljava/util/stream/Collector; 20 <appendix> argL0 ; # org/springframework/core/annotation/MergedAnnotationCollectors$$Lambda+0x000001faad2a9a00
instanceKlass org/springframework/core/annotation/MergedAnnotationCollectors
instanceKlass  @bci org/springframework/core/type/AnnotatedTypeMetadata getAllAnnotationAttributes (Ljava/lang/String;Z)Lorg/springframework/util/MultiValueMap; 41 <appendix> argL0 ; # org/springframework/core/type/AnnotatedTypeMetadata$$Lambda+0x000001faad2a95c8
instanceKlass  @bci org/springframework/core/type/AnnotatedTypeMetadata getAllAnnotationAttributes (Ljava/lang/String;Z)Lorg/springframework/util/MultiValueMap; 31 <appendix> argL0 ; # org/springframework/core/type/AnnotatedTypeMetadata$$Lambda+0x000001faad2a9390
instanceKlass org/springframework/core/annotation/MergedAnnotationPredicates$UniquePredicate
instanceKlass  @bci org/springframework/core/type/AnnotatedTypeMetadata getAllAnnotationAttributes (Ljava/lang/String;Z)Lorg/springframework/util/MultiValueMap; 18 <appendix> argL0 ; # org/springframework/core/type/AnnotatedTypeMetadata$$Lambda+0x000001faad2a8ef8
instanceKlass org/springframework/context/annotation/ImportRuntimeHints
instanceKlass org/springframework/boot/context/properties/EnableConfigurationPropertiesRegistrar
instanceKlass org/springframework/boot/context/properties/EnableConfigurationProperties
instanceKlass org/springframework/boot/autoconfigure/AutoConfigureOrder
instanceKlass  @bci org/springframework/core/type/classreading/MergedAnnotationReadingVisitor visitEnum (Ljava/lang/String;Ljava/lang/String;Ljava/lang/String;)V 5 <appendix> member <vmtarget> ; # org/springframework/core/type/classreading/MergedAnnotationReadingVisitor$$Lambda+0x000001faad2a77c8
instanceKlass org/springframework/boot/autoconfigure/condition/ConditionalOnMissingBean
instanceKlass  @bci org/springframework/context/annotation/ConfigurationClassParser$DeferredImportSelectorGroupingHandler processGroupImports ()V 45 <appendix> member <vmtarget> ; # org/springframework/context/annotation/ConfigurationClassParser$DeferredImportSelectorGroupingHandler$$Lambda+0x000001faad2a6ef0
instanceKlass  @bci org/springframework/boot/autoconfigure/AutoConfigurationImportSelector$AutoConfigurationGroup selectImports ()Ljava/lang/Iterable; 126 <appendix> member <vmtarget> ; # org/springframework/boot/autoconfigure/AutoConfigurationImportSelector$AutoConfigurationGroup$$Lambda+0x000001faad2a6cb0
instanceKlass org/springframework/context/annotation/DeferredImportSelector$Group$Entry
instanceKlass  @bci org/springframework/boot/autoconfigure/AutoConfigurationSorter checkForCycles (Ljava/util/Set;Ljava/lang/String;Ljava/lang/String;)V 17 <appendix> member <vmtarget> ; # org/springframework/boot/autoconfigure/AutoConfigurationSorter$$Lambda+0x000001faad2a6878
instanceKlass  @bci org/springframework/boot/autoconfigure/AutoConfigurationSorter$AutoConfigurationClasses getClassesRequestedAfter (Ljava/lang/String;)Ljava/util/Set; 22 <appendix> member <vmtarget> ; # org/springframework/boot/autoconfigure/AutoConfigurationSorter$AutoConfigurationClasses$$Lambda+0x000001faad2a6648
instanceKlass  @bci org/springframework/boot/autoconfigure/AutoConfigurationSorter doSortByAfterAnnotation (Lorg/springframework/boot/autoconfigure/AutoConfigurationSorter$AutoConfigurationClasses;Ljava/util/List;Ljava/util/Set;Ljava/util/Set;Ljava/lang/String;)V 37 <appendix> member <vmtarget> ; # org/springframework/boot/autoconfigure/AutoConfigurationSorter$$Lambda+0x000001faad2a6408
instanceKlass  @bci org/springframework/boot/autoconfigure/AutoConfigurationSorter getInPriorityOrder (Ljava/util/Collection;)Ljava/util/List; 49 <appendix> member <vmtarget> ; # org/springframework/boot/autoconfigure/AutoConfigurationSorter$$Lambda+0x000001faad2a6170
instanceKlass org/springframework/boot/autoconfigure/AutoConfigureAfter
instanceKlass org/springframework/boot/autoconfigure/AutoConfigureBefore
instanceKlass org/springframework/boot/autoconfigure/AutoConfigurationSorter$AutoConfigurationClass
instanceKlass org/springframework/boot/autoconfigure/AutoConfigurationSorter$AutoConfigurationClasses
instanceKlass  @bci org/springframework/boot/autoconfigure/AutoConfigurationImportSelector$AutoConfigurationGroup sortAutoConfigurations (Ljava/util/Set;Lorg/springframework/boot/autoconfigure/AutoConfigurationMetadata;)Ljava/util/List; 35 <appendix> member <vmtarget> ; # org/springframework/boot/autoconfigure/AutoConfigurationImportSelector$AutoConfigurationGroup$$Lambda+0x000001faad2a56e8
instanceKlass org/springframework/boot/autoconfigure/AutoConfigurationSorter
instanceKlass  @bci org/springframework/boot/autoconfigure/AutoConfigurationImportSelector$AutoConfigurationGroup selectImports ()Ljava/lang/Iterable; 86 <appendix> argL0 ; # org/springframework/boot/autoconfigure/AutoConfigurationImportSelector$AutoConfigurationGroup$$Lambda+0x000001faad2a52c0
instanceKlass  @bci org/springframework/boot/autoconfigure/AutoConfigurationImportSelector$AutoConfigurationGroup selectImports ()Ljava/lang/Iterable; 76 <appendix> argL0 ; # org/springframework/boot/autoconfigure/AutoConfigurationImportSelector$AutoConfigurationGroup$$Lambda+0x000001faad2a5088
instanceKlass  @bci org/springframework/boot/autoconfigure/AutoConfigurationImportSelector$AutoConfigurationGroup selectImports ()Ljava/lang/Iterable; 66 <appendix> argL0 ; # org/springframework/boot/autoconfigure/AutoConfigurationImportSelector$AutoConfigurationGroup$$Lambda+0x000001faad2a4e50
instanceKlass  @bci org/springframework/boot/autoconfigure/AutoConfigurationImportSelector$AutoConfigurationGroup selectImports ()Ljava/lang/Iterable; 35 <appendix> argL0 ; # org/springframework/boot/autoconfigure/AutoConfigurationImportSelector$AutoConfigurationGroup$$Lambda+0x000001faad2a4c18
instanceKlass  @bci org/springframework/boot/autoconfigure/AutoConfigurationImportSelector$AutoConfigurationGroup selectImports ()Ljava/lang/Iterable; 25 <appendix> argL0 ; # org/springframework/boot/autoconfigure/AutoConfigurationImportSelector$AutoConfigurationGroup$$Lambda+0x000001faad2a49e0
instanceKlass org/springframework/boot/autoconfigure/condition/ConditionEvaluationReportAutoConfigurationImportListener
instanceKlass org/springframework/boot/autoconfigure/AutoConfigurationImportListener
instanceKlass org/springframework/boot/autoconfigure/condition/ConditionalOnSingleCandidate
instanceKlass org/springframework/boot/autoconfigure/condition/ConditionalOnBean
instanceKlass org/springframework/boot/autoconfigure/condition/ConditionalOnWebApplication
instanceKlass org/springframework/boot/autoconfigure/condition/ConditionEvaluationReport$ConditionAndOutcome
instanceKlass  @bci org/springframework/boot/autoconfigure/condition/ConditionEvaluationReport recordConditionEvaluation (Ljava/lang/String;Lorg/springframework/context/annotation/Condition;Lorg/springframework/boot/autoconfigure/condition/ConditionOutcome;)V 34 <appendix> argL0 ; # org/springframework/boot/autoconfigure/condition/ConditionEvaluationReport$$Lambda+0x000001faad2a3518
instanceKlass org/springframework/boot/autoconfigure/condition/ConditionEvaluationReport$ConditionAndOutcomes
instanceKlass org/springframework/web/multipart/support/StandardServletMultipartResolver
instanceKlass org/springframework/web/multipart/MultipartResolver
instanceKlass jakarta/servlet/MultipartConfigElement
instanceKlass org/springframework/web/filter/GenericFilterBean
instanceKlass io/micrometer/observation/Observation
instanceKlass io/micrometer/observation/ObservationView
instanceKlass org/springframework/web/servlet/config/annotation/WebMvcConfigurer
instanceKlass org/springframework/boot/web/server/servlet/ConfigurableServletWebServerFactory
instanceKlass org/springframework/boot/web/server/servlet/WebListenerRegistry
instanceKlass org/springframework/boot/web/server/servlet/ServletWebServerFactory
instanceKlass org/apache/coyote/UpgradeProtocol
instanceKlass org/springframework/http/ReactiveHttpInputMessage
instanceKlass org/springframework/boot/web/server/AbstractConfigurableWebServerFactory
instanceKlass org/springframework/boot/web/server/reactive/ConfigurableReactiveWebServerFactory
instanceKlass org/springframework/boot/web/server/reactive/ReactiveWebServerFactory
instanceKlass org/springframework/boot/tomcat/ConfigurableTomcatWebServerFactory
instanceKlass org/springframework/boot/web/server/ConfigurableWebServerFactory
instanceKlass org/springframework/boot/web/error/ErrorPageRegistry
instanceKlass org/springframework/boot/web/server/WebServerFactory
instanceKlass org/springframework/scheduling/TaskScheduler
instanceKlass org/apache/catalina/startup/Tomcat
instanceKlass org/springframework/util/CustomizableThreadCreator
instanceKlass org/springframework/scheduling/SchedulingTaskExecutor
instanceKlass org/springframework/core/task/AsyncTaskExecutor
instanceKlass org/springframework/core/task/TaskExecutor
instanceKlass org/springframework/jmx/support/MBeanRegistrationSupport
instanceKlass org/springframework/jmx/export/MBeanExportOperations
instanceKlass org/thymeleaf/TemplateEngine
instanceKlass org/thymeleaf/spring6/ISpringTemplateEngine
instanceKlass org/thymeleaf/ITemplateEngine
instanceKlass org/springframework/http/server/ServerHttpRequest
instanceKlass org/springframework/http/HttpInputMessage
instanceKlass org/springframework/http/HttpRequest
instanceKlass org/springframework/boot/web/server/autoconfigure/ServerProperties
instanceKlass jakarta/servlet/Filter
instanceKlass javax/sql/DataSource
instanceKlass java/sql/Wrapper
instanceKlass javax/sql/CommonDataSource
instanceKlass org/springframework/boot/autoconfigure/condition/ConditionMessage$ItemsBuilder
instanceKlass org/springframework/boot/autoconfigure/condition/ConditionMessage$Builder
instanceKlass org/springframework/boot/autoconfigure/condition/ConditionMessage
instanceKlass org/springframework/boot/autoconfigure/condition/ConditionalOnClass
instanceKlass org/springframework/boot/autoconfigure/condition/ConditionOutcome
instanceKlass  @bci org/springframework/boot/autoconfigure/condition/OnClassCondition$ThreadedOutcomesResolver <init> (Lorg/springframework/boot/autoconfigure/condition/OnClassCondition$OutcomesResolver;)V 11 <appendix> member <vmtarget> ; # org/springframework/boot/autoconfigure/condition/OnClassCondition$ThreadedOutcomesResolver$$Lambda+0x000001faad2970a8
instanceKlass org/springframework/boot/autoconfigure/condition/OnClassCondition$ThreadedOutcomesResolver
instanceKlass org/springframework/boot/autoconfigure/condition/OnClassCondition$StandardOutcomesResolver
instanceKlass org/springframework/boot/autoconfigure/AutoConfigurationMetadataLoader$PropertiesAutoConfigurationMetadata
instanceKlass org/springframework/boot/autoconfigure/AutoConfigurationMetadata
instanceKlass org/springframework/boot/autoconfigure/AutoConfigurationMetadataLoader
instanceKlass org/springframework/boot/autoconfigure/AutoConfigurationImportSelector$ConfigurationClassFilter
instanceKlass org/springframework/boot/autoconfigure/condition/OnClassCondition$OutcomesResolver
instanceKlass org/springframework/boot/autoconfigure/condition/OnBeanCondition$Spec
instanceKlass org/springframework/boot/autoconfigure/condition/SpringBootCondition
instanceKlass org/springframework/context/annotation/ConfigurationCondition
instanceKlass org/springframework/boot/autoconfigure/AutoConfigurationImportFilter
instanceKlass  @bci org/springframework/boot/autoconfigure/AutoConfigurationImportSelector getExcludeAutoConfigurationsProperty ()Ljava/util/List; 35 <appendix> argL0 ; # org/springframework/boot/autoconfigure/AutoConfigurationImportSelector$$Lambda+0x000001faad294af0
instanceKlass org/springframework/boot/context/annotation/ImportCandidates
instanceKlass  @bci org/springframework/boot/autoconfigure/AutoConfigurationImportSelector getAttributes (Lorg/springframework/core/type/AnnotationMetadata;)Lorg/springframework/core/annotation/AnnotationAttributes; 31 <appendix> member <vmtarget> ; # org/springframework/boot/autoconfigure/AutoConfigurationImportSelector$$Lambda+0x000001faad294690
instanceKlass org/springframework/boot/autoconfigure/AutoConfigurationReplacements
instanceKlass  @bci org/springframework/boot/autoconfigure/AutoConfigurationImportSelector$AutoConfigurationGroup process (Lorg/springframework/core/type/AnnotationMetadata;Lorg/springframework/context/annotation/DeferredImportSelector;)V 5 <appendix> member <vmtarget> ; # org/springframework/boot/autoconfigure/AutoConfigurationImportSelector$AutoConfigurationGroup$$Lambda+0x000001faad294268
instanceKlass  @bci org/springframework/context/annotation/ConfigurationClassParser$DeferredImportSelectorGroupingHandler register (Lorg/springframework/context/annotation/ConfigurationClassParser$DeferredImportSelectorHolder;)V 25 <appendix> member <vmtarget> ; # org/springframework/context/annotation/ConfigurationClassParser$DeferredImportSelectorGroupingHandler$$Lambda+0x000001faad294028
instanceKlass org/springframework/context/annotation/ConfigurationClassParser$DeferredImportSelectorGrouping
instanceKlass org/springframework/boot/autoconfigure/AutoConfigurationImportSelector$AutoConfigurationGroup
instanceKlass org/springframework/context/annotation/DeferredImportSelector$Group
instanceKlass  @bci org/springframework/context/annotation/ConfigurationClassParser$DeferredImportSelectorHandler process ()V 42 <appendix> member <vmtarget> ; # org/springframework/context/annotation/ConfigurationClassParser$DeferredImportSelectorHandler$$Lambda+0x000001faad293770
instanceKlass org/springframework/context/annotation/ConfigurationClassParser$DeferredImportSelectorGroupingHandler
instanceKlass  @bci org/springframework/core/type/StandardAnnotationMetadata getAnnotatedMethods (Ljava/lang/String;)Ljava/util/Set; 27 <appendix> member <vmtarget> ; # org/springframework/core/type/StandardAnnotationMetadata$$Lambda+0x000001faad293338
instanceKlass  @bci java/util/function/Predicate or (Ljava/util/function/Predicate;)Ljava/util/function/Predicate; 7 <appendix> member <vmtarget> ; # java/util/function/Predicate$$Lambda+0x000001faad1db2d8
instanceKlass  @bci org/springframework/boot/autoconfigure/AutoConfigurationImportSelector getExclusionFilter ()Ljava/util/function/Predicate; 1 <appendix> member <vmtarget> ; # org/springframework/boot/autoconfigure/AutoConfigurationImportSelector$$Lambda+0x000001faad2930e8
instanceKlass org/springframework/boot/autoconfigure/AutoConfiguration
instanceKlass org/springframework/boot/autoconfigure/AutoConfigurationImportSelector$AutoConfigurationEntry
instanceKlass org/springframework/beans/factory/BeanRegistrar
instanceKlass  @bci org/springframework/http/converter/support/AllEncompassingFormHttpMessageConverter <init> ()V 21 <appendix> member <vmtarget> ; # org/springframework/http/converter/support/AllEncompassingFormHttpMessageConverter$$Lambda+0x000001faad2928b0
instanceKlass org/springframework/http/converter/DefaultHttpMessageConverters
instanceKlass  @bci org/springframework/http/converter/support/AllEncompassingFormHttpMessageConverter <init> (Ljava/lang/Iterable;)V 6 <appendix> member <vmtarget> ; # org/springframework/http/converter/support/AllEncompassingFormHttpMessageConverter$$Lambda+0x000001faad292410
instanceKlass tools/jackson/databind/JacksonModule
instanceKlass org/springframework/http/converter/json/ProblemDetailJacksonMixin
instanceKlass org/springframework/http/ProblemDetail
instanceKlass tools/jackson/databind/ser/FilterProvider
instanceKlass org/springframework/context/annotation/Bean
instanceKlass org/springframework/http/converter/SmartHttpMessageConverter
instanceKlass  @bci org/springframework/core/type/AnnotationMetadata getAnnotationTypes ()Ljava/util/Set; 31 <appendix> argL0 ; # org/springframework/core/type/AnnotationMetadata$$Lambda+0x000001faad290868
instanceKlass  @bci org/springframework/core/type/AnnotationMetadata getAnnotationTypes ()Ljava/util/Set; 21 <appendix> argL0 ; # org/springframework/core/type/AnnotationMetadata$$Lambda+0x000001faad290630
instanceKlass  @bci org/springframework/core/type/AnnotationMetadata getAnnotationTypes ()Ljava/util/Set; 11 <appendix> argL0 ; # org/springframework/core/type/AnnotationMetadata$$Lambda+0x000001faad290000
instanceKlass org/springframework/http/converter/DefaultHttpMessageConverters$DefaultBuilder
instanceKlass org/springframework/http/converter/HttpMessageConverters$ServerBuilder
instanceKlass org/springframework/http/converter/HttpMessageConverters$ClientBuilder
instanceKlass org/springframework/http/converter/HttpMessageConverters$Builder
instanceKlass org/springframework/http/converter/HttpMessageConverters
instanceKlass org/apache/commons/logging/impl/NoOpLog
instanceKlass org/springframework/core/log/CompositeLog
instanceKlass org/springframework/core/log/LogDelegateFactory
instanceKlass org/springframework/core/annotation/MergedAnnotationsCollection$AnnotationsSpliterator
instanceKlass org/springframework/http/HttpLogging
instanceKlass org/springframework/http/converter/AbstractHttpMessageConverter
instanceKlass org/springframework/stereotype/Service
instanceKlass org/springframework/stereotype/Repository
instanceKlass org/springframework/util/MimeType
instanceKlass  @bci org/springframework/core/type/AnnotationMetadata hasMetaAnnotation (Ljava/lang/String;)Z 7 <appendix> argL0 ; # org/springframework/core/type/AnnotationMetadata$$Lambda+0x000001faad28e1d8
instanceKlass org/springframework/http/StreamingHttpOutputMessage$Body
instanceKlass org/springframework/http/HttpOutputMessage
instanceKlass org/springframework/http/HttpMessage
instanceKlass org/springframework/web/bind/annotation/PostMapping
instanceKlass org/springframework/http/converter/FormHttpMessageConverter
instanceKlass org/springframework/http/converter/HttpMessageConverter
instanceKlass org/springframework/http/HttpMethod
instanceKlass org/springframework/web/bind/annotation/GetMapping
instanceKlass  @bci org/springframework/core/type/classreading/SimpleMethodMetadataReadingVisitor visitAnnotation (Ljava/lang/String;Z)Lorg/springframework/asm/AnnotationVisitor; 19 <appendix> member <vmtarget> ; # org/springframework/core/type/classreading/SimpleMethodMetadataReadingVisitor$$Lambda+0x000001faad287960
instanceKlass com/sun/security/sasl/Provider$1
instanceKlass org/springframework/web/bind/annotation/ControllerMappingReflectiveProcessor
instanceKlass  @bci sun/security/provider/certpath/ldap/JdkLDAP <init> ()V 15 <appendix> member <vmtarget> ; # sun/security/provider/certpath/ldap/JdkLDAP$$Lambda+0x000001faad1da580
instanceKlass com/sun/security/sasl/gsskerb/JdkSASL$1
instanceKlass org/springframework/aot/hint/annotation/SimpleReflectiveProcessor
instanceKlass org/springframework/aot/hint/annotation/ReflectiveProcessor
instanceKlass  @bci sun/security/jgss/SunProvider <init> ()V 15 <appendix> member <vmtarget> ; # sun/security/jgss/SunProvider$$Lambda+0x000001faad289218
instanceKlass org/springframework/aot/hint/annotation/Reflective
instanceKlass sun/security/smartcardio/SunPCSC$1
instanceKlass org/springframework/web/bind/annotation/Mapping
instanceKlass sun/security/mscapi/SunMSCAPI$2
instanceKlass  @bci org/springframework/core/type/classreading/MergedAnnotationReadingVisitor visitArray (Ljava/lang/String;)Lorg/springframework/asm/AnnotationVisitor; 7 <appendix> member <vmtarget> ; # org/springframework/core/type/classreading/MergedAnnotationReadingVisitor$$Lambda+0x000001faad2863f0
instanceKlass org/springframework/web/bind/annotation/RequestMapping
instanceKlass sun/security/mscapi/SunMSCAPI$1
instanceKlass org/springframework/stereotype/Controller
instanceKlass org/springframework/core/type/classreading/SimpleAnnotationMetadata
instanceKlass org/springframework/core/type/classreading/SimpleMethodMetadataReadingVisitor$Source
instanceKlass org/jcp/xml/dsig/internal/dom/XMLDSigRI$2
instanceKlass org/jcp/xml/dsig/internal/dom/XMLDSigRI$1
instanceKlass org/springframework/core/annotation/MergedAnnotationsCollection
instanceKlass  @bci sun/security/pkcs11/SunPKCS11 register (Lsun/security/pkcs11/SunPKCS11$Descriptor;)V 27 <appendix> argL0 ; # sun/security/pkcs11/SunPKCS11$$Lambda+0x000001faad2846e0
instanceKlass  @bci org/springframework/core/type/classreading/SimpleAnnotationMetadataReadingVisitor visitMethod (ILjava/lang/String;Ljava/lang/String;Ljava/lang/String;[Ljava/lang/String;)Lorg/springframework/asm/MethodVisitor; 43 <appendix> member <vmtarget> ; # org/springframework/core/type/classreading/SimpleAnnotationMetadataReadingVisitor$$Lambda+0x000001faad283038
instanceKlass org/springframework/core/type/classreading/SimpleMethodMetadata
instanceKlass sun/security/pkcs11/SunPKCS11$Descriptor
instanceKlass org/springframework/core/type/MethodMetadata
instanceKlass javax/security/auth/callback/CallbackHandler
instanceKlass javax/security/auth/Subject
instanceKlass  @bci org/springframework/core/annotation/TypeMappedAnnotation of (Ljava/lang/ClassLoader;Ljava/lang/Object;Ljava/lang/Class;Ljava/util/Map;)Lorg/springframework/core/annotation/MergedAnnotation; 26 <appendix> argL0 ; # org/springframework/core/annotation/TypeMappedAnnotation$$Lambda+0x000001faad282938
instanceKlass org/springframework/asm/Type
instanceKlass org/springframework/asm/AnnotationVisitor
instanceKlass sun/security/jca/ProviderConfig$ProviderLoader
instanceKlass  @bci org/springframework/core/type/classreading/SimpleAnnotationMetadataReadingVisitor visitAnnotation (Ljava/lang/String;Z)Lorg/springframework/asm/AnnotationVisitor; 19 <appendix> member <vmtarget> ; # org/springframework/core/type/classreading/SimpleAnnotationMetadataReadingVisitor$$Lambda+0x000001faad281e50
instanceKlass sun/security/jca/ProviderConfig$3
instanceKlass org/springframework/core/type/classreading/SimpleAnnotationMetadataReadingVisitor$Source
instanceKlass org/springframework/asm/Context
instanceKlass org/springframework/asm/Attribute
instanceKlass sun/nio/ch/Util$BufferCache
instanceKlass sun/nio/ch/Util
instanceKlass sun/nio/ch/IOStatus
instanceKlass sun/nio/ch/NativeThread
instanceKlass  @bci sun/security/ssl/SunJSSE registerAlgorithms ()V 1 <appendix> member <vmtarget> ; # sun/security/ssl/SunJSSE$$Lambda+0x000001faad1d72e0
instanceKlass org/springframework/asm/ClassReader
instanceKlass java/nio/channels/NetworkChannel
instanceKlass sun/nio/ch/SelChImpl
instanceKlass sun/nio/ch/Streams
instanceKlass java/nio/channels/Channels
instanceKlass sun/nio/ch/FileChannelImpl$Closer
instanceKlass sun/nio/ch/NativeThreadSet
instanceKlass sun/nio/ch/IOUtil
instanceKlass sun/nio/ch/NativeDispatcher
instanceKlass java/security/spec/ECFieldF2m
instanceKlass java/nio/channels/spi/AbstractInterruptibleChannel
instanceKlass java/nio/channels/InterruptibleChannel
instanceKlass java/nio/channels/ScatteringByteChannel
instanceKlass java/nio/channels/GatheringByteChannel
instanceKlass java/nio/channels/SeekableByteChannel
instanceKlass java/nio/channels/ByteChannel
instanceKlass org/springframework/asm/MethodVisitor
instanceKlass org/springframework/core/type/classreading/SimpleMetadataReader
instanceKlass sun/security/util/ObjectIdentifier
instanceKlass sun/security/util/ByteArrayTagOrder
instanceKlass sun/security/util/ByteArrayLexOrder
instanceKlass sun/security/util/DerEncoder
instanceKlass java/security/spec/ECParameterSpec
instanceKlass java/security/spec/AlgorithmParameterSpec
instanceKlass java/security/spec/ECPoint
instanceKlass java/security/spec/EllipticCurve
instanceKlass java/security/spec/ECFieldFp
instanceKlass java/security/spec/ECField
instanceKlass org/springframework/util/AntPathMatcher$AntPathStringMatcher$MaxAttemptsCharSequence$Counter
instanceKlass sun/security/util/CurveDB
instanceKlass org/springframework/util/AntPathMatcher$AntPathStringMatcher$MaxAttemptsCharSequence
instanceKlass  @bci java/util/regex/Pattern ALL ()Ljava/util/regex/Pattern$CharPredicate; 0 <appendix> argL0 ; # java/util/regex/Pattern$$Lambda+0x000001faad1d0be8
instanceKlass sun/security/ec/SunEC$1
instanceKlass sun/security/rsa/SunRsaSignEntries
instanceKlass org/springframework/util/AntPathMatcher$AntPathStringMatcher
instanceKlass java/util/StringTokenizer
instanceKlass sun/nio/fs/BasicFileAttributesHolder
instanceKlass  @bci org/springframework/core/io/support/PathMatchingResourcePatternResolver doFindPathMatchingFileResources (Lorg/springframework/core/io/Resource;Ljava/lang/String;)Ljava/util/Set; 465 <appendix> member <vmtarget> ; # org/springframework/core/io/support/PathMatchingResourcePatternResolver$$Lambda+0x000001faad27fc48
instanceKlass  @bci org/springframework/core/io/support/PathMatchingResourcePatternResolver doFindPathMatchingFileResources (Lorg/springframework/core/io/Resource;Ljava/lang/String;)Ljava/util/Set; 449 <appendix> argL0 ; # org/springframework/core/io/support/PathMatchingResourcePatternResolver$$Lambda+0x000001faad27fa10
instanceKlass  @bci java/nio/file/Files walk (Ljava/nio/file/Path;I[Ljava/nio/file/FileVisitOption;)Ljava/util/stream/Stream; 43 <appendix> argL0 ; # java/nio/file/Files$$Lambda+0x000001faad1ceb78
instanceKlass  @bci java/nio/file/Files walk (Ljava/nio/file/Path;I[Ljava/nio/file/FileVisitOption;)Ljava/util/stream/Stream; 30 <appendix> member <vmtarget> ; # java/nio/file/Files$$Lambda+0x000001faad1ce958
instanceKlass  @cpi org/apache/coyote/AbstractProtocol 654 form vmentry <vmtarget> ; # java/lang/invoke/LambdaForm$DMH+0x000001faad274800
instanceKlass java/nio/file/FileTreeWalker$Event
instanceKlass sun/nio/fs/WindowsDirectoryStream$WindowsDirectoryIterator
instanceKlass java/nio/file/FileTreeWalker$DirectoryNode
instanceKlass org/apache/tomcat/util/http/ConcurrentDateFormat
instanceKlass sun/nio/fs/WindowsDirectoryStream
instanceKlass java/nio/file/DirectoryStream
instanceKlass java/nio/file/Files$AcceptAllFilter
instanceKlass java/nio/file/DirectoryStream$Filter
instanceKlass org/apache/tomcat/util/http/FastHttpDateFormat
instanceKlass java/nio/file/FileTreeWalker$1
instanceKlass java/nio/file/FileTreeWalker
instanceKlass java/nio/file/FileTreeIterator
instanceKlass  @bci org/springframework/core/io/support/PathMatchingResourcePatternResolver doFindPathMatchingFileResources (Lorg/springframework/core/io/Resource;Ljava/lang/String;)Ljava/util/Set; 368 <appendix> member <vmtarget> ; # org/springframework/core/io/support/PathMatchingResourcePatternResolver$$Lambda+0x000001faad27f1b8
instanceKlass  @cpi org/springframework/core/io/support/PathMatchingResourcePatternResolver 1119 form vmentry <vmtarget> ; # java/lang/invoke/LambdaForm$DMH+0x000001faad274400
instanceKlass sun/nio/fs/WindowsUriSupport
instanceKlass  @bci org/springframework/core/io/support/PathMatchingResourcePatternResolver findAllModulePathResources (Ljava/lang/String;)Ljava/util/Set; 52 <appendix> member <vmtarget> ; # org/springframework/core/io/support/PathMatchingResourcePatternResolver$$Lambda+0x000001faad27eb80
instanceKlass org/apache/catalina/Container
instanceKlass  @bci org/springframework/core/io/support/PathMatchingResourcePatternResolver findAllModulePathResources (Ljava/lang/String;)Ljava/util/Set; 85 <appendix> member <vmtarget> ; # org/springframework/core/io/support/PathMatchingResourcePatternResolver$$Lambda+0x000001faad27e758
instanceKlass  @bci org/springframework/core/io/support/PathMatchingResourcePatternResolver findAllModulePathResources (Ljava/lang/String;)Ljava/util/Set; 38 <appendix> member <vmtarget> ; # org/springframework/core/io/support/PathMatchingResourcePatternResolver$$Lambda+0x000001faad27e188
instanceKlass org/apache/catalina/SessionIdGenerator
instanceKlass jakarta/security/auth/message/MessageInfo
instanceKlass jakarta/servlet/http/HttpServletRequest
instanceKlass org/springframework/context/annotation/ParserStrategyUtils
instanceKlass org/springframework/context/annotation/TypeFilterUtils$1
instanceKlass jakarta/servlet/http/HttpServletResponse
instanceKlass org/springframework/context/annotation/TypeFilterUtils
instanceKlass org/apache/catalina/util/LifecycleBase
instanceKlass org/apache/catalina/Lifecycle
instanceKlass  @bci org/springframework/context/annotation/ConfigurationClassParser doProcessConfigurationClass (Lorg/springframework/context/annotation/ConfigurationClass;Lorg/springframework/context/annotation/ConfigurationClassParser$SourceClass;Ljava/util/function/Predicate;)Lorg/springframework/context/annotation/ConfigurationClassParser$SourceClass; 153 <appendix> argL0 ; # org/springframework/context/annotation/ConfigurationClassParser$$Lambda+0x000001faad27b068
instanceKlass org/apache/catalina/JmxEnabled
instanceKlass javax/management/MBeanRegistration
instanceKlass  @bci org/springframework/context/annotation/ConfigurationClassParser doProcessConfigurationClass (Lorg/springframework/context/annotation/ConfigurationClass;Lorg/springframework/context/annotation/ConfigurationClassParser$SourceClass;Ljava/util/function/Predicate;)Lorg/springframework/context/annotation/ConfigurationClassParser$SourceClass; 123 <appendix> argL0 ; # org/springframework/context/annotation/ConfigurationClassParser$$Lambda+0x000001faad27ac28
instanceKlass  @bci java/util/stream/SortedOps$RefSortingSink end ()V 48 <appendix> member <vmtarget> ; # java/util/stream/SortedOps$RefSortingSink$$Lambda+0x000001faad1cc1a8
instanceKlass  @bci org/springframework/core/type/AnnotatedTypeMetadata getMergedRepeatableAnnotationAttributes (Ljava/lang/Class;Ljava/lang/Class;Ljava/util/function/Predicate;ZZ)Ljava/util/Set; 89 <appendix> argL0 ; # org/springframework/core/type/AnnotatedTypeMetadata$$Lambda+0x000001faad27aa10
instanceKlass  @bci org/springframework/core/type/AnnotatedTypeMetadata getMergedRepeatableAnnotationAttributes (Ljava/lang/Class;Ljava/lang/Class;Ljava/util/function/Predicate;ZZ)Ljava/util/Set; 79 <appendix> member <vmtarget> ; # org/springframework/core/type/AnnotatedTypeMetadata$$Lambda+0x000001faad27a7d0
instanceKlass org/apache/catalina/Valve
instanceKlass  @bci org/springframework/core/type/AnnotatedTypeMetadata getMergedRepeatableAnnotationAttributes (Ljava/lang/Class;Ljava/lang/Class;Ljava/util/function/Predicate;ZZ)Ljava/util/Set; 68 <appendix> member <vmtarget> ; # org/springframework/core/type/AnnotatedTypeMetadata$$Lambda+0x000001faad27a398
instanceKlass org/apache/catalina/Contained
instanceKlass java/util/Collections$ReverseComparator2
instanceKlass java/util/Collections$ReverseComparator
instanceKlass  @bci java/util/Comparator comparingInt (Ljava/util/function/ToIntFunction;)Ljava/util/Comparator; 6 <appendix> member <vmtarget> ; # java/util/Comparator$$Lambda+0x000001faad1cb328
instanceKlass jakarta/security/auth/message/config/RegistrationListener
instanceKlass org/apache/catalina/Authenticator
instanceKlass  @bci org/springframework/core/type/AnnotatedTypeMetadata reversedMetaDistance ()Ljava/util/Comparator; 0 <appendix> argL0 ; # org/springframework/core/type/AnnotatedTypeMetadata$$Lambda+0x000001faad279b98
instanceKlass  @bci org/springframework/core/annotation/MergedAnnotationPredicates typeIn ([Ljava/lang/Class;)Ljava/util/function/Predicate; 1 <appendix> member <vmtarget> ; # org/springframework/core/annotation/MergedAnnotationPredicates$$Lambda+0x000001faad279948
instanceKlass org/springframework/core/annotation/MergedAnnotationPredicates
instanceKlass  @bci org/springframework/core/type/AnnotatedTypeMetadata getMergedRepeatableAnnotationAttributes (Ljava/lang/Class;Ljava/lang/Class;ZZ)Ljava/util/Set; 3 <appendix> argL0 ; # org/springframework/core/type/AnnotatedTypeMetadata$$Lambda+0x000001faad279500
instanceKlass org/springframework/context/annotation/PropertySources
instanceKlass org/springframework/context/annotation/PropertySource
instanceKlass java/util/BitSet
instanceKlass org/springframework/context/annotation/ConfigurationClass
instanceKlass org/springframework/context/annotation/ComponentScanAnnotationParser
instanceKlass org/springframework/core/io/support/DefaultPropertySourceFactory
instanceKlass org/springframework/core/io/support/PropertySourceFactory
instanceKlass java/util/ResourceBundle$Control$2
instanceKlass java/util/ResourceBundle$CacheKeyReference
instanceKlass org/springframework/core/io/support/PropertySourceProcessor
instanceKlass java/util/ResourceBundle$CacheKey
instanceKlass  @bci java/util/ResourceBundle getLoader (Ljava/lang/Module;)Ljava/lang/ClassLoader; 6 <appendix> member <vmtarget> ; # java/util/ResourceBundle$$Lambda+0x000001faad1c9c28
instanceKlass org/springframework/context/annotation/PropertySourceRegistry
instanceKlass  @bci java/util/ResourceBundle$ResourceBundleControlProviderHolder lambda$static$0 ()Ljava/util/List; 11 <appendix> argL0 ; # java/util/ResourceBundle$ResourceBundleControlProviderHolder$$Lambda+0x000001faad1c99f0
instanceKlass java/util/spi/ResourceBundleControlProvider
instanceKlass org/springframework/context/annotation/ConfigurationClassParser$SourceClass
instanceKlass  @bci java/util/ResourceBundle$ResourceBundleControlProviderHolder <clinit> ()V 0 <appendix> argL0 ; # java/util/ResourceBundle$ResourceBundleControlProviderHolder$$Lambda+0x000001faad1c95e0
instanceKlass java/util/ResourceBundle$ResourceBundleControlProviderHolder
instanceKlass org/springframework/context/annotation/ConfigurationClassParser$DeferredImportSelectorHandler
instanceKlass org/apache/tomcat/util/res/StringManager
instanceKlass  @bci org/springframework/context/annotation/ConfigurationClassParser <clinit> ()V 16 <appendix> argL0 ; # org/springframework/context/annotation/ConfigurationClassParser$$Lambda+0x000001faad276000
instanceKlass org/springframework/context/annotation/ConfigurationClassParser$DeferredImportSelectorHolder
instanceKlass org/apache/juli/logging/DirectJDKLog
instanceKlass  @bci org/springframework/context/annotation/ConfigurationClassParser <clinit> ()V 8 <appendix> argL0 ; # org/springframework/context/annotation/ConfigurationClassParser$$Lambda+0x000001faad2737e8
instanceKlass  @bci org/springframework/context/annotation/ConfigurationClassParser <clinit> ()V 0 <appendix> argL0 ; # org/springframework/context/annotation/ConfigurationClassParser$$Lambda+0x000001faad2735a0
instanceKlass org/apache/juli/logging/Log
instanceKlass org/apache/juli/logging/LogFactory
instanceKlass org/springframework/beans/factory/parsing/Problem
instanceKlass org/springframework/context/annotation/ImportRegistry
instanceKlass org/springframework/context/annotation/ConfigurationClassParser
instanceKlass sun/util/cldr/CLDRBaseLocaleDataMetaInfo$TZCanonicalIDMapHolder
instanceKlass  @bci org/springframework/context/annotation/ConfigurationClassPostProcessor processConfigBeanDefinitions (Lorg/springframework/beans/factory/support/BeanDefinitionRegistry;)V 144 <appendix> argL0 ; # org/springframework/context/annotation/ConfigurationClassPostProcessor$$Lambda+0x000001faad272408
instanceKlass org/springframework/aop/framework/AopInfrastructureBean
instanceKlass  @bci org/springframework/context/support/PostProcessorRegistrationDelegate invokeBeanDefinitionRegistryPostProcessors (Ljava/util/Collection;Lorg/springframework/beans/factory/support/BeanDefinitionRegistry;Lorg/springframework/core/metrics/ApplicationStartup;)V 44 <appendix> member <vmtarget> ; # org/springframework/context/support/PostProcessorRegistrationDelegate$$Lambda+0x000001faad271ff0
# instanceKlass java/lang/invoke/LambdaForm$MH+0x000001faad274000
instanceKlass org/springframework/beans/AbstractNestablePropertyAccessor$PropertyTokenHolder
instanceKlass org/springframework/beans/factory/config/TypedStringValue
instanceKlass  @bci java/lang/Class methodToString (Ljava/lang/String;[Ljava/lang/Class;)Ljava/lang/String; 42 <appendix> argL0 ; # java/lang/Class$$Lambda+0x000001faad1c8608
instanceKlass sun/util/resources/provider/NonBaseLocaleDataMetaInfo
instanceKlass  @bci org/springframework/core/convert/TypeDescriptor <init> (Lorg/springframework/core/convert/Property;)V 38 <appendix> member <vmtarget> ; # org/springframework/core/convert/TypeDescriptor$$Lambda+0x000001faad271900
instanceKlass  @bci sun/util/locale/provider/JRELocaleProviderAdapter createSupportedLocaleString (Ljava/lang/String;)Ljava/lang/String; 6 <appendix> member <vmtarget> ; # sun/util/locale/provider/JRELocaleProviderAdapter$$Lambda+0x000001faad1c83e8
instanceKlass org/springframework/core/convert/Property
instanceKlass sun/util/locale/provider/BaseLocaleDataMetaInfo
instanceKlass  @bci sun/util/locale/provider/JRELocaleProviderAdapter getTimeZoneNameProvider ()Ljava/util/spi/TimeZoneNameProvider; 8 <appendix> member <vmtarget> ; # sun/util/locale/provider/JRELocaleProviderAdapter$$Lambda+0x000001faad1c7f78
instanceKlass  @bci sun/util/cldr/CLDRLocaleProviderAdapter getTimeZoneNameProvider ()Ljava/util/spi/TimeZoneNameProvider; 8 <appendix> member <vmtarget> ; # sun/util/cldr/CLDRLocaleProviderAdapter$$Lambda+0x000001faad1c78e8
instanceKlass com/sun/beans/WildcardTypeImpl
instanceKlass sun/util/locale/provider/TimeZoneNameUtility$TimeZoneNameGetter
instanceKlass sun/util/locale/provider/TimeZoneNameUtility
instanceKlass java/text/DontCareFieldPosition$1
instanceKlass java/text/Format$FieldDelegate
instanceKlass com/sun/beans/WeakCache
instanceKlass com/sun/beans/TypeResolver
instanceKlass  @bci org/apache/tomcat/util/http/CookieProcessorBase <clinit> ()V 0 <appendix> argL0 ; # org/apache/tomcat/util/http/CookieProcessorBase$$Lambda+0x000001faad2714e0
instanceKlass java/beans/SimpleBeanInfo
instanceKlass org/apache/tomcat/util/http/CookieProcessorBase
instanceKlass org/apache/tomcat/util/http/CookieProcessor
instanceKlass java/beans/MethodRef
instanceKlass tools/jackson/databind/deser/DeserializerCache
instanceKlass org/springframework/beans/factory/aot/BeanFactoryInitializationAotContribution
instanceKlass org/springframework/beans/factory/aot/BeanRegistrationAotContribution
instanceKlass org/springframework/beans/factory/support/RegisteredBean
instanceKlass tools/jackson/databind/ser/SerializerCache
instanceKlass org/springframework/beans/PropertyDescriptorUtils
instanceKlass java/beans/BeanInfo
instanceKlass org/springframework/beans/SimpleBeanInfoFactory
instanceKlass org/springframework/beans/BeanInfoFactory
instanceKlass tools/jackson/databind/cfg/ContextAttributes
instanceKlass org/springframework/beans/CachedIntrospectionResults
instanceKlass tools/jackson/databind/cfg/ConfigOverride
instanceKlass org/springframework/beans/PropertyAccessorUtils
instanceKlass  @bci org/springframework/beans/factory/support/DefaultSingletonBeanRegistry registerDependentBean (Ljava/lang/String;Ljava/lang/String;)V 76 <appendix> argL0 ; # org/springframework/beans/factory/support/DefaultSingletonBeanRegistry$$Lambda+0x000001faad26d138
instanceKlass tools/jackson/databind/util/RootNameLookup
instanceKlass  @bci org/springframework/beans/factory/support/DefaultSingletonBeanRegistry registerDependentBean (Ljava/lang/String;Ljava/lang/String;)V 19 <appendix> argL0 ; # org/springframework/beans/factory/support/DefaultSingletonBeanRegistry$$Lambda+0x000001faad26cce0
instanceKlass org/springframework/beans/factory/SmartFactoryBean
instanceKlass tools/jackson/databind/introspect/MixInHandler
instanceKlass  @bci org/springframework/beans/factory/support/DefaultSingletonBeanRegistry getSingleton (Ljava/lang/String;Lorg/springframework/beans/factory/ObjectFactory;)Ljava/lang/Object; 1155 <appendix> member <vmtarget> ; # org/springframework/beans/factory/support/DefaultSingletonBeanRegistry$$Lambda+0x000001faad26c5f0
instanceKlass tools/jackson/databind/introspect/AnnotatedMethodMap
instanceKlass tools/jackson/databind/introspect/AnnotationCollector$NoAnnotations
instanceKlass org/springframework/beans/factory/support/DisposableBeanAdapter
instanceKlass tools/jackson/databind/util/Annotations
instanceKlass tools/jackson/databind/introspect/AnnotationCollector
instanceKlass tools/jackson/databind/introspect/AnnotatedClass$Creators
instanceKlass org/springframework/beans/factory/InitializingBean
instanceKlass org/springframework/beans/factory/support/InstanceSupplier
instanceKlass org/springframework/util/function/ThrowingSupplier
instanceKlass tools/jackson/databind/BeanDescription
instanceKlass  @bci org/springframework/context/expression/StandardBeanExpressionResolver lambda$evaluate$1 (Lorg/springframework/beans/factory/config/BeanExpressionContext;)Lorg/springframework/expression/spel/support/StandardEvaluationContext; 93 <appendix> member <vmtarget> ; # org/springframework/context/expression/StandardBeanExpressionResolver$$Lambda+0x000001faad26a470
instanceKlass org/springframework/expression/spel/support/StandardTypeConverter
instanceKlass org/springframework/expression/spel/support/StandardTypeLocator
instanceKlass org/springframework/context/expression/BeanFactoryResolver
instanceKlass org/springframework/context/expression/EnvironmentAccessor
instanceKlass tools/jackson/databind/type/TypeFactory
instanceKlass org/springframework/expression/spel/support/MapAccessor
instanceKlass org/springframework/expression/spel/CompilablePropertyAccessor
instanceKlass org/springframework/asm/Opcodes
instanceKlass  @bci tools/jackson/databind/ObjectMapper <init> (Ltools/jackson/databind/cfg/MapperBuilder;)V 81 <appendix> member <vmtarget> ; # tools/jackson/databind/ObjectMapper$$Lambda+0x000001faad2681f8
instanceKlass  @bci tools/jackson/databind/ObjectMapper <init> (Ltools/jackson/databind/cfg/MapperBuilder;)V 46 <appendix> member <vmtarget> ; # tools/jackson/databind/ObjectMapper$$Lambda+0x000001faad267d30
instanceKlass tools/jackson/databind/deser/ValueInstantiators$Base
instanceKlass org/springframework/context/expression/BeanFactoryAccessor
instanceKlass tools/jackson/databind/module/SimpleKeyDeserializers
instanceKlass org/springframework/expression/spel/support/ReflectivePropertyAccessor
instanceKlass tools/jackson/databind/ser/ValueSerializerModifier
instanceKlass tools/jackson/databind/cfg/SerializerFactoryConfig
instanceKlass org/springframework/context/expression/BeanExpressionContextAccessor
instanceKlass org/springframework/expression/TypedValue
instanceKlass org/springframework/expression/spel/support/StandardOperatorOverloader
instanceKlass org/springframework/expression/spel/support/StandardTypeComparator
instanceKlass org/springframework/expression/OperatorOverloader
instanceKlass org/springframework/expression/TypeComparator
instanceKlass  @bci org/springframework/context/expression/StandardBeanExpressionResolver evaluate (Ljava/lang/String;Lorg/springframework/beans/factory/config/BeanExpressionContext;)Ljava/lang/Object; 35 <appendix> member <vmtarget> ; # org/springframework/context/expression/StandardBeanExpressionResolver$$Lambda+0x000001faad2643b0
instanceKlass org/springframework/expression/spel/support/StandardEvaluationContext
instanceKlass org/springframework/expression/EvaluationContext
instanceKlass org/springframework/expression/common/LiteralExpression
instanceKlass  @bci org/springframework/context/expression/StandardBeanExpressionResolver evaluate (Ljava/lang/String;Lorg/springframework/beans/factory/config/BeanExpressionContext;)Ljava/lang/Object; 15 <appendix> member <vmtarget> ; # org/springframework/context/expression/StandardBeanExpressionResolver$$Lambda+0x000001faad2620e0
instanceKlass org/springframework/beans/factory/config/AutowiredPropertyMarker
instanceKlass org/springframework/beans/factory/support/BeanDefinitionValueResolver
instanceKlass org/springframework/beans/factory/support/AbstractBeanFactory$BeanFactoryDefaultEditorRegistrar
instanceKlass org/springframework/beans/AbstractNestablePropertyAccessor$PropertyHandler
instanceKlass org/springframework/beans/factory/parsing/PassThroughSourceExtractor
instanceKlass java/lang/Short$ShortCache
instanceKlass java/lang/Byte$ByteCache
instanceKlass org/springframework/beans/BeanUtils
instanceKlass org/springframework/beans/factory/aot/BeanRegistrationCodeFragments
instanceKlass  @bci tools/jackson/databind/ext/javatime/ser/ZonedDateTimeSerializer <init> (Ljava/time/format/DateTimeFormatter;)V 13 <appendix> argL0 ; # tools/jackson/databind/ext/javatime/ser/ZonedDateTimeSerializer$$Lambda+0x000001faad255220
instanceKlass  @bci org/springframework/beans/factory/support/AbstractBeanFactory doGetBean (Ljava/lang/String;Ljava/lang/Class;[Ljava/lang/Object;Z)Ljava/lang/Object; 472 <appendix> member <vmtarget> ; # org/springframework/beans/factory/support/AbstractBeanFactory$$Lambda+0x000001faad255000
instanceKlass  @bci tools/jackson/databind/ext/javatime/ser/ZonedDateTimeSerializer <init> (Ljava/time/format/DateTimeFormatter;)V 8 <appendix> argL0 ; # tools/jackson/databind/ext/javatime/ser/ZonedDateTimeSerializer$$Lambda+0x000001faad257d28
instanceKlass  @cpi tools/jackson/databind/ext/javatime/ser/ZonedDateTimeSerializer 223 form vmentry <vmtarget> ; # java/lang/invoke/LambdaForm$DMH+0x000001faad254c00
instanceKlass  @bci org/springframework/beans/factory/support/AbstractBeanFactory doGetBean (Ljava/lang/String;Ljava/lang/Class;[Ljava/lang/Object;Z)Ljava/lang/Object; 255 <appendix> member <vmtarget> ; # org/springframework/beans/factory/support/AbstractBeanFactory$$Lambda+0x000001faad2576d8
instanceKlass  @bci tools/jackson/databind/ext/javatime/ser/ZonedDateTimeSerializer <init> (Ljava/time/format/DateTimeFormatter;)V 3 <appendix> argL0 ; # tools/jackson/databind/ext/javatime/ser/ZonedDateTimeSerializer$$Lambda+0x000001faad2574c0
instanceKlass org/springframework/beans/factory/support/NullBean
instanceKlass  @bci org/springframework/beans/factory/BeanFactoryUtils transformedBeanName (Ljava/lang/String;)Ljava/lang/String; 29 <appendix> argL0 ; # org/springframework/beans/factory/BeanFactoryUtils$$Lambda+0x000001faad257088
instanceKlass  @bci tools/jackson/databind/ext/javatime/ser/OffsetDateTimeSerializer <init> ()V 13 <appendix> argL0 ; # tools/jackson/databind/ext/javatime/ser/OffsetDateTimeSerializer$$Lambda+0x000001faad256e70
instanceKlass  @bci tools/jackson/databind/ext/javatime/ser/OffsetDateTimeSerializer <init> ()V 8 <appendix> argL0 ; # tools/jackson/databind/ext/javatime/ser/OffsetDateTimeSerializer$$Lambda+0x000001faad256c58
instanceKlass  @bci tools/jackson/databind/ext/javatime/ser/OffsetDateTimeSerializer <init> ()V 3 <appendix> argL0 ; # tools/jackson/databind/ext/javatime/ser/OffsetDateTimeSerializer$$Lambda+0x000001faad256a40
instanceKlass  @cpi tools/jackson/databind/ext/javatime/ser/ZonedDateTimeSerializer 219 form vmentry <vmtarget> ; # java/lang/invoke/LambdaForm$DMH+0x000001faad254800
instanceKlass org/springframework/beans/factory/support/AbstractBeanFactory$BeanPostProcessorCache
# instanceKlass java/lang/invoke/LambdaForm$DMH+0x000001faad254400
instanceKlass  @bci tools/jackson/databind/ext/javatime/ser/InstantSerializer <init> ()V 13 <appendix> argL0 ; # tools/jackson/databind/ext/javatime/ser/InstantSerializer$$Lambda+0x000001faad256620
instanceKlass java/util/function/ToIntFunction
instanceKlass  @bci tools/jackson/databind/ext/javatime/ser/InstantSerializer <init> ()V 8 <appendix> argL0 ; # tools/jackson/databind/ext/javatime/ser/InstantSerializer$$Lambda+0x000001faad256408
instanceKlass  @bci tools/jackson/databind/ext/javatime/ser/InstantSerializer <init> ()V 3 <appendix> argL0 ; # tools/jackson/databind/ext/javatime/ser/InstantSerializer$$Lambda+0x000001faad2561f0
instanceKlass  @cpi org/springframework/boot/web/server/servlet/ServletContextInitializers$SessionConfiguringInitializer 248 form vmentry <vmtarget> ; # java/lang/invoke/LambdaForm$DMH+0x000001faad254000
instanceKlass  @bci org/springframework/core/annotation/TypeMappedAnnotation getValueExtractor (Ljava/lang/Object;)Lorg/springframework/core/annotation/ValueExtractor; 7 <appendix> argL0 ; # org/springframework/core/annotation/TypeMappedAnnotation$$Lambda+0x000001faad253c40
instanceKlass java/util/function/ToLongFunction
instanceKlass org/springframework/beans/factory/config/RuntimeBeanReference
instanceKlass org/springframework/beans/factory/config/BeanReference
instanceKlass tools/jackson/databind/ser/Serializers$Base
instanceKlass tools/jackson/databind/util/ClassUtil$Ctor
instanceKlass org/springframework/beans/MutablePropertyValues
instanceKlass tools/jackson/databind/util/ClassUtil
instanceKlass org/springframework/beans/factory/support/BeanDefinitionBuilder
instanceKlass tools/jackson/databind/util/ArrayBuilders
instanceKlass  @bci org/springframework/boot/autoconfigure/SharedMetadataReaderFactoryContextInitializer$CachingMetadataReaderFactoryPostProcessor register (Lorg/springframework/beans/factory/support/BeanDefinitionRegistry;)V 13 <appendix> argL0 ; # org/springframework/boot/autoconfigure/SharedMetadataReaderFactoryContextInitializer$CachingMetadataReaderFactoryPostProcessor$$Lambda+0x000001faad250be0
instanceKlass org/springframework/boot/autoconfigure/SharedMetadataReaderFactoryContextInitializer$SharedMetadataReaderFactoryBean
instanceKlass org/springframework/beans/factory/FactoryBean
instanceKlass org/springframework/context/support/PostProcessorRegistrationDelegate
instanceKlass tools/jackson/databind/deser/jdk/NullKeySkippable
instanceKlass  @bci org/springframework/boot/web/server/servlet/context/ServletWebServerApplicationContext$ExistingWebApplicationScopes restore ()V 5 <appendix> member <vmtarget> ; # org/springframework/boot/web/server/servlet/context/ServletWebServerApplicationContext$ExistingWebApplicationScopes$$Lambda+0x000001faad24fae8
instanceKlass tools/jackson/databind/deser/jdk/JDKKeyDeserializers
instanceKlass org/springframework/web/context/support/WebApplicationContextUtils$WebRequestObjectFactory
instanceKlass org/springframework/web/context/request/WebRequest
instanceKlass org/springframework/web/context/request/RequestAttributes
instanceKlass tools/jackson/databind/deser/ValueDeserializerModifier
instanceKlass org/springframework/web/context/support/WebApplicationContextUtils$SessionObjectFactory
instanceKlass tools/jackson/databind/cfg/DeserializerFactoryConfig
instanceKlass jakarta/servlet/http/HttpSession
instanceKlass org/springframework/web/context/support/WebApplicationContextUtils$ResponseObjectFactory
instanceKlass jakarta/servlet/ServletResponse
instanceKlass org/springframework/web/context/support/WebApplicationContextUtils$RequestObjectFactory
instanceKlass jakarta/servlet/ServletRequest
instanceKlass org/springframework/web/context/request/AbstractRequestAttributesScope
instanceKlass org/springframework/boot/web/server/servlet/context/ServletWebServerApplicationContext$ExistingWebApplicationScopes
instanceKlass org/springframework/web/context/ServletContextAware
instanceKlass org/springframework/web/context/support/ServletContextAwareProcessor
instanceKlass org/springframework/context/support/ApplicationListenerDetector
instanceKlass org/springframework/context/MessageSourceAware
instanceKlass org/springframework/context/ApplicationEventPublisherAware
instanceKlass org/springframework/beans/factory/config/BeanExpressionContext
instanceKlass com/fasterxml/jackson/annotation/ObjectIdGenerator
instanceKlass org/springframework/beans/factory/config/EmbeddedValueResolver
instanceKlass org/springframework/util/StringValueResolver
instanceKlass org/springframework/context/support/ApplicationContextAwareProcessor
instanceKlass org/springframework/beans/support/ResourceEditorRegistrar
instanceKlass org/springframework/expression/Expression
instanceKlass org/springframework/expression/common/TemplateAwareExpressionParser
instanceKlass org/springframework/expression/spel/SpelParserConfiguration
instanceKlass org/springframework/context/expression/StandardBeanExpressionResolver$1
instanceKlass org/springframework/expression/TypeConverter
instanceKlass org/springframework/expression/TypeLocator
instanceKlass org/springframework/expression/BeanResolver
instanceKlass org/springframework/expression/PropertyAccessor
instanceKlass org/springframework/expression/TargetedAccessor
instanceKlass org/springframework/expression/ExpressionParser
instanceKlass org/springframework/expression/ParserContext
instanceKlass org/springframework/context/expression/StandardBeanExpressionResolver
instanceKlass org/springframework/web/context/request/RequestContextHolder
instanceKlass org/springframework/web/context/support/WebApplicationContextUtils
instanceKlass  @bci org/springframework/boot/devtools/logger/DevToolsLogFactory$Listener onApplicationEvent (Lorg/springframework/boot/context/event/ApplicationPreparedEvent;)V 9 <appendix> argL0 ; # org/springframework/boot/devtools/logger/DevToolsLogFactory$Listener$$Lambda+0x000001faad2411c8
instanceKlass org/springframework/boot/context/logging/LoggingApplicationListener$Lifecycle
instanceKlass org/springframework/context/SmartLifecycle
instanceKlass org/springframework/context/Phased
instanceKlass org/springframework/beans/factory/BeanFactoryUtils
instanceKlass org/springframework/core/style/DefaultValueStyler
instanceKlass org/springframework/core/style/ValueStyler
instanceKlass org/springframework/core/style/StylerUtils
instanceKlass org/springframework/core/style/DefaultToStringStyler
instanceKlass org/springframework/core/style/ToStringStyler
instanceKlass org/springframework/core/style/ToStringCreator
instanceKlass  @bci org/springframework/boot/context/config/ConfigDataEnvironmentContributors getImportedMessage (Ljava/util/Set;)Ljava/lang/CharSequence; 60 <appendix> argL0 ; # org/springframework/boot/context/config/ConfigDataEnvironmentContributors$$Lambda+0x000001faad23c4e0
instanceKlass  @bci org/thymeleaf/spring6/expression/ThymeleafEvaluationContext$ThymeleafEvaluationContextACLPropertyAccessor canRead (Lorg/springframework/expression/EvaluationContext;Ljava/lang/Object;Ljava/lang/String;)Z 88 <appendix> form vmentry <vmtarget> ; # java/lang/invoke/LambdaForm$MH+0x000001faad23b000
# instanceKlass java/lang/invoke/LambdaForm$MH+0x000001faad23ac00
instanceKlass  @bci org/thymeleaf/spring6/expression/ThymeleafEvaluationContext$ThymeleafEvaluationContextACLPropertyAccessor canRead (Lorg/springframework/expression/EvaluationContext;Ljava/lang/Object;Ljava/lang/String;)Z 88 <appendix> argL3 form vmentry <vmtarget> ; # java/lang/invoke/LambdaForm$MH+0x000001faad23a800
# instanceKlass java/lang/invoke/LambdaForm$MH+0x000001faad23a400
# instanceKlass java/lang/invoke/LambdaForm$MH+0x000001faad23a000
# instanceKlass java/lang/invoke/LambdaForm$MH+0x000001faad239c00
# instanceKlass java/lang/invoke/LambdaForm$MH+0x000001faad239800
instanceKlass  @bci org/thymeleaf/spring6/expression/ThymeleafEvaluationContext$ThymeleafEvaluationContextACLPropertyAccessor canRead (Lorg/springframework/expression/EvaluationContext;Ljava/lang/Object;Ljava/lang/String;)Z 88 <appendix> argL1 form vmentry <vmtarget> ; # java/lang/invoke/LambdaForm$MH+0x000001faad239400
# instanceKlass java/lang/invoke/LambdaForm$MH+0x000001faad239000
# instanceKlass java/lang/invoke/LambdaForm$MH+0x000001faad238c00
# instanceKlass java/lang/invoke/LambdaForm$MH+0x000001faad238800
instanceKlass  @bci java/util/function/Function andThen (Ljava/util/function/Function;)Ljava/util/function/Function; 7 <appendix> member <vmtarget> ; # java/util/function/Function$$Lambda+0x000001faad1c4ff8
instanceKlass  @bci java/util/stream/Collectors toUnmodifiableMap (Ljava/util/function/Function;Ljava/util/function/Function;)Ljava/util/stream/Collector; 21 <appendix> argL0 ; # java/util/stream/Collectors$$Lambda+0x000001faad1c4dc0
instanceKlass  @bci java/util/function/Function identity ()Ljava/util/function/Function; 0 <appendix> argL0 ; # java/util/function/Function$$Lambda+0x000001faad1c4b88
instanceKlass  @bci tools/jackson/databind/ext/javatime/deser/MonthDeserializer <init> (Ljava/time/format/DateTimeFormatter;)V 14 <appendix> argL0 ; # tools/jackson/databind/ext/javatime/deser/MonthDeserializer$$Lambda+0x000001faad237468
instanceKlass  @bci org/springframework/boot/devtools/restart/ClassLoaderFilesResourcePatternResolver$WebResourcePatternResolverFactory getServletContextResourcePatternResolver (Lorg/springframework/context/support/AbstractApplicationContext;Lorg/springframework/core/io/ResourceLoader;)Lorg/springframework/core/io/support/ResourcePatternResolver; 18 <appendix> member <vmtarget> ; # org/springframework/boot/devtools/restart/ClassLoaderFilesResourcePatternResolver$WebResourcePatternResolverFactory$$Lambda+0x000001faad237248
# instanceKlass java/lang/invoke/LambdaForm$MH+0x000001faad238400
# instanceKlass java/lang/invoke/LambdaForm$MH+0x000001faad238000
instanceKlass tools/jackson/databind/type/ClassKey
instanceKlass jakarta/servlet/ServletContext
instanceKlass  @bci tools/jackson/databind/ext/javatime/deser/InstantDeserializer <clinit> ()V 131 <appendix> argL0 ; # tools/jackson/databind/ext/javatime/deser/InstantDeserializer$$Lambda+0x000001faad236738
instanceKlass  @bci tools/jackson/databind/ext/javatime/deser/InstantDeserializer <clinit> ()V 126 <appendix> argL0 ; # tools/jackson/databind/ext/javatime/deser/InstantDeserializer$$Lambda+0x000001faad236308
instanceKlass org/springframework/boot/web/server/WebServer
instanceKlass  @bci tools/jackson/databind/ext/javatime/deser/InstantDeserializer <clinit> ()V 121 <appendix> argL0 ; # tools/jackson/databind/ext/javatime/deser/InstantDeserializer$$Lambda+0x000001faad2360d0
instanceKlass  @bci tools/jackson/databind/ext/javatime/deser/InstantDeserializer <clinit> ()V 116 <appendix> argL0 ; # tools/jackson/databind/ext/javatime/deser/InstantDeserializer$$Lambda+0x000001faad235e98
instanceKlass  @bci tools/jackson/databind/ext/javatime/deser/InstantDeserializer <clinit> ()V 89 <appendix> argL0 ; # tools/jackson/databind/ext/javatime/deser/InstantDeserializer$$Lambda+0x000001faad235a68
instanceKlass org/springframework/boot/devtools/restart/ClassLoaderFilesResourcePatternResolver$ResourcePatternResolverFactory
instanceKlass  @bci tools/jackson/databind/ext/javatime/deser/InstantDeserializer <clinit> ()V 84 <appendix> argL0 ; # tools/jackson/databind/ext/javatime/deser/InstantDeserializer$$Lambda+0x000001faad235830
instanceKlass  @bci tools/jackson/databind/ext/javatime/deser/InstantDeserializer <clinit> ()V 79 <appendix> argL0 ; # tools/jackson/databind/ext/javatime/deser/InstantDeserializer$$Lambda+0x000001faad2353f0
instanceKlass  @bci tools/jackson/databind/ext/javatime/deser/InstantDeserializer <clinit> ()V 74 <appendix> argL0 ; # tools/jackson/databind/ext/javatime/deser/InstantDeserializer$$Lambda+0x000001faad2351b8
instanceKlass org/springframework/boot/devtools/restart/ClassLoaderFilesResourcePatternResolver
instanceKlass  @bci tools/jackson/databind/ext/javatime/deser/InstantDeserializer <init> (Ljava/lang/Class;Ljava/time/format/DateTimeFormatter;Ljava/util/function/Function;Ljava/util/function/Function;Ljava/util/function/Function;Ljava/util/function/BiFunction;ZZZ)V 29 <appendix> argL0 ; # tools/jackson/databind/ext/javatime/deser/InstantDeserializer$$Lambda+0x000001faad234d50
instanceKlass  @bci tools/jackson/databind/ext/javatime/deser/InstantDeserializer <clinit> ()V 46 <appendix> argL0 ; # tools/jackson/databind/ext/javatime/deser/InstantDeserializer$$Lambda+0x000001faad234b18
instanceKlass tools/jackson/databind/ext/javatime/deser/InstantDeserializer$FromDecimalArguments
instanceKlass  @bci org/springframework/boot/SpringApplicationRunListeners contextLoaded (Lorg/springframework/context/ConfigurableApplicationContext;)V 4 <appendix> member <vmtarget> ; # org/springframework/boot/SpringApplicationRunListeners$$Lambda+0x000001faad2346e0
instanceKlass  @bci tools/jackson/databind/ext/javatime/deser/InstantDeserializer <clinit> ()V 41 <appendix> argL0 ; # tools/jackson/databind/ext/javatime/deser/InstantDeserializer$$Lambda+0x000001faad2344a8
instanceKlass org/springframework/beans/factory/support/BeanDefinitionReaderUtils
instanceKlass tools/jackson/databind/ext/javatime/deser/InstantDeserializer$FromIntegerArguments
instanceKlass  @bci tools/jackson/databind/ext/javatime/deser/InstantDeserializer <clinit> ()V 36 <appendix> argL0 ; # tools/jackson/databind/ext/javatime/deser/InstantDeserializer$$Lambda+0x000001faad233c70
instanceKlass org/springframework/context/annotation/Proxyable
instanceKlass org/springframework/context/annotation/Description
instanceKlass org/springframework/context/annotation/Role
instanceKlass org/springframework/context/annotation/DependsOn
instanceKlass org/springframework/context/annotation/Fallback
instanceKlass org/springframework/context/annotation/Primary
instanceKlass org/springframework/context/annotation/Lazy
instanceKlass  @bci org/springframework/context/annotation/AnnotationBeanNameGenerator getMetaAnnotationTypes (Lorg/springframework/core/annotation/MergedAnnotation;)Ljava/util/Set; 24 <appendix> argL0 ; # org/springframework/context/annotation/AnnotationBeanNameGenerator$$Lambda+0x000001faad2326c0
instanceKlass  @bci org/springframework/context/annotation/AnnotationBeanNameGenerator getMetaAnnotationTypes (Lorg/springframework/core/annotation/MergedAnnotation;)Ljava/util/Set; 14 <appendix> argL0 ; # org/springframework/context/annotation/AnnotationBeanNameGenerator$$Lambda+0x000001faad232488
instanceKlass  @bci org/springframework/context/annotation/AnnotationBeanNameGenerator determineBeanNameFromAnnotation (Lorg/springframework/beans/factory/annotation/AnnotatedBeanDefinition;)Ljava/lang/String; 132 <appendix> member <vmtarget> ; # org/springframework/context/annotation/AnnotationBeanNameGenerator$$Lambda+0x000001faad231af8
instanceKlass tools/jackson/databind/deser/Deserializers$Base
instanceKlass  @bci org/springframework/core/annotation/AbstractMergedAnnotation asAnnotationAttributes ([Lorg/springframework/core/annotation/MergedAnnotation$Adapt;)Lorg/springframework/core/annotation/AnnotationAttributes; 1 <appendix> argL0 ; # org/springframework/core/annotation/AbstractMergedAnnotation$$Lambda+0x000001faad231348
instanceKlass  @bci org/springframework/context/annotation/AnnotationBeanNameGenerator determineBeanNameFromAnnotation (Lorg/springframework/beans/factory/annotation/AnnotatedBeanDefinition;)Ljava/lang/String; 30 <appendix> argL0 ; # org/springframework/context/annotation/AnnotationBeanNameGenerator$$Lambda+0x000001faad231100
instanceKlass tools/jackson/databind/deser/ValueInstantiators
instanceKlass  @bci org/springframework/core/annotation/TypeMappedAnnotation <init> (Lorg/springframework/core/annotation/AnnotationTypeMapping;Ljava/lang/ClassLoader;Ljava/lang/Object;Ljava/lang/Object;Lorg/springframework/core/annotation/ValueExtractor;I[I)V 100 <appendix> member <vmtarget> ; # org/springframework/core/annotation/TypeMappedAnnotation$$Lambda+0x000001faad230ce8
instanceKlass tools/jackson/databind/deser/KeyDeserializers
instanceKlass  @bci org/springframework/context/annotation/AnnotationBeanNameGenerator getExplicitBeanName (Lorg/springframework/core/type/AnnotationMetadata;)Ljava/lang/String; 33 <appendix> argL0 ; # org/springframework/context/annotation/AnnotationBeanNameGenerator$$Lambda+0x000001faad230690
instanceKlass  @bci org/springframework/context/annotation/AnnotationBeanNameGenerator getExplicitBeanName (Lorg/springframework/core/type/AnnotationMetadata;)Ljava/lang/String; 23 <appendix> argL0 ; # org/springframework/context/annotation/AnnotationBeanNameGenerator$$Lambda+0x000001faad230000
instanceKlass  @bci org/springframework/context/annotation/AnnotationBeanNameGenerator getExplicitBeanName (Lorg/springframework/core/type/AnnotationMetadata;)Ljava/lang/String; 13 <appendix> argL0 ; # org/springframework/context/annotation/AnnotationBeanNameGenerator$$Lambda+0x000001faad22f878
instanceKlass org/springframework/core/annotation/TypeMappedAnnotations$Aggregate
instanceKlass org/springframework/core/annotation/TypeMappedAnnotations$AggregatesCollector
instanceKlass org/springframework/core/annotation/TypeMappedAnnotations$AggregatesSpliterator
instanceKlass tools/jackson/databind/KeyDeserializer
instanceKlass tools/jackson/databind/ser/Serializers
instanceKlass  @bci org/springframework/core/annotation/AnnotationTypeMappings forAnnotationType (Ljava/lang/Class;Lorg/springframework/core/annotation/RepeatableContainers;Lorg/springframework/core/annotation/AnnotationFilter;Ljava/util/Set;)Lorg/springframework/core/annotation/AnnotationTypeMappings; 43 <appendix> member <vmtarget> ; # org/springframework/core/annotation/AnnotationTypeMappings$$Lambda+0x000001faad22c7f8
instanceKlass org/springframework/context/annotation/ScopeMetadata
instanceKlass org/springframework/beans/BeanMetadataAttribute
instanceKlass org/springframework/context/annotation/ImportResource
instanceKlass org/springframework/core/Conventions
instanceKlass org/springframework/context/annotation/ConfigurationClassUtils
instanceKlass org/springframework/boot/autoconfigure/AutoConfigurationPackages$Registrar
instanceKlass org/springframework/boot/context/annotation/DeterminableImports
instanceKlass org/springframework/context/annotation/ImportBeanDefinitionRegistrar
instanceKlass tools/jackson/databind/ValueSerializer
instanceKlass tools/jackson/databind/jsonFormatVisitors/JsonFormatVisitable
instanceKlass tools/jackson/databind/deser/Deserializers
instanceKlass org/springframework/context/annotation/ComponentScans
instanceKlass org/springframework/boot/autoconfigure/AutoConfigurationImportSelector
instanceKlass tools/jackson/databind/deser/ValueInstantiator$Gettable
instanceKlass org/springframework/context/annotation/DeferredImportSelector
instanceKlass org/springframework/context/annotation/ImportSelector
instanceKlass tools/jackson/databind/ValueDeserializer
instanceKlass tools/jackson/databind/deser/NullValueProvider
instanceKlass tools/jackson/databind/ext/javatime/JavaTimeInitializer
instanceKlass java/lang/Deprecated
instanceKlass tools/jackson/databind/cfg/ModuleContextBase
instanceKlass tools/jackson/databind/cfg/DatatypeFeatures$DefaultHolder
instanceKlass  @bci org/springframework/core/annotation/AnnotationTypeMapping processAliases (ILjava/util/List;)V 118 <appendix> argL0 ; # org/springframework/core/annotation/AnnotationTypeMapping$$Lambda+0x000001faad21f098
instanceKlass tools/jackson/databind/cfg/DatatypeFeatures
instanceKlass tools/jackson/databind/cfg/CoercionConfig
instanceKlass tools/jackson/databind/cfg/CoercionConfigs
instanceKlass org/springframework/boot/autoconfigure/AutoConfigurationExcludeFilter
instanceKlass com/fasterxml/jackson/annotation/JsonFormat$Features
instanceKlass com/fasterxml/jackson/annotation/JsonFormat$Value
instanceKlass org/springframework/boot/context/TypeExcludeFilter
instanceKlass com/fasterxml/jackson/annotation/JsonSetter$Value
instanceKlass java/lang/annotation/Repeatable
instanceKlass  @bci sun/reflect/annotation/AnnotationParser parseAnnotationArray (ILjava/lang/Class;Ljava/nio/ByteBuffer;Ljdk/internal/reflect/ConstantPool;Ljava/lang/Class;)Ljava/lang/Object; 15 <appendix> member <vmtarget> ; # sun/reflect/annotation/AnnotationParser$$Lambda+0x000001faad1c3ee0
instanceKlass tools/jackson/databind/introspect/VisibilityChecker
instanceKlass com/fasterxml/jackson/annotation/JsonInclude$Value
instanceKlass org/springframework/context/annotation/Import
instanceKlass com/fasterxml/jackson/annotation/JacksonAnnotationValue
instanceKlass org/springframework/boot/autoconfigure/AutoConfigurationPackage
instanceKlass tools/jackson/databind/cfg/ConfigOverrides
instanceKlass tools/jackson/core/sym/CharsToNameCanonicalizer$Bucket
instanceKlass tools/jackson/core/sym/CharsToNameCanonicalizer$TableInfo
instanceKlass org/springframework/context/annotation/Configuration
instanceKlass tools/jackson/core/sym/CharsToNameCanonicalizer
instanceKlass org/springframework/context/annotation/ComponentScan$Filter
instanceKlass tools/jackson/core/sym/ByteQuadsCanonicalizer$TableInfo
instanceKlass  @bci org/springframework/core/annotation/AnnotationTypeMapping resolveAliasedForTargets ()Ljava/util/Map; 58 <appendix> argL0 ; # org/springframework/core/annotation/AnnotationTypeMapping$$Lambda+0x000001faad219098
instanceKlass tools/jackson/core/sym/ByteQuadsCanonicalizer
instanceKlass tools/jackson/core/util/RecyclerPool$WithPool
instanceKlass tools/jackson/core/util/RecyclerPool$StatefulImplBase
instanceKlass tools/jackson/core/util/RecyclerPool
instanceKlass org/springframework/core/annotation/TypeMappedAnnotations$IsPresent
instanceKlass tools/jackson/core/util/JsonRecyclerPools
instanceKlass tools/jackson/core/ErrorReportConfiguration
instanceKlass org/springframework/context/annotation/Conditional
instanceKlass tools/jackson/core/StreamWriteConstraints
instanceKlass tools/jackson/core/StreamReadConstraints
instanceKlass org/springframework/context/annotation/ComponentScan
instanceKlass org/springframework/boot/autoconfigure/EnableAutoConfiguration
instanceKlass org/springframework/boot/SpringBootConfiguration
instanceKlass tools/jackson/core/ObjectWriteContext$Base
instanceKlass tools/jackson/core/async/ByteArrayFeeder
instanceKlass  @bci sun/reflect/annotation/AnnotationParser parseClassArray (ILjava/nio/ByteBuffer;Ljdk/internal/reflect/ConstantPool;Ljava/lang/Class;)Ljava/lang/Object; 10 <appendix> member <vmtarget> ; # sun/reflect/annotation/AnnotationParser$$Lambda+0x000001faad1c3a78
instanceKlass org/springframework/boot/autoconfigure/SpringBootApplication
instanceKlass org/springframework/core/type/StandardClassMetadata
instanceKlass tools/jackson/core/async/ByteBufferFeeder
instanceKlass tools/jackson/core/async/NonBlockingInputFeeder
instanceKlass org/springframework/core/type/AnnotationMetadata
instanceKlass org/springframework/core/type/ClassMetadata
instanceKlass  @bci org/springframework/beans/factory/xml/XmlBeanDefinitionReader <init> (Lorg/springframework/beans/factory/support/BeanDefinitionRegistry;)V 94 <appendix> argL0 ; # org/springframework/beans/factory/xml/XmlBeanDefinitionReader$$Lambda+0x000001faad20ece8
instanceKlass org/springframework/util/xml/XmlValidationModeDetector
instanceKlass org/springframework/util/xml/SimpleSaxErrorHandler
instanceKlass org/springframework/beans/factory/xml/DefaultDocumentLoader
instanceKlass org/springframework/beans/factory/parsing/NullSourceExtractor
instanceKlass org/springframework/beans/factory/parsing/EmptyReaderEventListener
instanceKlass org/springframework/beans/factory/parsing/FailFastProblemReporter
instanceKlass org/springframework/beans/factory/xml/DefaultBeanDefinitionDocumentReader
instanceKlass org/springframework/beans/factory/xml/BeanDefinitionDocumentReader
instanceKlass org/springframework/beans/factory/support/DefaultBeanNameGenerator
instanceKlass org/xml/sax/EntityResolver
instanceKlass org/springframework/beans/factory/xml/NamespaceHandlerResolver
instanceKlass org/xml/sax/ErrorHandler
instanceKlass org/springframework/beans/factory/xml/DocumentLoader
instanceKlass org/springframework/beans/factory/parsing/SourceExtractor
instanceKlass org/springframework/beans/factory/parsing/ReaderEventListener
instanceKlass org/springframework/beans/factory/parsing/ProblemReporter
instanceKlass tools/jackson/core/TSFBuilder
instanceKlass org/springframework/beans/factory/support/AbstractBeanDefinitionReader
instanceKlass org/springframework/beans/factory/support/BeanDefinitionReader
instanceKlass org/springframework/boot/BeanDefinitionLoader
instanceKlass tools/jackson/core/sym/PropertyNameMatcher
instanceKlass org/springframework/boot/SpringApplication$PropertySourceOrderingBeanFactoryPostProcessor
instanceKlass tools/jackson/databind/AbstractTypeResolver
instanceKlass  @bci org/springframework/boot/SpringApplication quoteProfiles ([Ljava/lang/String;)Ljava/util/List; 4 <appendix> argL0 ; # org/springframework/boot/SpringApplication$$Lambda+0x000001faad206458
instanceKlass  @bci org/springframework/boot/StartupInfoLogger appendVersion (Ljava/lang/StringBuilder;Ljava/lang/Class;)V 5 <appendix> member <vmtarget> ; # org/springframework/boot/StartupInfoLogger$$Lambda+0x000001faad2057c8
instanceKlass  @bci org/springframework/boot/StartupInfoLogger logStarting (Lorg/apache/commons/logging/Log;)V 23 <appendix> member <vmtarget> ; # org/springframework/boot/StartupInfoLogger$$Lambda+0x000001faad2055a8
instanceKlass ch/qos/logback/core/pattern/SpacePadder
instanceKlass java/time/LocalTime$1
instanceKlass java/time/format/DateTimeFormatterBuilder$2
instanceKlass java/time/LocalDate$1
instanceKlass java/time/ZonedDateTime$1
instanceKlass java/time/temporal/TemporalQueries$7
instanceKlass java/time/temporal/TemporalQueries$6
instanceKlass java/time/temporal/TemporalQueries$5
instanceKlass java/time/temporal/TemporalQueries$4
instanceKlass java/time/temporal/TemporalQueries$3
instanceKlass java/time/temporal/TemporalQueries$2
instanceKlass java/time/temporal/TemporalQueries$1
instanceKlass java/time/temporal/TemporalQueries
instanceKlass java/time/format/DateTimePrintContext
instanceKlass ch/qos/logback/core/util/StringUtil
instanceKlass org/slf4j/helpers/FormattingTuple
instanceKlass org/slf4j/helpers/NormalizedParameters
instanceKlass tools/jackson/databind/jsontype/TypeIdResolver
instanceKlass org/slf4j/helpers/MessageFormatter
instanceKlass tools/jackson/databind/jsontype/impl/StdTypeResolverBuilder
instanceKlass ch/qos/logback/classic/spi/EventArgUtil
instanceKlass tools/jackson/databind/jsontype/TypeDeserializer
instanceKlass ch/qos/logback/classic/spi/IThrowableProxy
instanceKlass ch/qos/logback/classic/spi/LoggingEvent
instanceKlass tools/jackson/databind/jsontype/TypeSerializer
instanceKlass  @bci org/springframework/boot/StartupInfoLogger appendContext (Ljava/lang/StringBuilder;)V 55 <appendix> argL0 ; # org/springframework/boot/StartupInfoLogger$$Lambda+0x000001faad201838
instanceKlass  @bci org/springframework/boot/StartupInfoLogger appendContext (Ljava/lang/StringBuilder;)V 43 <appendix> argL0 ; # org/springframework/boot/StartupInfoLogger$$Lambda+0x000001faad200e18
instanceKlass org/springframework/boot/system/ApplicationHome
instanceKlass tools/jackson/databind/cfg/MapperConfig
instanceKlass tools/jackson/databind/introspect/MixInResolver
instanceKlass  @bci org/springframework/boot/StartupInfoLogger appendPid (Ljava/lang/StringBuilder;)V 5 <appendix> member <vmtarget> ; # org/springframework/boot/StartupInfoLogger$$Lambda+0x000001faad200458
instanceKlass tools/jackson/databind/jsontype/TypeResolverProvider
instanceKlass  @bci org/springframework/boot/StartupInfoLogger appendJavaVersion (Ljava/lang/StringBuilder;)V 4 <appendix> argL0 ; # org/springframework/boot/StartupInfoLogger$$Lambda+0x000001faad200000
instanceKlass  @bci org/springframework/boot/StartupInfoLogger appendApplicationVersion (Ljava/lang/StringBuilder;)V 5 <appendix> member <vmtarget> ; # org/springframework/boot/StartupInfoLogger$$Lambda+0x000001faad1bfd68
instanceKlass  @bci org/springframework/boot/StartupInfoLogger appendApplicationName (Ljava/lang/StringBuilder;)V 5 <appendix> member <vmtarget> ; # org/springframework/boot/StartupInfoLogger$$Lambda+0x000001faad1bf2d0
instanceKlass  @bci org/springframework/boot/StartupInfoLogger appendAotMode (Ljava/lang/StringBuilder;)V 4 <appendix> argL0 ; # org/springframework/boot/StartupInfoLogger$$Lambda+0x000001faad1bf0b8
instanceKlass  @bci org/springframework/boot/StartupInfoLogger logStarting (Lorg/apache/commons/logging/Log;)V 8 <appendix> member <vmtarget> ; # org/springframework/boot/StartupInfoLogger$$Lambda+0x000001faad1be608
instanceKlass org/springframework/boot/StartupInfoLogger
instanceKlass  @bci org/springframework/boot/SpringApplicationRunListeners contextPrepared (Lorg/springframework/context/ConfigurableApplicationContext;)V 4 <appendix> member <vmtarget> ; # org/springframework/boot/SpringApplicationRunListeners$$Lambda+0x000001faad1bc800
instanceKlass org/springframework/boot/autoconfigure/logging/ConditionEvaluationReportLogger
instanceKlass  @bci org/springframework/boot/autoconfigure/logging/ConditionEvaluationReportLoggingListener$ConditionEvaluationReportListener <init> (Lorg/springframework/boot/autoconfigure/logging/ConditionEvaluationReportLoggingListener;Lorg/springframework/context/ConfigurableApplicationContext;)V 29 <appendix> member <vmtarget> ; # org/springframework/boot/autoconfigure/logging/ConditionEvaluationReportLoggingListener$ConditionEvaluationReportListener$$Lambda+0x000001faad1b96d8
instanceKlass org/springframework/boot/autoconfigure/condition/ConditionEvaluationReport$AncestorsMatchedCondition
instanceKlass org/springframework/context/annotation/Condition
instanceKlass org/springframework/boot/autoconfigure/condition/ConditionEvaluationReport
instanceKlass tools/jackson/databind/node/JsonNodeFactory
instanceKlass org/springframework/boot/autoconfigure/logging/ConditionEvaluationReportLoggingListener$ConditionEvaluationReportListener
instanceKlass tools/jackson/databind/node/JsonNodeCreator
instanceKlass  @bci org/springframework/boot/io/ProtocolResolverApplicationContextInitializer initialize (Lorg/springframework/context/ConfigurableApplicationContext;)V 24 <appendix> member <vmtarget> ; # org/springframework/boot/io/ProtocolResolverApplicationContextInitializer$$Lambda+0x000001faad1b6b98
instanceKlass tools/jackson/databind/cfg/DefaultCacheProvider
instanceKlass tools/jackson/databind/cfg/CacheProvider
instanceKlass org/springframework/boot/io/Base64ProtocolResolver
instanceKlass org/springframework/core/io/ProtocolResolver
instanceKlass tools/jackson/core/Base64Variant
instanceKlass org/springframework/boot/context/ConfigurationWarningsApplicationContextInitializer$ComponentScanPackageCheck
instanceKlass org/springframework/boot/context/ConfigurationWarningsApplicationContextInitializer$Check
instanceKlass org/springframework/boot/context/ConfigurationWarningsApplicationContextInitializer$ConfigurationWarningsPostProcessor
instanceKlass tools/jackson/core/Base64Variants
instanceKlass org/springframework/boot/devtools/restart/RestartScopeInitializer$RestartScope
instanceKlass java/text/DigitList
instanceKlass java/text/FieldPosition
instanceKlass  @bci org/springframework/beans/factory/support/DefaultListableBeanFactory registerSingleton (Ljava/lang/String;Ljava/lang/Object;)V 15 <appendix> member <vmtarget> ; # org/springframework/beans/factory/support/DefaultListableBeanFactory$$Lambda+0x000001faad1b4df0
instanceKlass  @bci org/springframework/beans/factory/support/DefaultListableBeanFactory registerSingleton (Ljava/lang/String;Ljava/lang/Object;)V 8 <appendix> member <vmtarget> ; # org/springframework/beans/factory/support/DefaultListableBeanFactory$$Lambda+0x000001faad1b4bc0
instanceKlass  @bci org/springframework/beans/factory/support/DefaultListableBeanFactory addSingleton (Ljava/lang/String;Ljava/lang/Object;)V 7 <appendix> member <vmtarget> ; # org/springframework/beans/factory/support/DefaultListableBeanFactory$$Lambda+0x000001faad1b4970
instanceKlass org/springframework/boot/context/ContextIdApplicationContextInitializer$ContextId
instanceKlass org/springframework/boot/autoconfigure/SharedMetadataReaderFactoryContextInitializer$CachingMetadataReaderFactoryPostProcessor
instanceKlass  @bci org/springframework/boot/SpringApplication applyInitializers (Lorg/springframework/context/ConfigurableApplicationContext;)V 53 <appendix> member <vmtarget> ; # org/springframework/boot/SpringApplication$$Lambda+0x000001faad1b42b8
instanceKlass java/lang/StringUTF16$CharsSpliterator
instanceKlass java/util/stream/Sink$ChainedInt
instanceKlass  @bci java/util/stream/FindOps$FindSink$OfInt <clinit> ()V 43 <appendix> argL0 ; # java/util/stream/FindOps$FindSink$OfInt$$Lambda+0x800000049
instanceKlass  @bci java/util/stream/FindOps$FindSink$OfInt <clinit> ()V 38 <appendix> argL0 ; # java/util/stream/FindOps$FindSink$OfInt$$Lambda+0x80000004b
instanceKlass  @bci java/util/stream/FindOps$FindSink$OfInt <clinit> ()V 16 <appendix> argL0 ; # java/util/stream/FindOps$FindSink$OfInt$$Lambda+0x80000004a
instanceKlass  @bci java/util/stream/FindOps$FindSink$OfInt <clinit> ()V 11 <appendix> argL0 ; # java/util/stream/FindOps$FindSink$OfInt$$Lambda+0x80000004c
instanceKlass java/util/OptionalInt
instanceKlass  @bci org/springframework/context/index/CandidateComponentsIndexLoader loadIndex (Ljava/lang/ClassLoader;)Lorg/springframework/context/index/CandidateComponentsIndex; 16 <appendix> argL0 ; # org/springframework/context/index/CandidateComponentsIndexLoader$$Lambda+0x000001faad1b4080
instanceKlass  @bci java/text/DecimalFormatSymbols findNonFormatChar (Ljava/lang/String;C)C 4 <appendix> argL0 ; # java/text/DecimalFormatSymbols$$Lambda+0x80000000d
instanceKlass  @bci sun/util/locale/provider/JRELocaleProviderAdapter getDecimalFormatSymbolsProvider ()Ljava/text/spi/DecimalFormatSymbolsProvider; 8 <appendix> member <vmtarget> ; # sun/util/locale/provider/JRELocaleProviderAdapter$$Lambda+0x80000006b
instanceKlass org/springframework/context/index/CandidateComponentsIndex
instanceKlass java/text/DecimalFormatSymbols
instanceKlass  @bci sun/util/locale/provider/JRELocaleProviderAdapter getNumberFormatProvider ()Ljava/text/spi/NumberFormatProvider; 8 <appendix> member <vmtarget> ; # sun/util/locale/provider/JRELocaleProviderAdapter$$Lambda+0x80000006c
instanceKlass org/springframework/context/index/CandidateComponentsIndexLoader
instanceKlass  @bci org/springframework/core/io/DefaultResourceLoader getResourceCache (Ljava/lang/Class;)Ljava/util/Map; 5 <appendix> argL0 ; # org/springframework/core/io/DefaultResourceLoader$$Lambda+0x000001faad1b3a10
instanceKlass org/springframework/core/type/classreading/MetadataReader
instanceKlass org/springframework/core/type/classreading/MetadataReaderFactoryDelegate
instanceKlass org/springframework/core/type/classreading/AbstractMetadataReaderFactory
instanceKlass org/springframework/core/io/support/ResourcePatternUtils
instanceKlass  @bci sun/util/locale/provider/JRELocaleProviderAdapter getDateFormatSymbolsProvider ()Ljava/text/spi/DateFormatSymbolsProvider; 8 <appendix> member <vmtarget> ; # sun/util/locale/provider/JRELocaleProviderAdapter$$Lambda+0x80000006a
instanceKlass java/text/DateFormatSymbols
instanceKlass sun/util/calendar/CalendarUtils
instanceKlass sun/util/calendar/CalendarDate
instanceKlass sun/util/resources/Bundles$CacheKeyReference
instanceKlass org/springframework/stereotype/Indexed
instanceKlass  @bci java/util/ResourceBundle$ResourceBundleProviderHelper newResourceBundle (Ljava/lang/Class;)Ljava/util/ResourceBundle; 22 <appendix> member <vmtarget> ; # java/util/ResourceBundle$ResourceBundleProviderHelper$$Lambda+0x800000012
instanceKlass java/util/ResourceBundle$ResourceBundleProviderHelper
instanceKlass org/springframework/stereotype/Component
instanceKlass  @bci sun/util/cldr/CLDRLocaleProviderAdapter applyAliases (Ljava/util/Locale;)Ljava/util/Locale; 4 <appendix> argL0 ; # sun/util/cldr/CLDRLocaleProviderAdapter$$Lambda+0x800000064
instanceKlass sun/util/resources/Bundles$CacheKey
instanceKlass org/springframework/core/type/filter/AbstractTypeHierarchyTraversingFilter
instanceKlass java/util/ResourceBundle$1
instanceKlass jdk/internal/access/JavaUtilResourceBundleAccess
instanceKlass sun/util/resources/Bundles
instanceKlass org/springframework/core/type/filter/TypeFilter
instanceKlass sun/util/resources/LocaleData$LocaleDataStrategy
instanceKlass sun/util/resources/Bundles$Strategy
instanceKlass sun/util/resources/LocaleData$1
instanceKlass sun/util/resources/LocaleData
instanceKlass sun/util/locale/provider/LocaleResources
instanceKlass org/springframework/beans/factory/support/BeanDefinitionDefaults
instanceKlass org/springframework/core/type/classreading/MetadataReaderFactory
instanceKlass org/springframework/context/annotation/ClassPathScanningCandidateComponentProvider
instanceKlass org/springframework/context/event/DefaultEventListenerFactory
instanceKlass org/springframework/context/event/EventListenerFactory
instanceKlass org/springframework/context/event/EventListenerMethodProcessor
instanceKlass org/springframework/beans/factory/SmartInitializingSingleton
instanceKlass org/springframework/beans/factory/annotation/InitDestroyAnnotationBeanPostProcessor
instanceKlass org/springframework/beans/factory/config/DestructionAwareBeanPostProcessor
instanceKlass org/springframework/beans/factory/annotation/AutowiredAnnotationBeanPostProcessor
instanceKlass org/springframework/beans/factory/support/MergedBeanDefinitionPostProcessor
instanceKlass org/springframework/beans/factory/config/SmartInstantiationAwareBeanPostProcessor
instanceKlass org/springframework/beans/factory/config/InstantiationAwareBeanPostProcessor
instanceKlass org/springframework/beans/factory/config/BeanDefinitionHolder
instanceKlass  @bci org/springframework/beans/factory/support/DefaultListableBeanFactory removeManualSingletonName (Ljava/lang/String;)V 8 <appendix> member <vmtarget> ; # org/springframework/beans/factory/support/DefaultListableBeanFactory$$Lambda+0x000001faad1ad7e0
instanceKlass  @bci org/springframework/beans/factory/support/DefaultListableBeanFactory removeManualSingletonName (Ljava/lang/String;)V 2 <appendix> member <vmtarget> ; # org/springframework/beans/factory/support/DefaultListableBeanFactory$$Lambda+0x000001faad1ad5b0
instanceKlass org/springframework/beans/factory/support/MethodOverrides
instanceKlass org/springframework/context/annotation/ConfigurationClassPostProcessor
instanceKlass org/springframework/context/ApplicationStartupAware
instanceKlass org/springframework/context/ResourceLoaderAware
instanceKlass org/springframework/beans/factory/aot/BeanRegistrationAotProcessor
instanceKlass org/springframework/beans/factory/support/BeanDefinitionRegistryPostProcessor
instanceKlass org/springframework/beans/factory/annotation/Qualifier
instanceKlass org/springframework/beans/factory/annotation/Value
instanceKlass org/springframework/aop/TargetSource
instanceKlass jakarta/annotation/PostConstruct
instanceKlass org/springframework/context/annotation/AnnotationConfigUtils
instanceKlass org/springframework/context/annotation/ConditionEvaluator$ConditionContextImpl
instanceKlass org/springframework/context/annotation/ConditionContext
instanceKlass org/springframework/context/annotation/ConditionEvaluator
instanceKlass org/springframework/context/annotation/Scope
instanceKlass org/springframework/context/annotation/AnnotationScopeMetadataResolver
instanceKlass  @bci sun/util/locale/provider/LocaleProviderAdapter toLocaleArray (Ljava/util/Set;)[Ljava/util/Locale; 16 <appendix> argL0 ; # sun/util/locale/provider/LocaleProviderAdapter$$Lambda+0x80000006e
instanceKlass  @bci sun/util/locale/provider/LocaleProviderAdapter toLocaleArray (Ljava/util/Set;)[Ljava/util/Locale; 6 <appendix> argL0 ; # sun/util/locale/provider/LocaleProviderAdapter$$Lambda+0x80000006d
instanceKlass  @bci sun/util/cldr/CLDRLocaleProviderAdapter getCalendarDataProvider ()Ljava/util/spi/CalendarDataProvider; 8 <appendix> member <vmtarget> ; # sun/util/cldr/CLDRLocaleProviderAdapter$$Lambda+0x800000067
instanceKlass org/springframework/context/annotation/AnnotationBeanNameGenerator
instanceKlass java/util/ResourceBundle
instanceKlass java/util/ResourceBundle$Control
instanceKlass sun/util/locale/provider/CalendarDataUtility$CalendarWeekParameterGetter
instanceKlass sun/util/locale/provider/LocaleServiceProviderPool$LocalizedObjectGetter
instanceKlass sun/util/locale/provider/LocaleServiceProviderPool
instanceKlass java/util/Locale$Builder
instanceKlass sun/util/locale/provider/CalendarDataUtility
instanceKlass sun/util/calendar/CalendarSystem$GregorianHolder
instanceKlass sun/util/calendar/CalendarSystem
instanceKlass org/springframework/beans/factory/annotation/AnnotatedBeanDefinition
instanceKlass java/util/Calendar$Builder
instanceKlass org/springframework/core/type/AnnotatedTypeMetadata
instanceKlass org/springframework/context/annotation/ScopeMetadataResolver
instanceKlass org/springframework/beans/factory/support/BeanNameGenerator
instanceKlass org/springframework/context/annotation/AnnotatedBeanDefinitionReader
instanceKlass org/springframework/beans/factory/support/SimpleAutowireCandidateResolver
instanceKlass org/springframework/beans/factory/support/SimpleInstantiationStrategy
instanceKlass org/springframework/beans/factory/BeanNameAware
instanceKlass sun/util/locale/provider/AvailableLanguageTags
instanceKlass  @bci sun/util/locale/provider/JRELocaleProviderAdapter getCalendarProvider ()Lsun/util/spi/CalendarProvider; 8 <appendix> member <vmtarget> ; # sun/util/locale/provider/JRELocaleProviderAdapter$$Lambda+0x800000068
instanceKlass sun/util/resources/cldr/provider/CLDRLocaleDataMetaInfo
instanceKlass  @bci sun/util/cldr/CLDRLocaleProviderAdapter <init> ()V 4 <appendix> argL0 ; # sun/util/cldr/CLDRLocaleProviderAdapter$$Lambda+0x800000066
instanceKlass sun/util/locale/LocaleObjectCache
instanceKlass sun/util/locale/BaseLocale$Key
instanceKlass sun/util/locale/InternalLocaleBuilder$CaseInsensitiveChar
instanceKlass sun/util/locale/InternalLocaleBuilder
instanceKlass sun/util/locale/StringTokenIterator
instanceKlass sun/util/locale/ParseStatus
instanceKlass sun/util/locale/LanguageTag
instanceKlass sun/util/cldr/CLDRBaseLocaleDataMetaInfo
instanceKlass sun/util/locale/provider/LocaleDataMetaInfo
instanceKlass sun/util/locale/provider/ResourceBundleBasedAdapter
instanceKlass sun/util/locale/provider/LocaleProviderAdapter
instanceKlass java/util/spi/LocaleServiceProvider
instanceKlass java/text/AttributedCharacterIterator$Attribute
instanceKlass org/springframework/beans/factory/support/AutowireCandidateResolver
instanceKlass org/springframework/beans/factory/ObjectProvider
instanceKlass org/springframework/beans/factory/ObjectFactory
instanceKlass tools/jackson/databind/cfg/BaseSettings
instanceKlass tools/jackson/databind/introspect/DefaultAccessorNamingStrategy$FirstCharBasedValidator
instanceKlass tools/jackson/databind/introspect/DefaultAccessorNamingStrategy$BaseNameValidator
instanceKlass org/springframework/util/ReflectionUtils$MethodCallback
instanceKlass tools/jackson/databind/introspect/AccessorNamingStrategy
instanceKlass org/springframework/beans/PropertyValues
instanceKlass java/util/concurrent/atomic/AtomicReferenceArray
instanceKlass java/util/concurrent/atomic/AtomicLongArray
instanceKlass org/springframework/beans/BeanWrapper
instanceKlass org/springframework/beans/ConfigurablePropertyAccessor
instanceKlass org/springframework/beans/PropertyAccessor
instanceKlass org/springframework/beans/factory/InjectionPoint
instanceKlass org/springframework/core/AttributeAccessorSupport
instanceKlass tools/jackson/databind/util/internal/Linked
instanceKlass tools/jackson/databind/util/internal/PrivateMaxEntriesMap$Builder
instanceKlass org/springframework/beans/factory/support/InstantiationStrategy
instanceKlass tools/jackson/databind/util/SimpleLookupCache
instanceKlass java/beans/ConstructorProperties
instanceKlass java/beans/Transient
instanceKlass tools/jackson/databind/ext/beans/JavaBeansAnnotations
instanceKlass com/fasterxml/jackson/annotation/JsonMerge
instanceKlass com/fasterxml/jackson/annotation/JsonDeserializeAs
instanceKlass tools/jackson/databind/annotation/JsonDeserialize
instanceKlass com/fasterxml/jackson/annotation/JsonManagedReference
instanceKlass com/fasterxml/jackson/annotation/JsonBackReference
instanceKlass com/fasterxml/jackson/annotation/JsonUnwrapped
instanceKlass com/fasterxml/jackson/annotation/JsonRawValue
instanceKlass com/fasterxml/jackson/annotation/JsonTypeInfo
instanceKlass com/fasterxml/jackson/annotation/JsonFormat
instanceKlass com/fasterxml/jackson/annotation/JsonView
instanceKlass com/fasterxml/jackson/annotation/JsonSerializeAs
instanceKlass tools/jackson/databind/annotation/JsonSerialize
instanceKlass tools/jackson/databind/introspect/ConcreteBeanPropertyBase
instanceKlass tools/jackson/databind/BeanProperty
instanceKlass tools/jackson/databind/introspect/BeanPropertyDefinition
instanceKlass tools/jackson/databind/util/FullyNamed
instanceKlass tools/jackson/core/util/Named
instanceKlass tools/jackson/databind/introspect/TypeResolutionContext
instanceKlass tools/jackson/databind/introspect/Annotated
instanceKlass tools/jackson/databind/util/LookupCache
instanceKlass org/springframework/beans/factory/DisposableBean
instanceKlass  @bci tools/jackson/core/util/Separators$Spacing apply (C)Ljava/lang/String; 9 <adapter> ; # java/lang/invoke/LambdaForm$MH+0x000001faad19d800
instanceKlass  @bci tools/jackson/core/util/Separators$Spacing apply (C)Ljava/lang/String; 9 <appendix> form vmentry <vmtarget> ; # java/lang/invoke/LambdaForm$MH+0x000001faad19d400
# instanceKlass java/lang/invoke/LambdaForm$MH+0x000001faad19d000
instanceKlass  @bci tools/jackson/core/util/Separators$Spacing apply (C)Ljava/lang/String; 9 <appendix> form names 8 function resolvedHandle form vmentry <vmtarget> ; # java/lang/invoke/LambdaForm$DMH+0x000001faad19cc00
instanceKlass  @bci tools/jackson/core/util/Separators$Spacing apply (C)Ljava/lang/String; 9 <appendix> argL3 form vmentry <vmtarget> ; # java/lang/invoke/LambdaForm$MH+0x000001faad19c800
# instanceKlass java/lang/invoke/LambdaForm$MH+0x000001faad19c400
# instanceKlass java/lang/invoke/LambdaForm$MH+0x000001faad19c000
# instanceKlass java/lang/invoke/LambdaForm$MH+0x000001faad196c00
# instanceKlass java/lang/invoke/LambdaForm$MH+0x000001faad196800
# instanceKlass java/lang/invoke/LambdaForm$MH+0x000001faad196400
# instanceKlass java/lang/invoke/LambdaForm$MH+0x000001faad196000
instanceKlass org/springframework/core/SimpleAliasRegistry
instanceKlass  @bci tools/jackson/core/util/Separators$Spacing apply (C)Ljava/lang/String; 9 <appendix> form names 12 function resolvedHandle form vmentry <vmtarget> ; # java/lang/invoke/LambdaForm$DMH+0x000001faad195c00
instanceKlass  @bci tools/jackson/core/util/Separators$Spacing apply (C)Ljava/lang/String; 9 <appendix> argL1 form vmentry <vmtarget> ; # java/lang/invoke/LambdaForm$MH+0x000001faad195800
# instanceKlass java/lang/invoke/LambdaForm$MH+0x000001faad195400
instanceKlass  @bci org/apache/tomcat/util/threads/TaskThreadFactory newThread (Ljava/lang/Runnable;)Ljava/lang/Thread; 20 <appendix> argL1 form vmentry <vmtarget> ; # java/lang/invoke/LambdaForm$MH+0x000001faad195000
# instanceKlass java/lang/invoke/LambdaForm$MH+0x000001faad194c00
# instanceKlass java/lang/invoke/LambdaForm$MH+0x000001faad194800
# instanceKlass java/lang/invoke/LambdaForm$MH+0x000001faad194400
# instanceKlass java/lang/invoke/LambdaForm$MH+0x000001faad194000
instanceKlass tools/jackson/core/util/DefaultPrettyPrinter$NopIndenter
instanceKlass tools/jackson/core/io/CharTypes
instanceKlass tools/jackson/core/io/JsonStringEncoder
instanceKlass tools/jackson/core/io/SerializedString
instanceKlass tools/jackson/core/util/Separators
instanceKlass tools/jackson/core/SerializableString
instanceKlass tools/jackson/core/util/DefaultPrettyPrinter$Indenter
instanceKlass tools/jackson/core/util/DefaultPrettyPrinter
instanceKlass tools/jackson/core/util/Instantiatable
instanceKlass org/springframework/util/AntPathMatcher$PathSeparatorPatternCache
instanceKlass org/springframework/util/AntPathMatcher
instanceKlass tools/jackson/databind/cfg/ConfigFeature
instanceKlass  @bci org/springframework/core/io/support/PathMatchingResourcePatternResolver <clinit> ()V 64 <appendix> argL0 ; # org/springframework/core/io/support/PathMatchingResourcePatternResolver$$Lambda+0x000001faad181c90
instanceKlass tools/jackson/databind/cfg/MapperBuilderState
instanceKlass  @bci org/springframework/core/io/support/PathMatchingResourcePatternResolver <clinit> ()V 40 <appendix> argL0 ; # org/springframework/core/io/support/PathMatchingResourcePatternResolver$$Lambda+0x000001faad181628
instanceKlass tools/jackson/databind/cfg/DeserializationContexts
instanceKlass jdk/internal/module/SystemModules$all
instanceKlass tools/jackson/databind/deser/DeserializerFactory
instanceKlass tools/jackson/databind/cfg/SerializationContexts
instanceKlass tools/jackson/databind/jsontype/TypeResolverBuilder
instanceKlass org/springframework/util/PathMatcher
instanceKlass org/springframework/core/io/support/PathMatchingResourcePatternResolver
instanceKlass tools/jackson/databind/jsontype/SubtypeResolver
instanceKlass tools/jackson/databind/introspect/ClassIntrospector
instanceKlass tools/jackson/databind/ser/SerializerFactory
instanceKlass org/springframework/beans/factory/config/BeanDefinition
instanceKlass org/springframework/beans/BeanMetadataElement
instanceKlass tools/jackson/databind/JacksonModule$SetupContext
instanceKlass org/springframework/core/AttributeAccessor
instanceKlass tools/jackson/databind/cfg/DatatypeFeature
instanceKlass org/springframework/beans/factory/config/ConfigurableListableBeanFactory
instanceKlass java/text/Format
instanceKlass tools/jackson/databind/introspect/AccessorNamingStrategy$Provider
instanceKlass tools/jackson/databind/jsontype/PolymorphicTypeValidator
instanceKlass org/springframework/context/LifecycleProcessor
instanceKlass org/springframework/beans/factory/config/BeanPostProcessor
instanceKlass org/springframework/beans/PropertyEditorRegistrar
instanceKlass org/springframework/beans/factory/config/BeanExpressionResolver
instanceKlass tools/jackson/databind/AnnotationIntrospector
instanceKlass tools/jackson/core/PrettyPrinter
instanceKlass org/springframework/beans/factory/config/AutowireCapableBeanFactory
instanceKlass tools/jackson/databind/type/TypeBindings
instanceKlass tools/jackson/core/FormatFeature
instanceKlass tools/jackson/core/util/JacksonFeature
instanceKlass org/springframework/boot/web/server/context/ConfigurableWebServerApplicationContext
instanceKlass org/springframework/boot/web/server/context/WebServerApplicationContext
instanceKlass tools/jackson/core/tree/ArrayTreeNode
instanceKlass org/springframework/context/annotation/AnnotationConfigRegistry
instanceKlass tools/jackson/core/tree/ObjectTreeNode
instanceKlass  @bci org/springframework/boot/DefaultApplicationContextFactory create (Lorg/springframework/boot/WebApplicationType;)Lorg/springframework/context/ConfigurableApplicationContext; 8 <appendix> member <vmtarget> ; # org/springframework/boot/DefaultApplicationContextFactory$$Lambda+0x000001faad17fd60
instanceKlass  @bci org/springframework/boot/DefaultApplicationContextFactory create (Lorg/springframework/boot/WebApplicationType;)Lorg/springframework/context/ConfigurableApplicationContext; 2 <appendix> argL0 ; # org/springframework/boot/DefaultApplicationContextFactory$$Lambda+0x000001faad17f738
instanceKlass org/springframework/boot/SpringApplicationBannerPrinter$PrintedBanner
# instanceKlass java/lang/invoke/LambdaForm$MH+0x000001faad180000
instanceKlass tools/jackson/core/util/BufferRecycler$Gettable
instanceKlass org/springframework/boot/SpringBootVersion
instanceKlass org/springframework/core/io/ContextResource
instanceKlass tools/jackson/core/JsonParser
instanceKlass org/springframework/boot/SpringBootBanner
instanceKlass org/springframework/boot/Banner
instanceKlass org/springframework/boot/SpringApplicationBannerPrinter
instanceKlass tools/jackson/core/JsonGenerator
instanceKlass tools/jackson/core/ObjectWriteContext
instanceKlass  @bci org/springframework/boot/DefaultApplicationContextFactory getEnvironmentType (Lorg/springframework/boot/WebApplicationType;)Ljava/lang/Class; 2 <appendix> argL0 ; # org/springframework/boot/DefaultApplicationContextFactory$$Lambda+0x000001faad17aaa0
instanceKlass org/springframework/boot/EnvironmentConverter
instanceKlass tools/jackson/databind/JacksonSerializable$Base
instanceKlass tools/jackson/core/TreeNode
instanceKlass tools/jackson/databind/DatabindContext
instanceKlass  @bci org/springframework/boot/context/properties/bind/JavaBeanBinder$BeanProperty getValue (Ljava/util/function/Supplier;)Ljava/util/function/Supplier; 11 <appendix> member <vmtarget> ; # org/springframework/boot/context/properties/bind/JavaBeanBinder$BeanProperty$$Lambda+0x000001faad177968
instanceKlass  @bci org/springframework/boot/context/properties/bind/JavaBeanBinder determinePropertyName (Lorg/springframework/boot/context/properties/bind/JavaBeanBinder$BeanProperty;)Ljava/lang/String; 51 <appendix> argL0 ; # org/springframework/boot/context/properties/bind/JavaBeanBinder$$Lambda+0x000001faad177730
instanceKlass  @bci org/springframework/boot/context/properties/bind/JavaBeanBinder determinePropertyName (Lorg/springframework/boot/context/properties/bind/JavaBeanBinder$BeanProperty;)Ljava/lang/String; 43 <appendix> member <vmtarget> ; # org/springframework/boot/context/properties/bind/JavaBeanBinder$$Lambda+0x000001faad1774f0
instanceKlass  @bci org/springframework/boot/context/properties/bind/JavaBeanBinder determinePropertyName (Lorg/springframework/boot/context/properties/bind/JavaBeanBinder$BeanProperty;)Ljava/lang/String; 21 <appendix> argL0 ; # org/springframework/boot/context/properties/bind/JavaBeanBinder$$Lambda+0x000001faad1772a8
instanceKlass  @bci org/springframework/boot/context/properties/bind/JavaBeanBinder$Bean getSupplier (Lorg/springframework/boot/context/properties/bind/Bindable;)Lorg/springframework/boot/context/properties/bind/JavaBeanBinder$BeanSupplier; 6 <appendix> member <vmtarget> ; # org/springframework/boot/context/properties/bind/JavaBeanBinder$Bean$$Lambda+0x000001faad177088
instanceKlass org/springframework/boot/context/properties/bind/JavaBeanBinder$BeanSupplier
instanceKlass tools/jackson/core/ObjectReadContext
instanceKlass  @bci org/springframework/boot/context/properties/bind/JavaBeanBinder$BeanProperties addProperties ([Ljava/lang/reflect/Method;[Ljava/lang/reflect/Field;)V 166 <appendix> argL0 ; # org/springframework/boot/context/properties/bind/JavaBeanBinder$BeanProperties$$Lambda+0x000001faad176620
instanceKlass tools/jackson/databind/JacksonSerializable
instanceKlass  @bci org/springframework/boot/context/properties/bind/JavaBeanBinder$BeanProperties addProperties ([Ljava/lang/reflect/Method;[Ljava/lang/reflect/Field;)V 121 <appendix> argL0 ; # org/springframework/boot/context/properties/bind/JavaBeanBinder$BeanProperties$$Lambda+0x000001faad175ff8
instanceKlass  @bci org/springframework/boot/context/properties/bind/JavaBeanBinder$BeanProperties addMethodIfPossible (Ljava/lang/reflect/Method;Ljava/lang/String;ILjava/util/function/BiConsumer;)V 62 <appendix> member <vmtarget> ; # org/springframework/boot/context/properties/bind/JavaBeanBinder$BeanProperties$$Lambda+0x000001faad175db8
instanceKlass tools/jackson/core/type/ResolvedType
instanceKlass java/beans/Introspector$1
instanceKlass jdk/internal/access/JavaBeansAccess
instanceKlass java/beans/FeatureDescriptor
instanceKlass java/beans/Introspector
instanceKlass  @bci org/springframework/boot/context/properties/bind/JavaBeanBinder$BeanProperties addProperties ([Ljava/lang/reflect/Method;[Ljava/lang/reflect/Field;)V 76 <appendix> argL0 ; # org/springframework/boot/context/properties/bind/JavaBeanBinder$BeanProperties$$Lambda+0x000001faad1746b0
instanceKlass org/springframework/boot/context/properties/bind/JavaBeanBinder$BeanProperty
instanceKlass  @bci org/springframework/boot/context/properties/bind/JavaBeanBinder$BeanProperties addProperties (Ljava/lang/Class;)V 40 <appendix> argL0 ; # org/springframework/boot/context/properties/bind/JavaBeanBinder$BeanProperties$$Lambda+0x000001faad16fbc8
instanceKlass tools/jackson/core/TokenStreamFactory
instanceKlass  @bci org/springframework/boot/context/properties/bind/JavaBeanBinder$BeanProperties addProperties (Ljava/lang/Class;)V 35 <appendix> argL0 ; # org/springframework/boot/context/properties/bind/JavaBeanBinder$BeanProperties$$Lambda+0x000001faad16f990
# instanceKlass java/lang/invoke/LambdaForm$MH+0x000001faad172800
# instanceKlass java/lang/invoke/LambdaForm$MH+0x000001faad172400
# instanceKlass java/lang/invoke/LambdaForm$MH+0x000001faad172000
instanceKlass tools/jackson/databind/cfg/MapperBuilder
# instanceKlass org/springframework/boot/context/properties/bind/JavaBeanBinder$BeanProperties$$InjectedInvoker+0x000001faad171c00
instanceKlass java/lang/invoke/MethodHandleImpl$BindCaller$InjectedInvokerHolder
# instanceKlass java/lang/invoke/LambdaForm$MH+0x000001faad171800
instanceKlass java/lang/invoke/MethodHandleImpl$LoopClauses
instanceKlass java/lang/invoke/MethodHandleImpl$CasesHolder
instanceKlass tools/jackson/core/util/Snapshottable
instanceKlass java/lang/invoke/MethodHandleImpl$BindCaller
instanceKlass tools/jackson/databind/ObjectMapper
instanceKlass org/springframework/core/BridgeMethodResolver
instanceKlass  @bci org/springframework/boot/context/properties/bind/JavaBeanBinder$BeanProperties addProperties (Ljava/lang/Class;)V 21 <appendix> argL0 ; # org/springframework/boot/context/properties/bind/JavaBeanBinder$BeanProperties$$Lambda+0x000001faad16d530
instanceKlass  @bci org/springframework/boot/context/properties/bind/JavaBeanBinder$BeanProperties addProperties (Ljava/lang/Class;)V 16 <appendix> member <vmtarget> ; # org/springframework/boot/context/properties/bind/JavaBeanBinder$BeanProperties$$Lambda+0x000001faad16d2f0
# instanceKlass java/lang/invoke/LambdaForm$MH+0x000001faad171400
# instanceKlass java/lang/invoke/LambdaForm$MH+0x000001faad171000
# instanceKlass java/lang/invoke/LambdaForm$MH+0x000001faad170c00
# instanceKlass java/lang/invoke/LambdaForm$MH+0x000001faad170800
# instanceKlass java/lang/invoke/LambdaForm$MH+0x000001faad170400
instanceKlass tools/jackson/core/Versioned
instanceKlass tools/jackson/core/TreeCodec
instanceKlass  @bci java/lang/invoke/BootstrapMethodInvoker invoke (Ljava/lang/Class;Ljava/lang/invoke/MethodHandle;Ljava/lang/String;Ljava/lang/Object;Ljava/lang/Object;Ljava/lang/Class;)Ljava/lang/Object; 862 <adapter> ; # java/lang/invoke/LambdaForm$MH+0x000001faad170000
instanceKlass  @bci org/springframework/boot/context/properties/bind/Bindable withExistingValue (Ljava/lang/Object;)Lorg/springframework/boot/context/properties/bind/Bindable; 64 <appendix> member <vmtarget> ; # org/springframework/boot/context/properties/bind/Bindable$$Lambda+0x000001faad16cad8
instanceKlass  @bci org/springframework/boot/context/properties/bind/Bindable withExistingValue (Ljava/lang/Object;)Lorg/springframework/boot/context/properties/bind/Bindable; 51 <appendix> argL0 ; # org/springframework/boot/context/properties/bind/Bindable$$Lambda+0x000001faad16c8c0
instanceKlass  @bci org/springframework/boot/context/properties/bind/Bindable withExistingValue (Ljava/lang/Object;)Lorg/springframework/boot/context/properties/bind/Bindable; 28 <appendix> member <vmtarget> ; # org/springframework/boot/context/properties/bind/Bindable$$Lambda+0x000001faad16c6a0
instanceKlass org/springframework/boot/autoconfigure/preinitialize/ConversionServiceBackgroundPreinitializer
instanceKlass org/springframework/boot/autoconfigure/preinitialize/CharsetsBackgroundPreinitializer
instanceKlass org/springframework/boot/http/converter/autoconfigure/MessageConverterBackgroundPreinitializer
instanceKlass org/springframework/boot/tomcat/autoconfigure/TomcatBackgroundPreinitializer
instanceKlass org/springframework/boot/jackson/autoconfigure/JacksonBackgroundPreinitializer
instanceKlass org/springframework/boot/autoconfigure/preinitialize/BackgroundPreinitializer
instanceKlass  @bci org/springframework/boot/logging/logback/LogbackLoggingSystem getShutdownHandler ()Ljava/lang/Runnable; 1 <appendix> member <vmtarget> ; # org/springframework/boot/logging/logback/LogbackLoggingSystem$$Lambda+0x000001faad16b3e8
instanceKlass  @bci org/springframework/boot/context/logging/LoggingApplicationListener setLogLevels (Lorg/springframework/boot/logging/LoggingSystem;Lorg/springframework/core/env/ConfigurableEnvironment;)V 40 <appendix> member <vmtarget> ; # org/springframework/boot/context/logging/LoggingApplicationListener$$Lambda+0x000001faad16b1b8
instanceKlass  @bci org/springframework/boot/context/logging/LoggingApplicationListener setLogLevels (Lorg/springframework/boot/logging/LoggingSystem;Lorg/springframework/core/env/ConfigurableEnvironment;)V 23 <appendix> argL0 ; # org/springframework/boot/context/logging/LoggingApplicationListener$$Lambda+0x000001faad16afa0
instanceKlass  @bci org/springframework/boot/context/logging/LoggingApplicationListener getLogLevelConfigurer (Lorg/springframework/boot/logging/LoggingSystem;)Ljava/util/function/BiConsumer; 2 <appendix> member <vmtarget> ; # org/springframework/boot/context/logging/LoggingApplicationListener$$Lambda+0x000001faad16ad70
instanceKlass  @bci org/springframework/boot/context/logging/LoggingApplicationListener bindLoggerGroups (Lorg/springframework/core/env/ConfigurableEnvironment;)V 31 <appendix> member <vmtarget> ; # org/springframework/boot/context/logging/LoggingApplicationListener$$Lambda+0x000001faad16ab40
instanceKlass ch/qos/logback/classic/pattern/TargetLengthBasedClassNameAbbreviator
instanceKlass ch/qos/logback/core/pattern/ConverterUtil
instanceKlass ch/qos/logback/classic/pattern/NamedConverter$CacheMissCalculator
instanceKlass ch/qos/logback/core/pattern/FormatInfo
instanceKlass ch/qos/logback/core/pattern/util/AsIsEscapeUtil
instanceKlass ch/qos/logback/core/pattern/parser/OptionTokenizer
instanceKlass ch/qos/logback/core/pattern/util/RestrictedEscapeUtil
instanceKlass ch/qos/logback/core/pattern/parser/TokenStream
instanceKlass ch/qos/logback/core/pattern/util/RegularEscapeUtil
instanceKlass ch/qos/logback/classic/pattern/EnsureExceptionHandling
instanceKlass  @bci ch/qos/logback/classic/PatternLayout <clinit> ()V 1443 <appendix> argL0 ; # ch/qos/logback/classic/PatternLayout$$Lambda+0x000001faad168558
instanceKlass  @bci ch/qos/logback/classic/PatternLayout <clinit> ()V 1408 <appendix> argL0 ; # ch/qos/logback/classic/PatternLayout$$Lambda+0x000001faad168000
instanceKlass  @bci ch/qos/logback/classic/PatternLayout <clinit> ()V 1391 <appendix> argL0 ; # ch/qos/logback/classic/PatternLayout$$Lambda+0x000001faad167de8
instanceKlass  @bci ch/qos/logback/classic/PatternLayout <clinit> ()V 1356 <appendix> argL0 ; # ch/qos/logback/classic/PatternLayout$$Lambda+0x000001faad1678b0
instanceKlass  @bci ch/qos/logback/classic/PatternLayout <clinit> ()V 1339 <appendix> argL0 ; # ch/qos/logback/classic/PatternLayout$$Lambda+0x000001faad167378
instanceKlass  @bci ch/qos/logback/classic/PatternLayout <clinit> ()V 1322 <appendix> argL0 ; # ch/qos/logback/classic/PatternLayout$$Lambda+0x000001faad166e20
instanceKlass  @bci ch/qos/logback/classic/PatternLayout <clinit> ()V 1305 <appendix> argL0 ; # ch/qos/logback/classic/PatternLayout$$Lambda+0x000001faad1668d0
instanceKlass  @bci ch/qos/logback/classic/PatternLayout <clinit> ()V 1288 <appendix> argL0 ; # ch/qos/logback/classic/PatternLayout$$Lambda+0x000001faad166380
instanceKlass  @bci ch/qos/logback/classic/PatternLayout <clinit> ()V 1271 <appendix> argL0 ; # ch/qos/logback/classic/PatternLayout$$Lambda+0x000001faad165e30
instanceKlass  @bci ch/qos/logback/classic/PatternLayout <clinit> ()V 1254 <appendix> argL0 ; # ch/qos/logback/classic/PatternLayout$$Lambda+0x000001faad1658e0
instanceKlass  @bci ch/qos/logback/classic/PatternLayout <clinit> ()V 1237 <appendix> argL0 ; # ch/qos/logback/classic/PatternLayout$$Lambda+0x000001faad165390
instanceKlass  @bci ch/qos/logback/classic/PatternLayout <clinit> ()V 1220 <appendix> argL0 ; # ch/qos/logback/classic/PatternLayout$$Lambda+0x000001faad164e40
instanceKlass  @bci ch/qos/logback/classic/PatternLayout <clinit> ()V 1204 <appendix> argL0 ; # ch/qos/logback/classic/PatternLayout$$Lambda+0x000001faad1648f0
instanceKlass  @bci ch/qos/logback/classic/PatternLayout <clinit> ()V 1188 <appendix> argL0 ; # ch/qos/logback/classic/PatternLayout$$Lambda+0x000001faad1643a0
instanceKlass  @bci ch/qos/logback/classic/PatternLayout <clinit> ()V 1172 <appendix> argL0 ; # ch/qos/logback/classic/PatternLayout$$Lambda+0x000001faad163e50
instanceKlass  @bci ch/qos/logback/classic/PatternLayout <clinit> ()V 1156 <appendix> argL0 ; # ch/qos/logback/classic/PatternLayout$$Lambda+0x000001faad163900
instanceKlass  @bci ch/qos/logback/classic/PatternLayout <clinit> ()V 1140 <appendix> argL0 ; # ch/qos/logback/classic/PatternLayout$$Lambda+0x000001faad1633b0
instanceKlass  @bci ch/qos/logback/classic/PatternLayout <clinit> ()V 1124 <appendix> argL0 ; # ch/qos/logback/classic/PatternLayout$$Lambda+0x000001faad162e60
instanceKlass  @bci ch/qos/logback/classic/PatternLayout <clinit> ()V 1108 <appendix> argL0 ; # ch/qos/logback/classic/PatternLayout$$Lambda+0x000001faad162910
instanceKlass  @bci ch/qos/logback/classic/PatternLayout <clinit> ()V 1092 <appendix> argL0 ; # ch/qos/logback/classic/PatternLayout$$Lambda+0x000001faad1623c0
instanceKlass  @bci ch/qos/logback/classic/PatternLayout <clinit> ()V 1076 <appendix> argL0 ; # ch/qos/logback/classic/PatternLayout$$Lambda+0x000001faad161e70
instanceKlass  @bci ch/qos/logback/classic/PatternLayout <clinit> ()V 1060 <appendix> argL0 ; # ch/qos/logback/classic/PatternLayout$$Lambda+0x000001faad1615e8
instanceKlass  @bci ch/qos/logback/classic/PatternLayout <clinit> ()V 1044 <appendix> argL0 ; # ch/qos/logback/classic/PatternLayout$$Lambda+0x000001faad1610b0
instanceKlass  @bci ch/qos/logback/classic/PatternLayout <clinit> ()V 1012 <appendix> argL0 ; # ch/qos/logback/classic/PatternLayout$$Lambda+0x000001faad160b80
instanceKlass  @bci ch/qos/logback/classic/PatternLayout <clinit> ()V 980 <appendix> argL0 ; # ch/qos/logback/classic/PatternLayout$$Lambda+0x000001faad160640
instanceKlass  @bci ch/qos/logback/classic/PatternLayout <clinit> ()V 948 <appendix> argL0 ; # ch/qos/logback/classic/PatternLayout$$Lambda+0x000001faad15fd00
instanceKlass  @bci ch/qos/logback/classic/PatternLayout <clinit> ()V 916 <appendix> argL0 ; # ch/qos/logback/classic/PatternLayout$$Lambda+0x000001faad15fae8
instanceKlass  @bci ch/qos/logback/classic/PatternLayout <clinit> ()V 884 <appendix> argL0 ; # ch/qos/logback/classic/PatternLayout$$Lambda+0x000001faad15f598
instanceKlass  @bci ch/qos/logback/classic/PatternLayout <clinit> ()V 868 <appendix> argL0 ; # ch/qos/logback/classic/PatternLayout$$Lambda+0x000001faad15f380
instanceKlass  @bci ch/qos/logback/classic/PatternLayout <clinit> ()V 852 <appendix> argL0 ; # ch/qos/logback/classic/PatternLayout$$Lambda+0x000001faad15ee48
instanceKlass  @bci ch/qos/logback/classic/PatternLayout <clinit> ()V 836 <appendix> argL0 ; # ch/qos/logback/classic/PatternLayout$$Lambda+0x000001faad15ec30
instanceKlass  @bci ch/qos/logback/classic/PatternLayout <clinit> ()V 820 <appendix> argL0 ; # ch/qos/logback/classic/PatternLayout$$Lambda+0x000001faad15e6f0
instanceKlass  @bci ch/qos/logback/classic/PatternLayout <clinit> ()V 804 <appendix> argL0 ; # ch/qos/logback/classic/PatternLayout$$Lambda+0x000001faad15e4d8
instanceKlass  @bci ch/qos/logback/classic/PatternLayout <clinit> ()V 788 <appendix> argL0 ; # ch/qos/logback/classic/PatternLayout$$Lambda+0x000001faad15e2c0
instanceKlass  @bci ch/qos/logback/classic/PatternLayout <clinit> ()V 772 <appendix> argL0 ; # ch/qos/logback/classic/PatternLayout$$Lambda+0x000001faad15e0a8
instanceKlass  @bci ch/qos/logback/classic/PatternLayout <clinit> ()V 756 <appendix> argL0 ; # ch/qos/logback/classic/PatternLayout$$Lambda+0x000001faad15de90
instanceKlass  @bci ch/qos/logback/classic/PatternLayout <clinit> ()V 740 <appendix> argL0 ; # ch/qos/logback/classic/PatternLayout$$Lambda+0x000001faad15dc78
instanceKlass  @bci ch/qos/logback/classic/PatternLayout <clinit> ()V 724 <appendix> argL0 ; # ch/qos/logback/classic/PatternLayout$$Lambda+0x000001faad15d708
instanceKlass  @bci ch/qos/logback/classic/PatternLayout <clinit> ()V 708 <appendix> argL0 ; # ch/qos/logback/classic/PatternLayout$$Lambda+0x000001faad15d4f0
instanceKlass  @bci ch/qos/logback/classic/PatternLayout <clinit> ()V 692 <appendix> argL0 ; # ch/qos/logback/classic/PatternLayout$$Lambda+0x000001faad15d2d8
instanceKlass  @bci ch/qos/logback/classic/PatternLayout <clinit> ()V 676 <appendix> argL0 ; # ch/qos/logback/classic/PatternLayout$$Lambda+0x000001faad15d0c0
instanceKlass  @bci ch/qos/logback/classic/PatternLayout <clinit> ()V 644 <appendix> argL0 ; # ch/qos/logback/classic/PatternLayout$$Lambda+0x000001faad15cb80
instanceKlass  @bci ch/qos/logback/classic/PatternLayout <clinit> ()V 628 <appendix> argL0 ; # ch/qos/logback/classic/PatternLayout$$Lambda+0x000001faad15c968
instanceKlass  @bci ch/qos/logback/classic/PatternLayout <clinit> ()V 596 <appendix> argL0 ; # ch/qos/logback/classic/PatternLayout$$Lambda+0x000001faad15c430
instanceKlass  @bci ch/qos/logback/classic/PatternLayout <clinit> ()V 580 <appendix> argL0 ; # ch/qos/logback/classic/PatternLayout$$Lambda+0x000001faad15c218
instanceKlass  @bci ch/qos/logback/classic/PatternLayout <clinit> ()V 548 <appendix> argL0 ; # ch/qos/logback/classic/PatternLayout$$Lambda+0x000001faad15bce0
instanceKlass  @bci ch/qos/logback/classic/PatternLayout <clinit> ()V 532 <appendix> argL0 ; # ch/qos/logback/classic/PatternLayout$$Lambda+0x000001faad15bac8
instanceKlass  @bci ch/qos/logback/classic/PatternLayout <clinit> ()V 500 <appendix> argL0 ; # ch/qos/logback/classic/PatternLayout$$Lambda+0x000001faad15b590
instanceKlass  @bci ch/qos/logback/classic/PatternLayout <clinit> ()V 484 <appendix> argL0 ; # ch/qos/logback/classic/PatternLayout$$Lambda+0x000001faad15b378
instanceKlass  @bci ch/qos/logback/classic/PatternLayout <clinit> ()V 452 <appendix> argL0 ; # ch/qos/logback/classic/PatternLayout$$Lambda+0x000001faad15ae20
instanceKlass  @bci ch/qos/logback/classic/PatternLayout <clinit> ()V 436 <appendix> argL0 ; # ch/qos/logback/classic/PatternLayout$$Lambda+0x000001faad15ac08
instanceKlass  @bci ch/qos/logback/classic/PatternLayout <clinit> ()V 420 <appendix> argL0 ; # ch/qos/logback/classic/PatternLayout$$Lambda+0x000001faad15a9f0
instanceKlass  @bci ch/qos/logback/classic/PatternLayout <clinit> ()V 388 <appendix> argL0 ; # ch/qos/logback/classic/PatternLayout$$Lambda+0x000001faad15a4b8
instanceKlass  @bci ch/qos/logback/classic/PatternLayout <clinit> ()V 372 <appendix> argL0 ; # ch/qos/logback/classic/PatternLayout$$Lambda+0x000001faad15a2a0
instanceKlass  @bci ch/qos/logback/classic/PatternLayout <clinit> ()V 356 <appendix> argL0 ; # ch/qos/logback/classic/PatternLayout$$Lambda+0x000001faad15a088
instanceKlass ch/qos/logback/classic/pattern/Abbreviator
instanceKlass  @bci ch/qos/logback/classic/PatternLayout <clinit> ()V 324 <appendix> argL0 ; # ch/qos/logback/classic/PatternLayout$$Lambda+0x000001faad1595f8
instanceKlass  @bci ch/qos/logback/classic/PatternLayout <clinit> ()V 308 <appendix> argL0 ; # ch/qos/logback/classic/PatternLayout$$Lambda+0x000001faad1593e0
instanceKlass  @bci ch/qos/logback/classic/PatternLayout <clinit> ()V 276 <appendix> argL0 ; # ch/qos/logback/classic/PatternLayout$$Lambda+0x000001faad158ea8
instanceKlass  @bci ch/qos/logback/classic/PatternLayout <clinit> ()V 260 <appendix> argL0 ; # ch/qos/logback/classic/PatternLayout$$Lambda+0x000001faad158c90
instanceKlass  @bci ch/qos/logback/classic/PatternLayout <clinit> ()V 244 <appendix> argL0 ; # ch/qos/logback/classic/PatternLayout$$Lambda+0x000001faad158a78
instanceKlass  @bci ch/qos/logback/classic/PatternLayout <clinit> ()V 212 <appendix> argL0 ; # ch/qos/logback/classic/PatternLayout$$Lambda+0x000001faad158540
instanceKlass  @bci ch/qos/logback/classic/PatternLayout <clinit> ()V 196 <appendix> argL0 ; # ch/qos/logback/classic/PatternLayout$$Lambda+0x000001faad158328
instanceKlass  @bci ch/qos/logback/classic/PatternLayout <clinit> ()V 164 <appendix> argL0 ; # ch/qos/logback/classic/PatternLayout$$Lambda+0x000001faad151d38
instanceKlass  @bci ch/qos/logback/classic/PatternLayout <clinit> ()V 148 <appendix> argL0 ; # ch/qos/logback/classic/PatternLayout$$Lambda+0x000001faad151b20
instanceKlass  @bci ch/qos/logback/classic/PatternLayout <clinit> ()V 116 <appendix> argL0 ; # ch/qos/logback/classic/PatternLayout$$Lambda+0x000001faad153de8
instanceKlass  @bci ch/qos/logback/classic/PatternLayout <clinit> ()V 100 <appendix> argL0 ; # ch/qos/logback/classic/PatternLayout$$Lambda+0x000001faad153bd0
instanceKlass  @bci ch/qos/logback/classic/PatternLayout <clinit> ()V 68 <appendix> argL0 ; # ch/qos/logback/classic/PatternLayout$$Lambda+0x000001faad153698
instanceKlass  @bci ch/qos/logback/classic/PatternLayout <clinit> ()V 52 <appendix> argL0 ; # ch/qos/logback/classic/PatternLayout$$Lambda+0x000001faad153480
instanceKlass  @bci ch/qos/logback/core/pattern/parser/Parser <clinit> ()V 38 <appendix> argL0 ; # ch/qos/logback/core/pattern/parser/Parser$$Lambda+0x000001faad152f48
instanceKlass  @bci ch/qos/logback/core/pattern/parser/Parser <clinit> ()V 22 <appendix> argL0 ; # ch/qos/logback/core/pattern/parser/Parser$$Lambda+0x000001faad152a00
instanceKlass ch/qos/logback/core/pattern/parser/Token
instanceKlass ch/qos/logback/core/pattern/parser/Node
instanceKlass ch/qos/logback/core/pattern/util/IEscapeUtil
instanceKlass ch/qos/logback/core/pattern/PostCompileProcessor
instanceKlass jdk/internal/logger/DefaultLoggerFinder$1
instanceKlass java/util/logging/Logger$SystemLoggerHelper$1
instanceKlass java/util/logging/Logger$SystemLoggerHelper
instanceKlass ch/qos/logback/classic/jul/JULHelper
instanceKlass java/util/Vector$Itr
instanceKlass ch/qos/logback/core/subst/NodeToStringTransformer$1
instanceKlass ch/qos/logback/core/subst/Node
instanceKlass ch/qos/logback/core/subst/Parser$1
instanceKlass ch/qos/logback/core/subst/Parser
instanceKlass ch/qos/logback/core/subst/Token
instanceKlass ch/qos/logback/core/subst/Tokenizer
instanceKlass ch/qos/logback/core/subst/NodeToStringTransformer
instanceKlass  @bci org/springframework/boot/logging/logback/DefaultLogbackConfiguration defaults (Lorg/springframework/boot/logging/logback/LogbackConfigurator;)V 57 <appendix> argL0 ; # org/springframework/boot/logging/logback/DefaultLogbackConfiguration$$Lambda+0x000001faad14fcf0
instanceKlass  @bci org/springframework/boot/logging/logback/DefaultLogbackConfiguration defaults (Lorg/springframework/boot/logging/logback/LogbackConfigurator;)V 44 <appendix> argL0 ; # org/springframework/boot/logging/logback/DefaultLogbackConfiguration$$Lambda+0x000001faad14fad8
instanceKlass  @bci org/springframework/boot/logging/logback/DefaultLogbackConfiguration defaults (Lorg/springframework/boot/logging/logback/LogbackConfigurator;)V 31 <appendix> argL0 ; # org/springframework/boot/logging/logback/DefaultLogbackConfiguration$$Lambda+0x000001faad14f578
instanceKlass  @bci org/springframework/boot/logging/logback/DefaultLogbackConfiguration defaults (Lorg/springframework/boot/logging/logback/LogbackConfigurator;)V 18 <appendix> argL0 ; # org/springframework/boot/logging/logback/DefaultLogbackConfiguration$$Lambda+0x000001faad14f028
instanceKlass  @bci org/springframework/boot/logging/logback/DefaultLogbackConfiguration defaults (Lorg/springframework/boot/logging/logback/LogbackConfigurator;)V 5 <appendix> argL0 ; # org/springframework/boot/logging/logback/DefaultLogbackConfiguration$$Lambda+0x000001faad14eaf0
instanceKlass  @bci org/apache/catalina/core/StandardContext postWorkDirectory ()V 206 <appendix> form vmentry <vmtarget> ; # java/lang/invoke/LambdaForm$MH+0x000001faad151400
# instanceKlass java/lang/invoke/LambdaForm$MH+0x000001faad151000
# instanceKlass java/lang/invoke/LambdaForm$MH+0x000001faad150c00
instanceKlass  @bci org/apache/catalina/core/ApplicationFilterConfig registerJMX ()V 141 <appendix> argL4 form vmentry <vmtarget> ; # java/lang/invoke/LambdaForm$MH+0x000001faad150800
# instanceKlass java/lang/invoke/LambdaForm$MH+0x000001faad150400
# instanceKlass java/lang/invoke/LambdaForm$MH+0x000001faad150000
# instanceKlass java/lang/invoke/LambdaForm$MH+0x000001faad14dc00
# instanceKlass java/lang/invoke/LambdaForm$MH+0x000001faad14d800
instanceKlass  @bci org/apache/catalina/core/ApplicationFilterConfig registerJMX ()V 141 <appendix> argL1 form vmentry <vmtarget> ; # java/lang/invoke/LambdaForm$MH+0x000001faad14d400
# instanceKlass java/lang/invoke/LambdaForm$MH+0x000001faad14d000
# instanceKlass java/lang/invoke/LambdaForm$MH+0x000001faad14cc00
# instanceKlass java/lang/invoke/LambdaForm$MH+0x000001faad14c800
instanceKlass  @bci java/util/Collections$UnmodifiableMap$UnmodifiableEntrySet entryConsumer (Ljava/util/function/Consumer;)Ljava/util/function/Consumer; 1 <appendix> member <vmtarget> ; # java/util/Collections$UnmodifiableMap$UnmodifiableEntrySet$$Lambda+0x000001faad0fd498
instanceKlass  @bci org/springframework/boot/logging/logback/ColorConverter getName (Lorg/springframework/boot/ansi/AnsiElement;)Ljava/lang/String; 24 <appendix> argL0 ; # org/springframework/boot/logging/logback/ColorConverter$$Lambda+0x000001faad14e8b8
instanceKlass  @bci org/springframework/boot/logging/logback/ColorConverter getName (Lorg/springframework/boot/ansi/AnsiElement;)Ljava/lang/String; 14 <appendix> member <vmtarget> ; # org/springframework/boot/logging/logback/ColorConverter$$Lambda+0x000001faad14e668
instanceKlass java/util/Collections$UnmodifiableMap$UnmodifiableEntrySet$UnmodifiableEntrySetSpliterator
instanceKlass  @bci org/springframework/boot/logging/logback/ColorConverter <clinit> ()V 69 <appendix> member <vmtarget> ; # org/springframework/boot/logging/logback/ColorConverter$$Lambda+0x000001faad14e438
instanceKlass  @bci org/springframework/boot/logging/logback/ColorConverter <clinit> ()V 58 <appendix> argL0 ; # org/springframework/boot/logging/logback/ColorConverter$$Lambda+0x000001faad14e1f0
instanceKlass  @bci org/springframework/boot/logging/logback/ColorConverter <clinit> ()V 42 <appendix> member <vmtarget> ; # org/springframework/boot/logging/logback/ColorConverter$$Lambda+0x000001faad14ba10
instanceKlass  @bci org/springframework/boot/logging/logback/ColorConverter <clinit> ()V 25 <appendix> member <vmtarget> ; # org/springframework/boot/logging/logback/ColorConverter$$Lambda+0x000001faad14b7e0
instanceKlass  @bci org/springframework/boot/logging/logback/ColorConverter <clinit> ()V 14 <appendix> argL0 ; # org/springframework/boot/logging/logback/ColorConverter$$Lambda+0x000001faad14b598
instanceKlass ch/qos/logback/core/rolling/RollingPolicy
instanceKlass org/springframework/boot/logging/logback/DefaultLogbackConfiguration
instanceKlass  @bci org/springframework/boot/logging/logback/LogbackLoggingSystem lambda$loadDefaults$0 (Lch/qos/logback/classic/LoggerContext;Lorg/springframework/boot/logging/LoggingInitializationContext;Lorg/springframework/boot/logging/LogFile;)V 59 <appendix> member <vmtarget> ; # org/springframework/boot/logging/logback/LogbackLoggingSystem$$Lambda+0x000001faad149650
instanceKlass  @cpi org/springframework/web/accept/MappingMediaTypeFileExtensionResolver 162 form vmentry <vmtarget> ; # java/lang/invoke/LambdaForm$DMH+0x000001faad14c400
instanceKlass  @bci org/springframework/boot/logging/logback/SystemStatusListener retrospectivePrint ()V 45 <appendix> member <vmtarget> ; # org/springframework/boot/logging/logback/SystemStatusListener$$Lambda+0x000001faad149420
instanceKlass  @bci org/springframework/boot/logging/logback/SystemStatusListener retrospectivePrint ()V 34 <appendix> member <vmtarget> ; # org/springframework/boot/logging/logback/SystemStatusListener$$Lambda+0x000001faad1491d8
instanceKlass  @cpi org/springframework/boot/logging/logback/SystemStatusListener 142 form vmentry <vmtarget> ; # java/lang/invoke/LambdaForm$DMH+0x000001faad14c000
instanceKlass  @bci org/springframework/boot/logging/logback/LogbackLoggingSystem loadDefaults (Lorg/springframework/boot/logging/LoggingInitializationContext;Lorg/springframework/boot/logging/LogFile;)V 15 <appendix> member <vmtarget> ; # org/springframework/boot/logging/logback/LogbackLoggingSystem$$Lambda+0x000001faad148598
instanceKlass java/util/concurrent/Executors$DefaultThreadFactory
instanceKlass ch/qos/logback/core/util/ExecutorServiceUtil$1
instanceKlass java/util/concurrent/ScheduledExecutorService
instanceKlass ch/qos/logback/core/util/ExecutorServiceUtil
instanceKlass ch/qos/logback/core/LifeCycleManager
instanceKlass  @bci org/springframework/boot/logging/logback/LogbackLoggingSystem putInitializationContextObjects (Lch/qos/logback/classic/LoggerContext;Lorg/springframework/boot/logging/LoggingInitializationContext;)V 3 <appendix> member <vmtarget> ; # org/springframework/boot/logging/logback/LogbackLoggingSystem$$Lambda+0x000001faad147840
instanceKlass org/springframework/boot/logging/LoggingInitializationContext
instanceKlass org/springframework/boot/logging/LoggerGroup
instanceKlass  @bci org/springframework/boot/logging/LoggerGroups putAll (Ljava/util/Map;)V 2 <appendix> member <vmtarget> ; # org/springframework/boot/logging/LoggerGroups$$Lambda+0x000001faad1471f8
instanceKlass org/springframework/boot/logging/LoggerGroups
instanceKlass org/springframework/boot/logging/LogFile
instanceKlass  @bci org/springframework/boot/logging/LoggingSystemProperties apply (Lorg/springframework/boot/logging/LogFile;Lorg/springframework/core/env/PropertyResolver;)V 83 <appendix> member <vmtarget> ; # org/springframework/boot/logging/LoggingSystemProperties$$Lambda+0x000001faad146730
instanceKlass  @bci org/springframework/boot/logging/LoggingSystemProperties apply (Lorg/springframework/boot/logging/LogFile;Lorg/springframework/core/env/PropertyResolver;)V 69 <appendix> member <vmtarget> ; # org/springframework/boot/logging/LoggingSystemProperties$$Lambda+0x000001faad1464f0
instanceKlass  @bci org/springframework/boot/logging/LoggingSystemProperties setSystemProperty (Lorg/springframework/boot/logging/LoggingSystemProperty;Lorg/springframework/core/env/PropertyResolver;Ljava/lang/String;)V 4 <appendix> argL0 ; # org/springframework/boot/logging/LoggingSystemProperties$$Lambda+0x000001faad1462b8
instanceKlass java/io/Console$1
instanceKlass jdk/internal/access/JavaIOAccess
instanceKlass  @bci java/io/Console lambda$instantiateConsole$3 (Z)Ljava/io/Console; 66 <appendix> argL0 ; # java/io/Console$$Lambda+0x000001faad0fc2e8
instanceKlass jdk/internal/org/jline/JdkConsoleProviderImpl$JdkConsoleImpl
instanceKlass  @bci jdk/internal/org/jline/terminal/TerminalBuilder build ()Ljdk/internal/org/jline/terminal/Terminal; 36 <appendix> member <vmtarget> ; # jdk/internal/org/jline/terminal/TerminalBuilder$$Lambda+0x000001faad145678
instanceKlass  @bci jdk/internal/org/jline/utils/InfoCmp getCapabilitiesByName ()Ljava/util/Map; 70 <appendix> member <vmtarget> ; # jdk/internal/org/jline/utils/InfoCmp$$Lambda+0x000001faad145448
instanceKlass  @bci jdk/internal/org/jline/utils/InfoCmp getCapabilitiesByName ()Ljava/util/Map; 59 <appendix> argL0 ; # jdk/internal/org/jline/utils/InfoCmp$$Lambda+0x000001faad145200
instanceKlass  @bci jdk/internal/org/jline/utils/InfoCmp getCapabilitiesByName ()Ljava/util/Map; 49 <appendix> argL0 ; # jdk/internal/org/jline/utils/InfoCmp$$Lambda+0x000001faad144fb8
instanceKlass  @bci jdk/internal/org/jline/utils/InfoCmp getCapabilitiesByName ()Ljava/util/Map; 39 <appendix> argL0 ; # jdk/internal/org/jline/utils/InfoCmp$$Lambda+0x000001faad144d80
instanceKlass  @bci java/util/stream/Collectors joining (Ljava/lang/CharSequence;Ljava/lang/CharSequence;Ljava/lang/CharSequence;)Ljava/util/stream/Collector; 22 <appendix> argL0 ; # java/util/stream/Collectors$$Lambda+0x800000044
instanceKlass  @bci java/util/stream/Collectors joining (Ljava/lang/CharSequence;Ljava/lang/CharSequence;Ljava/lang/CharSequence;)Ljava/util/stream/Collector; 17 <appendix> argL0 ; # java/util/stream/Collectors$$Lambda+0x800000042
instanceKlass  @bci java/util/stream/Collectors joining (Ljava/lang/CharSequence;Ljava/lang/CharSequence;Ljava/lang/CharSequence;)Ljava/util/stream/Collector; 12 <appendix> argL0 ; # java/util/stream/Collectors$$Lambda+0x80000003f
instanceKlass  @bci java/util/stream/Collectors joining (Ljava/lang/CharSequence;Ljava/lang/CharSequence;Ljava/lang/CharSequence;)Ljava/util/stream/Collector; 7 <appendix> member <vmtarget> ; # java/util/stream/Collectors$$Lambda+0x800000047
instanceKlass java/io/BufferedReader$1
instanceKlass  @bci jdk/internal/module/SystemModuleFinders$SystemModuleReader open (Ljava/lang/String;)Ljava/util/Optional; 6 <appendix> member <vmtarget> ; # jdk/internal/module/SystemModuleFinders$SystemModuleReader$$Lambda+0x000001faad0fb288
instanceKlass  @bci jdk/internal/org/jline/utils/InfoCmp <clinit> ()V 139 <appendix> member <vmtarget> ; # jdk/internal/org/jline/utils/InfoCmp$$Lambda+0x000001faad144908
instanceKlass jdk/internal/org/jline/utils/InfoCmp
instanceKlass jdk/internal/org/jline/terminal/Size
instanceKlass jdk/internal/org/jline/terminal/Attributes
instanceKlass java/io/PrintWriter$1
instanceKlass jdk/internal/access/JavaIOPrintWriterAccess
instanceKlass jdk/internal/org/jline/utils/NonBlocking
instanceKlass jdk/internal/org/jline/terminal/MouseEvent
instanceKlass jdk/internal/org/jline/utils/Colors
instanceKlass jdk/internal/org/jline/utils/ColorPalette
instanceKlass java/lang/ProcessHandleImpl$Info
instanceKlass java/util/concurrent/CompletableFuture
instanceKlass java/util/concurrent/CompletionStage
instanceKlass java/util/concurrent/Future
instanceKlass java/lang/ProcessHandle$Info
instanceKlass jdk/internal/org/jline/terminal/impl/jna/win/JnaWinSysTerminal$1
instanceKlass jdk/internal/org/jline/terminal/impl/jna/win/Kernel32$UnionChar
instanceKlass jdk/internal/org/jline/terminal/impl/jna/win/Kernel32$SMALL_RECT
instanceKlass jdk/internal/org/jline/terminal/impl/jna/win/Kernel32$FOCUS_EVENT_RECORD
instanceKlass jdk/internal/org/jline/terminal/impl/jna/win/Kernel32$MENU_EVENT_RECORD
instanceKlass jdk/internal/org/jline/terminal/impl/jna/win/Kernel32$WINDOW_BUFFER_SIZE_RECORD
instanceKlass jdk/internal/org/jline/terminal/impl/jna/win/Kernel32$MOUSE_EVENT_RECORD
instanceKlass jdk/internal/org/jline/terminal/impl/jna/win/Kernel32$KEY_EVENT_RECORD
instanceKlass jdk/internal/org/jline/terminal/impl/jna/win/Kernel32$INPUT_RECORD$EventUnion
instanceKlass jdk/internal/org/jline/terminal/impl/jna/win/Kernel32$INPUT_RECORD
instanceKlass jdk/internal/org/jline/terminal/impl/jna/win/Kernel32$COORD
instanceKlass jdk/internal/org/jline/terminal/impl/jna/win/Kernel32$CONSOLE_SCREEN_BUFFER_INFO
instanceKlass jdk/internal/org/jline/terminal/impl/jna/win/Kernel32$CONSOLE_CURSOR_INFO
instanceKlass jdk/internal/org/jline/terminal/impl/jna/win/Kernel32$CHAR_INFO
instanceKlass jdk/internal/org/jline/terminal/impl/jna/win/IntByReference
instanceKlass jdk/internal/org/jline/terminal/impl/jna/win/Pointer
instanceKlass jdk/internal/org/jline/terminal/impl/jna/win/Kernel32Impl
instanceKlass jdk/internal/org/jline/terminal/impl/jna/win/Kernel32
instanceKlass jdk/internal/org/jline/terminal/impl/AbstractTerminal
instanceKlass sun/nio/fs/WindowsLinkSupport
instanceKlass sun/nio/fs/WindowsFileSystemProvider$1
instanceKlass jdk/internal/org/jline/utils/OSUtils
instanceKlass  @bci jdk/internal/org/jline/terminal/TerminalBuilder lambda$doBuild$6 (Ljava/util/List;Ljdk/internal/org/jline/terminal/spi/TerminalProvider$Stream;)Ljava/lang/Boolean; 7 <appendix> member <vmtarget> ; # jdk/internal/org/jline/terminal/TerminalBuilder$$Lambda+0x000001faad13d988
instanceKlass  @bci java/util/stream/Collectors uniqKeysMapMerger ()Ljava/util/function/BinaryOperator; 0 <appendix> argL0 ; # java/util/stream/Collectors$$Lambda+0x000001faad0f88a8
instanceKlass  @bci java/util/stream/Collectors uniqKeysMapAccumulator (Ljava/util/function/Function;Ljava/util/function/Function;)Ljava/util/function/BiConsumer; 2 <appendix> member <vmtarget> ; # java/util/stream/Collectors$$Lambda+0x000001faad0f8678
instanceKlass  @bci java/util/stream/Collectors toMap (Ljava/util/function/Function;Ljava/util/function/Function;)Ljava/util/stream/Collector; 4 <appendix> argL0 ; # java/util/stream/Collectors$$Lambda+0x000001faad0f8460
instanceKlass  @bci jdk/internal/org/jline/terminal/TerminalBuilder doBuild ()Ljdk/internal/org/jline/terminal/Terminal; 866 <appendix> member <vmtarget> ; # jdk/internal/org/jline/terminal/TerminalBuilder$$Lambda+0x000001faad13d748
instanceKlass  @bci jdk/internal/org/jline/terminal/TerminalBuilder doBuild ()Ljdk/internal/org/jline/terminal/Terminal; 859 <appendix> argL0 ; # jdk/internal/org/jline/terminal/TerminalBuilder$$Lambda+0x000001faad13d510
instanceKlass jdk/internal/org/jline/utils/Log
instanceKlass jdk/internal/org/jline/terminal/impl/jna/JnaTerminalProvider
instanceKlass jdk/internal/org/jline/terminal/spi/TerminalProvider
instanceKlass jdk/internal/org/jline/terminal/impl/NativeSignalHandler
instanceKlass jdk/internal/org/jline/terminal/Terminal$SignalHandler
instanceKlass  @bci jdk/internal/org/jline/terminal/TerminalBuilder <init> ()V 10 <appendix> argL0 ; # jdk/internal/org/jline/terminal/TerminalBuilder$$Lambda+0x000001faad13c000
instanceKlass jdk/internal/org/jline/terminal/Terminal
instanceKlass jdk/internal/org/jline/terminal/TerminalBuilder
instanceKlass jdk/internal/org/jline/JdkConsoleProviderImpl
instanceKlass jdk/jshell/execution/impl/ConsoleImpl$ConsoleProviderImpl
instanceKlass jdk/internal/module/ModulePatcher$PatchedModuleReader
instanceKlass  @bci java/io/Console lambda$instantiateConsole$3 (Z)Ljava/io/Console; 51 <appendix> argL0 ; # java/io/Console$$Lambda+0x000001faad0f7d08
instanceKlass  @bci java/io/Console lambda$instantiateConsole$3 (Z)Ljava/io/Console; 41 <appendix> member <vmtarget> ; # java/io/Console$$Lambda+0x000001faad0f7ad0
instanceKlass  @cpi java/io/Console 263 form vmentry <vmtarget> ; # java/lang/invoke/LambdaForm$DMH+0x000001faad138400
instanceKlass jdk/internal/io/JdkConsole
instanceKlass  @bci java/io/Console lambda$instantiateConsole$3 (Z)Ljava/io/Console; 30 <appendix> member <vmtarget> ; # java/io/Console$$Lambda+0x000001faad0f7688
instanceKlass  @bci java/io/Console lambda$instantiateConsole$3 (Z)Ljava/io/Console; 19 <appendix> argL0 ; # java/io/Console$$Lambda+0x000001faad0f7450
instanceKlass java/util/ServiceLoader$ProviderSpliterator
instanceKlass java/util/ServiceLoader$LayerLookupIterator
instanceKlass jdk/internal/io/JdkConsoleProvider
instanceKlass  @bci java/io/Console instantiateConsole (Z)Ljava/io/Console; 1 <appendix> member <vmtarget> ; # java/io/Console$$Lambda+0x000001faad0f6b60
instanceKlass  @cpi java/io/Console 243 form vmentry <vmtarget> ; # java/lang/invoke/LambdaForm$DMH+0x000001faad138000
instanceKlass java/io/Console
instanceKlass org/springframework/core/convert/support/ConversionUtils
instanceKlass java/lang/foreign/MemorySegment
instanceKlass java/util/concurrent/ConcurrentLinkedDeque$AbstractItr
instanceKlass org/springframework/core/convert/support/GenericConversionService$ConverterCacheKey
instanceKlass  @bci org/springframework/core/env/AbstractPropertyResolver doResolvePlaceholders (Ljava/lang/String;Lorg/springframework/util/PropertyPlaceholderHelper;)Ljava/lang/String; 3 <appendix> member <vmtarget> ; # org/springframework/core/env/AbstractPropertyResolver$$Lambda+0x000001faad131000
instanceKlass  @cpi org/springframework/boot/webmvc/autoconfigure/WebMvcAutoConfiguration$WebMvcAutoConfigurationAdapter 768 form vmentry <vmtarget> ; # java/lang/invoke/LambdaForm$DMH+0x000001faad130c00
instanceKlass org/springframework/boot/context/properties/source/ConfigurationProperty
instanceKlass org/springframework/boot/origin/PropertySourceOrigin
instanceKlass  @bci org/springframework/boot/logging/LoggingSystemProperties setSystemProperty (Lorg/springframework/boot/logging/LoggingSystemProperty;Lorg/springframework/core/env/PropertyResolver;)V 3 <appendix> argL0 ; # org/springframework/boot/logging/LoggingSystemProperties$$Lambda+0x000001faad133920
instanceKlass  @bci org/springframework/boot/logging/AbstractLoggingSystem getDefaultValueResolver (Lorg/springframework/core/env/Environment;)Ljava/util/function/Function; 7 <appendix> member <vmtarget> ; # org/springframework/boot/logging/AbstractLoggingSystem$$Lambda+0x000001faad1332b0
instanceKlass  @bci org/springframework/boot/logging/LoggingSystemProperties <clinit> ()V 0 <appendix> argL0 ; # org/springframework/boot/logging/LoggingSystemProperties$$Lambda+0x000001faad133088
instanceKlass  @cpi org/springframework/boot/logging/LoggingSystemProperties 332 form vmentry <vmtarget> ; # java/lang/invoke/LambdaForm$DMH+0x000001faad130800
instanceKlass org/springframework/boot/ansi/AnsiElement
instanceKlass  @bci org/springframework/boot/support/AnsiOutputApplicationListener onApplicationEvent (Lorg/springframework/boot/context/event/ApplicationEnvironmentPreparedEvent;)V 16 <appendix> argL0 ; # org/springframework/boot/support/AnsiOutputApplicationListener$$Lambda+0x000001faad132440
instanceKlass org/springframework/boot/ansi/AnsiOutput
instanceKlass  @bci org/springframework/boot/devtools/env/DevToolsHomePropertiesPostProcessor postProcessEnvironment (Lorg/springframework/core/env/ConfigurableEnvironment;Lorg/springframework/boot/SpringApplication;)V 47 <appendix> member <vmtarget> ; # org/springframework/boot/devtools/env/DevToolsHomePropertiesPostProcessor$$Lambda+0x000001faad137cc8
instanceKlass  @bci org/springframework/boot/devtools/env/DevToolsHomePropertiesPostProcessor postProcessEnvironment (Lorg/springframework/core/env/ConfigurableEnvironment;Lorg/springframework/boot/SpringApplication;)V 27 <appendix> argL0 ; # org/springframework/boot/devtools/env/DevToolsHomePropertiesPostProcessor$$Lambda+0x000001faad137a90
instanceKlass  @bci org/springframework/boot/devtools/env/DevToolsHomePropertiesPostProcessor getHomeDirectory ()Ljava/io/File; 26 <appendix> member <vmtarget> ; # org/springframework/boot/devtools/env/DevToolsHomePropertiesPostProcessor$$Lambda+0x000001faad137870
instanceKlass  @bci org/springframework/boot/devtools/env/DevToolsHomePropertiesPostProcessor getHomeDirectory ()Ljava/io/File; 17 <appendix> member <vmtarget> ; # org/springframework/boot/devtools/env/DevToolsHomePropertiesPostProcessor$$Lambda+0x000001faad137650
instanceKlass  @bci org/springframework/boot/devtools/env/DevToolsHomePropertiesPostProcessor getHomeDirectory ()Ljava/io/File; 8 <appendix> member <vmtarget> ; # org/springframework/boot/devtools/env/DevToolsHomePropertiesPostProcessor$$Lambda+0x000001faad137430
instanceKlass  @bci org/springframework/boot/devtools/env/DevToolsHomePropertiesPostProcessor getPropertySources ()Ljava/util/List; 40 <appendix> member <vmtarget> ; # org/springframework/boot/devtools/env/DevToolsHomePropertiesPostProcessor$$Lambda+0x000001faad1371f0
instanceKlass  @bci org/springframework/boot/context/config/InvalidConfigDataPropertyException throwIfPropertyFound (Lorg/springframework/boot/context/config/ConfigDataEnvironmentContributor;)V 14 <appendix> member <vmtarget> ; # org/springframework/boot/context/config/InvalidConfigDataPropertyException$$Lambda+0x000001faad136fc0
instanceKlass  @bci org/springframework/boot/context/config/ConfigDataEnvironmentContributor hasAnyProfileSpecificChildren (Ljava/util/List;)Z 73 <appendix> argL0 ; # org/springframework/boot/context/config/ConfigDataEnvironmentContributor$$Lambda+0x000001faad136b08
instanceKlass  @bci org/springframework/boot/context/config/ConfigDataLocationResolvers resolve (Lorg/springframework/boot/context/config/ConfigDataLocationResolver;Lorg/springframework/boot/context/config/ConfigDataLocationResolverContext;Lorg/springframework/boot/context/config/ConfigDataLocation;Lorg/springframework/boot/context/config/Profiles;)Ljava/util/List; 32 <appendix> member <vmtarget> ; # org/springframework/boot/context/config/ConfigDataLocationResolvers$$Lambda+0x000001faad1368e8
instanceKlass  @bci org/springframework/boot/context/config/Profiles expandProfiles (Ljava/util/List;)Ljava/util/List; 92 <appendix> member <vmtarget> ; # org/springframework/boot/context/config/Profiles$$Lambda+0x000001faad1366b8
instanceKlass  @bci org/springframework/boot/context/config/Profiles expandProfiles (Ljava/util/List;)Ljava/util/List; 19 <appendix> member <vmtarget> ; # org/springframework/boot/context/config/Profiles$$Lambda+0x000001faad136488
instanceKlass  @cpi org/springframework/boot/web/server/servlet/ServletContextInitializers$SessionConfiguringInitializer 198 form vmentry <vmtarget> ; # java/lang/invoke/LambdaForm$DMH+0x000001faad130400
instanceKlass  @bci org/springframework/boot/context/config/Profiles getProfiles (Lorg/springframework/core/env/Environment;Lorg/springframework/boot/context/properties/bind/Binder;Lorg/springframework/boot/context/config/ProfilesValidator;Lorg/springframework/boot/context/config/Profiles$Type;)Ljava/util/Collection; 42 <appendix> member <vmtarget> ; # org/springframework/boot/context/config/Profiles$$Lambda+0x000001faad136268
instanceKlass  @bci org/springframework/boot/context/config/Profiles$Type <clinit> ()V 33 <appendix> argL0 ; # org/springframework/boot/context/config/Profiles$Type$$Lambda+0x000001faad135e40
instanceKlass  @bci org/springframework/boot/context/config/Profiles$Type <clinit> ()V 9 <appendix> argL0 ; # org/springframework/boot/context/config/Profiles$Type$$Lambda+0x000001faad135c08
instanceKlass  @bci org/springframework/boot/context/config/Profiles <init> (Lorg/springframework/core/env/Environment;Lorg/springframework/boot/context/properties/bind/Binder;Ljava/util/Collection;)V 37 <appendix> argL0 ; # org/springframework/boot/context/config/Profiles$$Lambda+0x000001faad1357a8
instanceKlass org/springframework/boot/context/properties/bind/MapBinder$EntryBinder
instanceKlass  @bci org/springframework/boot/context/properties/bind/MapBinder bindAggregate (Lorg/springframework/boot/context/properties/source/ConfigurationPropertyName;Lorg/springframework/boot/context/properties/bind/Bindable;Lorg/springframework/boot/context/properties/bind/AggregateElementBinder;)Ljava/lang/Object; 217 <appendix> member <vmtarget> ; # org/springframework/boot/context/properties/bind/MapBinder$$Lambda+0x000001faad135348
instanceKlass org/springframework/core/CollectionFactory
instanceKlass  @bci org/springframework/boot/context/config/ProfilesValidator validate (Ljava/lang/Object;)V 22 <appendix> member <vmtarget> ; # org/springframework/boot/context/config/ProfilesValidator$$Lambda+0x000001faad134668
instanceKlass  @bci org/springframework/boot/context/config/Profiles <init> (Lorg/springframework/core/env/Environment;Lorg/springframework/boot/context/properties/bind/Binder;Ljava/util/Collection;)V 17 <appendix> argL0 ; # org/springframework/boot/context/config/Profiles$$Lambda+0x000001faad134450
instanceKlass  @bci org/springframework/boot/context/config/ConfigDataEnvironment getIncludedProfiles (Lorg/springframework/boot/context/config/ConfigDataEnvironmentContributors;Lorg/springframework/boot/context/config/ConfigDataActivationContext;)Ljava/util/Collection; 117 <appendix> member <vmtarget> ; # org/springframework/boot/context/config/ConfigDataEnvironment$$Lambda+0x000001faad134220
instanceKlass  @bci org/springframework/boot/context/properties/bind/CollectionBinder bindAggregate (Lorg/springframework/boot/context/properties/source/ConfigurationPropertyName;Lorg/springframework/boot/context/properties/bind/Bindable;Lorg/springframework/boot/context/properties/bind/AggregateElementBinder;)Ljava/lang/Object; 38 <appendix> member <vmtarget> ; # org/springframework/boot/context/properties/bind/CollectionBinder$$Lambda+0x000001faad134000
instanceKlass org/springframework/boot/context/config/ProfilesValidator
instanceKlass org/springframework/boot/context/config/Profiles
instanceKlass  @bci org/springframework/boot/context/config/ConfigDataEnvironment withProfiles (Lorg/springframework/boot/context/config/ConfigDataEnvironmentContributors;Lorg/springframework/boot/context/config/ConfigDataActivationContext;)Lorg/springframework/boot/context/config/ConfigDataActivationContext; 14 <appendix> argL0 ; # org/springframework/boot/context/config/ConfigDataEnvironment$$Lambda+0x000001faad12f880
instanceKlass  @bci org/springframework/boot/cloud/CloudPlatform$7 isDetected (Lorg/springframework/core/env/Environment;)Z 15 <appendix> member <vmtarget> ; # org/springframework/boot/cloud/CloudPlatform$7$$Lambda+0x000001faad12f630
instanceKlass  @bci org/springframework/boot/context/config/ConfigDataEnvironmentContributors getBinderSources (Ljava/util/function/Predicate;)Ljava/util/Iterator; 24 <appendix> argL0 ; # org/springframework/boot/context/config/ConfigDataEnvironmentContributors$$Lambda+0x000001faad12f3f8
instanceKlass  @bci org/springframework/boot/context/config/ConfigDataEnvironmentContributors getBinderSources (Ljava/util/function/Predicate;)Ljava/util/Iterator; 8 <appendix> member <vmtarget> ; # org/springframework/boot/context/config/ConfigDataEnvironmentContributors$$Lambda+0x000001faad12f1a8
instanceKlass java/util/Spliterators$IteratorSpliterator
instanceKlass  @bci java/util/function/Predicate and (Ljava/util/function/Predicate;)Ljava/util/function/Predicate; 7 <appendix> member <vmtarget> ; # java/util/function/Predicate$$Lambda+0x000001faad0f4aa8
instanceKlass  @cpi java/util/function/Predicate 72 form vmentry <vmtarget> ; # java/lang/invoke/LambdaForm$DMH+0x000001faad130000
instanceKlass  @bci org/springframework/boot/context/config/ConfigDataEnvironmentContributors lambda$getBinder$0 (Ljava/util/function/Predicate;ZLorg/springframework/boot/context/config/ConfigDataActivationContext;)Ljava/util/Iterator; 4 <appendix> form vmentry <vmtarget> ; # java/lang/invoke/LambdaForm$DMH+0x000001faad12dc00
instanceKlass  @bci org/springframework/boot/context/config/ConfigDataEnvironmentContributors lambda$getBinder$0 (Ljava/util/function/Predicate;ZLorg/springframework/boot/context/config/ConfigDataActivationContext;)Ljava/util/Iterator; 4 <appendix> member <vmtarget> ; # org/springframework/boot/context/config/ConfigDataEnvironmentContributors$$Lambda+0x000001faad12ef58
instanceKlass  @cpi org/springframework/boot/context/config/ConfigDataEnvironmentContributors 513 form vmentry <vmtarget> ; # java/lang/invoke/LambdaForm$DMH+0x000001faad12d800
instanceKlass org/springframework/boot/context/config/ConfigDataEnvironmentContributors$InactiveSourceChecker
instanceKlass  @bci org/springframework/boot/context/config/ConfigDataEnvironmentContributors getBinder (Lorg/springframework/boot/context/config/ConfigDataActivationContext;Ljava/util/function/Predicate;Ljava/util/Set;)Lorg/springframework/boot/context/properties/bind/Binder; 16 <adapter> ; # java/lang/invoke/LambdaForm$MH+0x000001faad12d400
# instanceKlass java/lang/invoke/LambdaForm$DMH+0x000001faad12d000
instanceKlass  @bci org/springframework/boot/context/config/ConfigDataEnvironmentContributors getBinder (Lorg/springframework/boot/context/config/ConfigDataActivationContext;Ljava/util/function/Predicate;Ljava/util/Set;)Lorg/springframework/boot/context/properties/bind/Binder; 16 <appendix> form vmentry <vmtarget> ; # java/lang/invoke/LambdaForm$DMH+0x000001faad12cc00
instanceKlass  @bci org/springframework/boot/context/config/ConfigDataEnvironmentContributors getBinder (Lorg/springframework/boot/context/config/ConfigDataActivationContext;Ljava/util/function/Predicate;Ljava/util/Set;)Lorg/springframework/boot/context/properties/bind/Binder; 16 <appendix> member <vmtarget> ; # org/springframework/boot/context/config/ConfigDataEnvironmentContributors$$Lambda+0x000001faad12eab0
instanceKlass  @cpi org/springframework/context/support/DefaultLifecycleProcessor 596 form vmentry <vmtarget> ; # java/lang/invoke/LambdaForm$DMH+0x000001faad12c800
instanceKlass org/springframework/boot/context/properties/bind/DefaultValue
instanceKlass org/springframework/boot/context/properties/bind/DataObjectPropertyName
instanceKlass org/springframework/boot/context/properties/bind/ValueObjectBinder$ConstructorParameter
instanceKlass org/springframework/core/SerializableTypeWrapper$MethodInvokeTypeProvider
instanceKlass  @bci java/lang/reflect/Proxy getProxyConstructor (Ljava/lang/Class;Ljava/lang/ClassLoader;[Ljava/lang/Class;)Ljava/lang/reflect/Constructor; 80 <appendix> argL0 ; # java/lang/reflect/Proxy$$Lambda+0x000001faad0f4880
instanceKlass org/springframework/core/SerializableTypeWrapper$TypeProxyInvocationHandler
instanceKlass sun/reflect/generics/tree/MethodTypeSignature
instanceKlass sun/reflect/generics/tree/VoidDescriptor
instanceKlass org/springframework/core/SerializableTypeWrapper$MethodParameterTypeProvider
instanceKlass  @bci org/springframework/core/MethodParameter validateIndex (Ljava/lang/reflect/Executable;I)I 21 <appendix> member <vmtarget> ; # org/springframework/core/MethodParameter$$Lambda+0x000001faad123890
instanceKlass org/springframework/core/MethodParameter
instanceKlass org/springframework/boot/context/properties/bind/Name
instanceKlass  @bci org/springframework/boot/context/properties/bind/DefaultBindConstructorProvider$Constructors getConstructors (Ljava/lang/Class;Z)Lorg/springframework/boot/context/properties/bind/DefaultBindConstructorProvider$Constructors; 123 <appendix> member <vmtarget> ; # org/springframework/boot/context/properties/bind/DefaultBindConstructorProvider$Constructors$$Lambda+0x000001faad122990
instanceKlass org/springframework/boot/context/properties/bind/ConstructorBinding
instanceKlass  @bci org/springframework/boot/context/properties/bind/DefaultBindConstructorProvider$Constructors getCandidateConstructors (Ljava/lang/Class;)[Ljava/lang/reflect/Constructor; 29 <appendix> argL0 ; # org/springframework/boot/context/properties/bind/DefaultBindConstructorProvider$Constructors$$Lambda+0x000001faad122390
instanceKlass  @bci org/springframework/boot/context/properties/bind/DefaultBindConstructorProvider$Constructors getCandidateConstructors (Ljava/lang/Class;)[Ljava/lang/reflect/Constructor; 19 <appendix> argL0 ; # org/springframework/boot/context/properties/bind/DefaultBindConstructorProvider$Constructors$$Lambda+0x000001faad122148
instanceKlass org/springframework/beans/factory/annotation/Autowired
instanceKlass  @bci java/util/stream/MatchOps makeRef (Ljava/util/function/Predicate;Ljava/util/stream/MatchOps$MatchKind;)Ljava/util/stream/TerminalOp; 20 <appendix> member <vmtarget> ; # java/util/stream/MatchOps$$Lambda+0x000001faad0f32d8
instanceKlass  @bci org/springframework/boot/context/properties/bind/DefaultBindConstructorProvider$Constructors isAutowiredPresent (Ljava/lang/Class;)Z 17 <appendix> argL0 ; # org/springframework/boot/context/properties/bind/DefaultBindConstructorProvider$Constructors$$Lambda+0x000001faad121d08
instanceKlass  @bci org/springframework/boot/context/properties/bind/DefaultBindConstructorProvider$Constructors isAutowiredPresent (Ljava/lang/Class;)Z 7 <appendix> argL0 ; # org/springframework/boot/context/properties/bind/DefaultBindConstructorProvider$Constructors$$Lambda+0x000001faad121ad0
instanceKlass org/springframework/boot/context/config/ConfigDataProperties$Activate
instanceKlass org/springframework/boot/context/properties/bind/DefaultBindConstructorProvider$Constructors
instanceKlass  @bci org/springframework/expression/spel/support/ReflectivePropertyAccessor$PropertyCacheKey hashCode ()I 1 <adapter> ; # java/lang/invoke/LambdaForm$MH+0x000001faad12c400
instanceKlass  @bci org/springframework/expression/spel/support/ReflectivePropertyAccessor$PropertyCacheKey hashCode ()I 1 <appendix> form vmentry <vmtarget> ; # java/lang/invoke/LambdaForm$MH+0x000001faad12c000
# instanceKlass java/lang/invoke/LambdaForm$MH+0x000001faad12bc00
# instanceKlass java/lang/invoke/LambdaForm$MH+0x000001faad12b800
instanceKlass  @bci org/springframework/expression/spel/support/ReflectivePropertyAccessor$PropertyCacheKey hashCode ()I 1 <appendix> form names 7 function resolvedHandle form vmentry <vmtarget> ; # java/lang/invoke/LambdaForm$DMH+0x000001faad12b400
instanceKlass  @bci org/springframework/expression/spel/support/ReflectivePropertyAccessor$PropertyCacheKey hashCode ()I 1 <appendix> argL2 argL1 form vmentry <vmtarget> ; # java/lang/invoke/LambdaForm$MH+0x000001faad12b000
instanceKlass  @bci org/springframework/expression/spel/support/ReflectivePropertyAccessor$PropertyCacheKey hashCode ()I 1 <appendix> argL2 argL2 argL2 form vmentry <vmtarget> ; # java/lang/invoke/LambdaForm$MH+0x000001faad12ac00
instanceKlass  @bci java/lang/runtime/ObjectMethods bootstrap (Ljava/lang/invoke/MethodHandles$Lookup;Ljava/lang/String;Ljava/lang/invoke/TypeDescriptor;Ljava/lang/Class;Ljava/lang/String;[Ljava/lang/invoke/MethodHandle;)Ljava/lang/Object; 37 <appendix> argL0 ; # java/lang/runtime/ObjectMethods$$Lambda+0x000001faad0f30b0
instanceKlass java/lang/invoke/DirectMethodHandle$1
# instanceKlass java/lang/invoke/LambdaForm$DMH+0x000001faad12a800
# instanceKlass java/lang/invoke/LambdaForm$DMH+0x000001faad12a400
# instanceKlass java/lang/invoke/LambdaForm$DMH+0x000001faad12a000
# instanceKlass java/lang/invoke/LambdaForm$DMH+0x000001faad129c00
# instanceKlass java/lang/invoke/LambdaForm$DMH+0x000001faad129800
# instanceKlass java/lang/invoke/LambdaForm$DMH+0x000001faad129400
# instanceKlass java/lang/invoke/LambdaForm$DMH+0x000001faad129000
# instanceKlass java/lang/invoke/LambdaForm$DMH+0x000001faad128c00
# instanceKlass java/lang/invoke/LambdaForm$DMH+0x000001faad128800
# instanceKlass java/lang/invoke/LambdaForm$DMH+0x000001faad128400
instanceKlass  @cpi com/bookstore/controller/BookApiController 229 form vmentry <vmtarget> ; # java/lang/invoke/LambdaForm$DMH+0x000001faad128000
instanceKlass  @cpi org/springframework/util/MimeTypeUtils 449 form vmentry <vmtarget> ; # java/lang/invoke/LambdaForm$DMH+0x000001faad127c00
instanceKlass java/lang/runtime/ObjectMethods$1
# instanceKlass java/lang/invoke/LambdaForm$MH+0x000001faad127800
instanceKlass sun/invoke/util/ValueConversions$WrapperCache
# instanceKlass java/lang/invoke/LambdaForm$MH+0x000001faad127400
# instanceKlass java/lang/invoke/LambdaForm$MH+0x000001faad127000
# instanceKlass java/lang/invoke/LambdaForm$MH+0x000001faad126c00
# instanceKlass java/lang/invoke/LambdaForm$MH+0x000001faad126800
# instanceKlass java/lang/invoke/LambdaForm$MH+0x000001faad126400
# instanceKlass java/lang/invoke/LambdaForm$MH+0x000001faad126000
# instanceKlass java/lang/invoke/LambdaForm$DMH+0x000001faad125c00
# instanceKlass java/lang/invoke/LambdaForm$DMH+0x000001faad125800
instanceKlass java/lang/invoke/MethodHandleImpl$ArrayAccessor
# instanceKlass java/lang/invoke/LambdaForm$MH+0x000001faad125400
# instanceKlass java/lang/invoke/LambdaForm$MH+0x000001faad125000
# instanceKlass java/lang/invoke/LambdaForm$DMH+0x000001faad124c00
instanceKlass java/lang/invoke/MethodHandleImpl$Makers$2
instanceKlass java/lang/invoke/MethodHandleImpl$Makers$1
instanceKlass java/lang/invoke/MethodHandleImpl$Makers
instanceKlass  @bci java/lang/invoke/BootstrapMethodInvoker invoke (Ljava/lang/Class;Ljava/lang/invoke/MethodHandle;Ljava/lang/String;Ljava/lang/Object;Ljava/lang/Object;Ljava/lang/Class;)Ljava/lang/Object; 894 <adapter> ; # java/lang/invoke/LambdaForm$MH+0x000001faad124800
instanceKlass  @bci org/springframework/expression/spel/support/ReflectivePropertyAccessor$PropertyCacheKey hashCode ()I 1 <appendix> argL2 argL1 argL1 form vmentry <vmtarget> ; # java/lang/invoke/LambdaForm$MH+0x000001faad124400
# instanceKlass java/lang/invoke/LambdaForm$DMH+0x000001faad124000
instanceKlass java/lang/runtime/ObjectMethods
instanceKlass org/springframework/boot/context/properties/bind/AbstractBindHandler
instanceKlass org/springframework/boot/context/config/ConfigDataEnvironmentContributorPlaceholdersResolver
instanceKlass  @bci org/springframework/boot/env/PropertiesPropertySourceLoader loadProperties (Lorg/springframework/core/io/Resource;Ljava/nio/charset/Charset;)Ljava/util/List; 89 <appendix> member <vmtarget> ; # org/springframework/boot/env/PropertiesPropertySourceLoader$$Lambda+0x000001faad120918
instanceKlass org/springframework/boot/origin/OriginTrackedValue
instanceKlass org/springframework/boot/origin/TextResourceOrigin
instanceKlass org/springframework/boot/origin/TextResourceOrigin$Location
instanceKlass org/springframework/boot/env/OriginTrackedPropertiesLoader$CharacterReader
instanceKlass org/springframework/boot/env/OriginTrackedPropertiesLoader$Document
instanceKlass org/springframework/boot/env/OriginTrackedPropertiesLoader
instanceKlass org/springframework/boot/origin/OriginTrackedResource
instanceKlass java/net/URLClassLoader$2
instanceKlass  @bci org/springframework/boot/context/config/ConfigDataEnvironmentContributor withReplacement (Lorg/springframework/boot/context/config/ConfigDataEnvironmentContributor;Lorg/springframework/boot/context/config/ConfigDataEnvironmentContributor;)Lorg/springframework/boot/context/config/ConfigDataEnvironmentContributor; 31 <appendix> member <vmtarget> ; # org/springframework/boot/context/config/ConfigDataEnvironmentContributor$$Lambda+0x000001faad11b4d0
instanceKlass  @cpi org/springframework/boot/context/config/ConfigDataEnvironmentContributor 500 form vmentry <vmtarget> ; # java/lang/invoke/LambdaForm$DMH+0x000001faad11f400
instanceKlass  @bci org/springframework/boot/context/config/ConfigDataEnvironmentContributors asContributors (Ljava/util/Map;)Ljava/util/List; 19 <appendix> member <vmtarget> ; # org/springframework/boot/context/config/ConfigDataEnvironmentContributors$$Lambda+0x000001faad11b2a0
instanceKlass  @cpi tools/jackson/databind/ser/impl/ReadOnlyClassToSerializerMap 147 form vmentry <vmtarget> ; # java/lang/invoke/LambdaForm$DMH+0x000001faad11f000
instanceKlass  @bci org/springframework/boot/context/config/ConfigDataEnvironmentContributors withProcessedImports (Lorg/springframework/boot/context/config/ConfigDataImporter;Lorg/springframework/boot/context/config/ConfigDataActivationContext;)Lorg/springframework/boot/context/config/ConfigDataEnvironmentContributors; 201 <appendix> member <vmtarget> ; # org/springframework/boot/context/config/ConfigDataEnvironmentContributors$$Lambda+0x000001faad11b080
instanceKlass org/springframework/boot/context/config/ConfigData
instanceKlass  @bci org/springframework/boot/context/config/ConfigDataLoaders load (Lorg/springframework/boot/context/config/ConfigDataLoaderContext;Lorg/springframework/boot/context/config/ConfigDataResource;)Lorg/springframework/boot/context/config/ConfigData; 13 <appendix> member <vmtarget> ; # org/springframework/boot/context/config/ConfigDataLoaders$$Lambda+0x000001faad11ac58
instanceKlass  @bci org/springframework/boot/context/config/ConfigDataLoaders getLoader (Lorg/springframework/boot/context/config/ConfigDataLoaderContext;Lorg/springframework/boot/context/config/ConfigDataResource;)Lorg/springframework/boot/context/config/ConfigDataLoader; 127 <appendix> member <vmtarget> ; # org/springframework/boot/context/config/ConfigDataLoaders$$Lambda+0x000001faad11aa38
instanceKlass org/springframework/boot/context/config/ConfigDataResolutionResult
instanceKlass  @bci org/springframework/boot/context/config/StandardConfigDataLocationResolver resolvePatternEmptyDirectories (Lorg/springframework/boot/context/config/StandardConfigDataReference;)Ljava/util/Set; 108 <appendix> argL0 ; # org/springframework/boot/context/config/StandardConfigDataLocationResolver$$Lambda+0x000001faad11a600
instanceKlass  @bci org/springframework/boot/context/config/StandardConfigDataLocationResolver resolvePatternEmptyDirectories (Lorg/springframework/boot/context/config/StandardConfigDataReference;)Ljava/util/Set; 98 <appendix> member <vmtarget> ; # org/springframework/boot/context/config/StandardConfigDataLocationResolver$$Lambda+0x000001faad11a3c0
instanceKlass  @bci org/springframework/boot/context/config/StandardConfigDataLocationResolver resolvePatternEmptyDirectories (Lorg/springframework/boot/context/config/StandardConfigDataReference;)Ljava/util/Set; 87 <appendix> argL0 ; # org/springframework/boot/context/config/StandardConfigDataLocationResolver$$Lambda+0x000001faad11a178
instanceKlass  @cpi org/springframework/core/annotation/AnnotatedElementUtils 379 form vmentry <vmtarget> ; # java/lang/invoke/LambdaForm$DMH+0x000001faad11ec00
instanceKlass  @bci org/springframework/boot/context/config/LocationResourceLoader validatePattern (Ljava/lang/String;Lorg/springframework/boot/context/config/LocationResourceLoader$ResourceType;)V 93 <appendix> member <vmtarget> ; # org/springframework/boot/context/config/LocationResourceLoader$$Lambda+0x000001faad119800
instanceKlass  @bci org/springframework/boot/context/config/LocationResourceLoader validatePattern (Ljava/lang/String;Lorg/springframework/boot/context/config/LocationResourceLoader$ResourceType;)V 53 <appendix> member <vmtarget> ; # org/springframework/boot/context/config/LocationResourceLoader$$Lambda+0x000001faad1195e0
instanceKlass  @bci org/springframework/boot/context/config/LocationResourceLoader validatePattern (Ljava/lang/String;Lorg/springframework/boot/context/config/LocationResourceLoader$ResourceType;)V 29 <appendix> member <vmtarget> ; # org/springframework/boot/context/config/LocationResourceLoader$$Lambda+0x000001faad1193c0
instanceKlass  @bci org/springframework/boot/context/config/LocationResourceLoader validatePattern (Ljava/lang/String;Lorg/springframework/boot/context/config/LocationResourceLoader$ResourceType;)V 6 <appendix> member <vmtarget> ; # org/springframework/boot/context/config/LocationResourceLoader$$Lambda+0x000001faad1191a0
instanceKlass java/nio/channels/WritableByteChannel
instanceKlass  @bci org/springframework/boot/context/config/LocationResourceLoader validateNonPattern (Ljava/lang/String;)V 14 <appendix> member <vmtarget> ; # org/springframework/boot/context/config/LocationResourceLoader$$Lambda+0x000001faad118d40
instanceKlass  @bci org/springframework/web/method/HandlerMethod initDescription (Ljava/lang/Class;Ljava/lang/reflect/Method;)Ljava/lang/String; 67 <appendix> form vmentry <vmtarget> ; # java/lang/invoke/LambdaForm$MH+0x000001faad11e800
# instanceKlass java/lang/invoke/LambdaForm$MH+0x000001faad11e400
instanceKlass  @bci org/springframework/web/method/HandlerMethod initDescription (Ljava/lang/Class;Ljava/lang/reflect/Method;)Ljava/lang/String; 67 <appendix> argL3 form vmentry <vmtarget> ; # java/lang/invoke/LambdaForm$MH+0x000001faad11e000
# instanceKlass java/lang/invoke/LambdaForm$MH+0x000001faad11dc00
# instanceKlass java/lang/invoke/LambdaForm$MH+0x000001faad11d800
# instanceKlass java/lang/invoke/LambdaForm$MH+0x000001faad11d400
# instanceKlass java/lang/invoke/LambdaForm$MH+0x000001faad11d000
instanceKlass  @bci org/springframework/web/method/HandlerMethod initDescription (Ljava/lang/Class;Ljava/lang/reflect/Method;)Ljava/lang/String; 67 <appendix> argL1 form vmentry <vmtarget> ; # java/lang/invoke/LambdaForm$MH+0x000001faad11cc00
# instanceKlass java/lang/invoke/LambdaForm$MH+0x000001faad11c800
# instanceKlass java/lang/invoke/LambdaForm$MH+0x000001faad11c400
# instanceKlass java/lang/invoke/LambdaForm$MH+0x000001faad11c000
instanceKlass org/springframework/boot/context/config/StandardConfigDataReference
instanceKlass  @bci org/springframework/boot/context/config/ConfigDataLocationResolvers resolve (Lorg/springframework/boot/context/config/ConfigDataLocationResolver;Lorg/springframework/boot/context/config/ConfigDataLocationResolverContext;Lorg/springframework/boot/context/config/ConfigDataLocation;Lorg/springframework/boot/context/config/Profiles;)Ljava/util/List; 6 <appendix> member <vmtarget> ; # org/springframework/boot/context/config/ConfigDataLocationResolvers$$Lambda+0x000001faad1188d8
instanceKlass org/springframework/boot/context/config/ConfigDataEnvironmentContributors$ContributorDataLoaderContext
instanceKlass org/springframework/boot/context/config/ConfigDataEnvironmentContributors$ContributorConfigDataLocationResolverContext
instanceKlass org/springframework/boot/context/config/ConfigDataEnvironmentContributor$ContributorIterator
instanceKlass  @bci org/springframework/boot/bootstrap/DefaultBootstrapContext register (Ljava/lang/Class;Lorg/springframework/boot/bootstrap/BootstrapRegistry$InstanceSupplier;Z)V 60 <appendix> member <vmtarget> ; # org/springframework/boot/bootstrap/DefaultBootstrapContext$$Lambda+0x000001faad118000
instanceKlass org/springframework/boot/bootstrap/BootstrapRegistry$InstanceSupplier$1
instanceKlass  @bci org/springframework/boot/bootstrap/BootstrapRegistry$InstanceSupplier from (Ljava/util/function/Supplier;)Lorg/springframework/boot/bootstrap/BootstrapRegistry$InstanceSupplier; 1 <appendix> member <vmtarget> ; # org/springframework/boot/bootstrap/BootstrapRegistry$InstanceSupplier$$Lambda+0x000001faad113798
instanceKlass org/springframework/boot/bootstrap/BootstrapRegistry$InstanceSupplier
instanceKlass  @bci org/springframework/boot/context/config/ConfigDataEnvironment registerBootstrapBinder (Lorg/springframework/boot/context/config/ConfigDataEnvironmentContributors;Lorg/springframework/boot/context/config/ConfigDataActivationContext;[Lorg/springframework/boot/context/config/ConfigDataEnvironmentContributors$BinderOption;)V 9 <appendix> member <vmtarget> ; # org/springframework/boot/context/config/ConfigDataEnvironment$$Lambda+0x000001faad113380
instanceKlass org/springframework/boot/context/config/ConfigDataActivationContext
instanceKlass org/springframework/boot/context/config/ConfigDataImporter
instanceKlass  @bci org/springframework/boot/context/config/ConfigDataEnvironmentContributors <clinit> ()V 0 <appendix> argL0 ; # org/springframework/boot/context/config/ConfigDataEnvironmentContributors$$Lambda+0x000001faad1128c8
instanceKlass org/springframework/boot/context/config/ConfigDataLocationResolverContext
instanceKlass org/springframework/boot/context/config/ConfigDataLoaderContext
instanceKlass org/springframework/boot/context/config/ConfigDataEnvironmentContributors
instanceKlass  @bci org/springframework/boot/context/config/ConfigDataProperties <init> (Ljava/util/List;Lorg/springframework/boot/context/config/ConfigDataProperties$Activate;)V 15 <appendix> argL0 ; # org/springframework/boot/context/config/ConfigDataProperties$$Lambda+0x000001faad112220
instanceKlass java/util/AbstractList$RandomAccessSpliterator
instanceKlass org/springframework/boot/context/config/ConfigDataProperties
instanceKlass org/springframework/boot/context/config/ConfigDataEnvironmentContributor
instanceKlass org/springframework/boot/context/config/SystemEnvironmentConfigDataLoader
instanceKlass org/springframework/boot/context/config/ConfigData$Options
instanceKlass org/springframework/boot/context/config/ConfigData$AlwaysPropertySourceOptions
instanceKlass org/springframework/boot/context/config/ConfigData$PropertySourceOptions
instanceKlass org/springframework/boot/context/config/StandardConfigDataLoader
instanceKlass org/springframework/boot/context/config/ConfigDataResource
instanceKlass org/springframework/boot/context/config/ConfigTreeConfigDataLoader
instanceKlass org/springframework/boot/context/config/ConfigDataLoader
instanceKlass  @bci org/springframework/boot/context/config/ConfigDataLoaders <init> (Lorg/springframework/boot/logging/DeferredLogFactory;Lorg/springframework/boot/bootstrap/ConfigurableBootstrapContext;Lorg/springframework/core/io/support/SpringFactoriesLoader;)V 66 <appendix> argL0 ; # org/springframework/boot/context/config/ConfigDataLoaders$$Lambda+0x000001faad1154a8
instanceKlass org/springframework/boot/context/config/ConfigDataLoaders
instanceKlass org/springframework/boot/context/config/ConfigDataEnvironmentUpdateListener$1
instanceKlass org/springframework/boot/context/config/ConfigDataEnvironmentUpdateListener
instanceKlass  @bci org/springframework/boot/context/config/SystemEnvironmentConfigDataLocationResolver <init> ()V 21 <appendix> argL0 ; # org/springframework/boot/context/config/SystemEnvironmentConfigDataLocationResolver$$Lambda+0x000001faad114c28
instanceKlass org/springframework/boot/context/config/SystemEnvironmentConfigDataLocationResolver
instanceKlass  @bci org/springframework/boot/context/config/StandardConfigDataLocationResolver validateConfigName (Ljava/lang/String;)V 15 <appendix> member <vmtarget> ; # org/springframework/boot/context/config/StandardConfigDataLocationResolver$$Lambda+0x000001faad1147c0
instanceKlass  @bci org/springframework/boot/context/properties/bind/Binder lambda$bindAggregate$0 (Lorg/springframework/boot/context/properties/bind/AggregateBinder;Lorg/springframework/boot/context/properties/bind/BindHandler;Lorg/springframework/boot/context/properties/bind/Binder$Context;Lorg/springframework/boot/context/properties/source/ConfigurationPropertyName;Lorg/springframework/boot/context/properties/bind/Bindable;Lorg/springframework/boot/context/properties/source/ConfigurationPropertySource;)Ljava/lang/Object; 17 <adapter> ; # java/lang/invoke/LambdaForm$MH+0x000001faad111800
instanceKlass  @bci org/springframework/boot/context/properties/bind/Binder lambda$bindAggregate$0 (Lorg/springframework/boot/context/properties/bind/AggregateBinder;Lorg/springframework/boot/context/properties/bind/BindHandler;Lorg/springframework/boot/context/properties/bind/Binder$Context;Lorg/springframework/boot/context/properties/source/ConfigurationPropertyName;Lorg/springframework/boot/context/properties/bind/Bindable;Lorg/springframework/boot/context/properties/source/ConfigurationPropertySource;)Ljava/lang/Object; 17 <appendix> form vmentry <vmtarget> ; # java/lang/invoke/LambdaForm$DMH+0x000001faad111400
instanceKlass  @bci org/springframework/boot/context/properties/bind/Binder lambda$bindAggregate$0 (Lorg/springframework/boot/context/properties/bind/AggregateBinder;Lorg/springframework/boot/context/properties/bind/BindHandler;Lorg/springframework/boot/context/properties/bind/Binder$Context;Lorg/springframework/boot/context/properties/source/ConfigurationPropertyName;Lorg/springframework/boot/context/properties/bind/Bindable;Lorg/springframework/boot/context/properties/source/ConfigurationPropertySource;)Ljava/lang/Object; 17 <appendix> member <vmtarget> ; # org/springframework/boot/context/properties/bind/Binder$$Lambda+0x000001faad1145a0
instanceKlass  @bci java/util/stream/StreamSpliterators$WrappingSpliterator initPartialTraversalState ()V 37 <appendix> member <vmtarget> ; # java/util/stream/StreamSpliterators$WrappingSpliterator$$Lambda+0x000001faad0f13e0
instanceKlass  @bci java/util/stream/StreamSpliterators$WrappingSpliterator initPartialTraversalState ()V 24 <appendix> member <vmtarget> ; # java/util/stream/StreamSpliterators$WrappingSpliterator$$Lambda+0x000001faad0f1138
instanceKlass java/util/stream/StreamSpliterators
instanceKlass java/util/stream/StreamSpliterators$AbstractWrappingSpliterator
instanceKlass  @bci java/util/stream/AbstractPipeline spliterator ()Ljava/util/Spliterator; 103 <appendix> member <vmtarget> ; # java/util/stream/AbstractPipeline$$Lambda+0x000001faad0f07f8
instanceKlass  @bci org/springframework/boot/context/properties/source/SpringIterableConfigurationPropertySource stream ()Ljava/util/stream/Stream; 9 <appendix> argL0 ; # org/springframework/boot/context/properties/source/SpringIterableConfigurationPropertySource$$Lambda+0x000001faad114358
instanceKlass org/springframework/boot/context/properties/source/FilteredConfigurationPropertiesSource
instanceKlass  @bci org/springframework/boot/context/properties/bind/IndexedElementsBinder getKnownIndexedChildren (Lorg/springframework/boot/context/properties/source/IterableConfigurationPropertySource;Lorg/springframework/boot/context/properties/source/ConfigurationPropertyName;)Ljava/util/Set; 15 <appendix> member <vmtarget> ; # org/springframework/boot/context/properties/bind/IndexedElementsBinder$$Lambda+0x000001faad10fa28
instanceKlass  @bci org/springframework/boot/context/properties/bind/ArrayBinder bindAggregate (Lorg/springframework/boot/context/properties/source/ConfigurationPropertyName;Lorg/springframework/boot/context/properties/bind/Bindable;Lorg/springframework/boot/context/properties/bind/AggregateElementBinder;)Ljava/lang/Object; 4 <appendix> argL0 ; # org/springframework/boot/context/properties/bind/ArrayBinder$$Lambda+0x000001faad10f810
instanceKlass org/springframework/boot/context/properties/bind/AggregateBinder$AggregateSupplier
instanceKlass  @bci org/springframework/boot/context/properties/bind/Binder bindAggregate (Lorg/springframework/boot/context/properties/source/ConfigurationPropertyName;Lorg/springframework/boot/context/properties/bind/Bindable;Lorg/springframework/boot/context/properties/bind/BindHandler;Lorg/springframework/boot/context/properties/bind/Binder$Context;Lorg/springframework/boot/context/properties/bind/AggregateBinder;)Ljava/lang/Object; 19 <appendix> member <vmtarget> ; # org/springframework/boot/context/properties/bind/Binder$$Lambda+0x000001faad10f1c0
instanceKlass  @bci org/springframework/boot/context/properties/bind/Binder bindAggregate (Lorg/springframework/boot/context/properties/source/ConfigurationPropertyName;Lorg/springframework/boot/context/properties/bind/Bindable;Lorg/springframework/boot/context/properties/bind/BindHandler;Lorg/springframework/boot/context/properties/bind/Binder$Context;Lorg/springframework/boot/context/properties/bind/AggregateBinder;)Ljava/lang/Object; 6 <appendix> member <vmtarget> ; # org/springframework/boot/context/properties/bind/Binder$$Lambda+0x000001faad10ef90
instanceKlass org/springframework/boot/context/properties/bind/AggregateElementBinder
instanceKlass  @bci com/bookstore/model/PrintedBook getExtraInfo ()Ljava/lang/String; 4 <appendix> form vmentry <vmtarget> ; # java/lang/invoke/LambdaForm$MH+0x000001faad111000
instanceKlass  @bci com/bookstore/model/PrintedBook getExtraInfo ()Ljava/lang/String; 4 <appendix> argL3 form vmentry <vmtarget> ; # java/lang/invoke/LambdaForm$MH+0x000001faad110c00
# instanceKlass java/lang/invoke/LambdaForm$MH+0x000001faad110800
# instanceKlass java/lang/invoke/LambdaForm$MH+0x000001faad110400
instanceKlass  @bci org/springframework/boot/web/server/PortInUseFailureAnalyzer analyze (Ljava/lang/Throwable;Lorg/springframework/boot/web/server/PortInUseException;)Lorg/springframework/boot/diagnostics/FailureAnalysis; 8 <appendix> argL1 form vmentry <vmtarget> ; # java/lang/invoke/LambdaForm$MH+0x000001faad110000
# instanceKlass java/lang/invoke/LambdaForm$MH+0x000001faad10bc00
instanceKlass  @bci jdk/internal/reflect/DirectConstructorHandleAccessor invokeImpl ([Ljava/lang/Object;)Ljava/lang/Object; 88 <adapter> ; # java/lang/invoke/LambdaForm$MH+0x000001faad10b800
# instanceKlass java/lang/invoke/LambdaForm$MH+0x000001faad10b400
# instanceKlass java/lang/invoke/LambdaForm$MH+0x000001faad10b000
# instanceKlass java/lang/invoke/LambdaForm$MH+0x000001faad10ac00
instanceKlass org/springframework/boot/context/config/StandardConfigDataLocationResolver
instanceKlass  @bci org/springframework/boot/context/config/LocationResourceLoader <clinit> ()V 18 <appendix> argL0 ; # org/springframework/boot/context/config/LocationResourceLoader$$Lambda+0x000001faad10e698
instanceKlass  @bci java/util/Comparator comparing (Ljava/util/function/Function;)Ljava/util/Comparator; 6 <appendix> member <vmtarget> ; # java/util/Comparator$$Lambda+0x000001faad0f0560
instanceKlass  @cpi org/springframework/boot/validation/beanvalidation/MethodValidationExcludeFilter 50 form vmentry <vmtarget> ; # java/lang/invoke/LambdaForm$DMH+0x000001faad10a800
instanceKlass  @bci org/springframework/boot/context/config/LocationResourceLoader <clinit> ()V 7 <appendix> argL0 ; # org/springframework/boot/context/config/LocationResourceLoader$$Lambda+0x000001faad10e460
instanceKlass org/springframework/boot/context/config/LocationResourceLoader
instanceKlass org/springframework/boot/context/config/ConfigTreeConfigDataLocationResolver
instanceKlass org/springframework/boot/context/config/ConfigDataLocationResolver
instanceKlass  @bci org/springframework/boot/context/config/ConfigDataLocationResolvers <init> (Lorg/springframework/boot/logging/DeferredLogFactory;Lorg/springframework/boot/bootstrap/ConfigurableBootstrapContext;Lorg/springframework/boot/context/properties/bind/Binder;Lorg/springframework/core/io/ResourceLoader;Lorg/springframework/core/io/support/SpringFactoriesLoader;)V 77 <appendix> argL0 ; # org/springframework/boot/context/config/ConfigDataLocationResolvers$$Lambda+0x000001faad10dbe8
instanceKlass org/springframework/boot/context/config/ConfigDataLocationResolvers
instanceKlass org/springframework/boot/context/properties/bind/BindResult
instanceKlass  @bci org/springframework/boot/context/properties/source/ConfigurationPropertySourcesCaching$CacheOverrides close ()V 4 <appendix> argL0 ; # org/springframework/boot/context/properties/source/ConfigurationPropertySourcesCaching$CacheOverrides$$Lambda+0x000001faad10d150
instanceKlass  @cpi org/springframework/beans/factory/support/DefaultListableBeanFactory 1983 form vmentry <vmtarget> ; # java/lang/invoke/LambdaForm$DMH+0x000001faad10a400
instanceKlass org/springframework/boot/context/properties/bind/JavaBeanBinder$BeanProperties
instanceKlass org/springframework/boot/context/properties/bind/ValueObjectBinder$ValueObject
instanceKlass  @bci org/springframework/boot/context/properties/bind/ValueObjectBinder$Discoverer <clinit> ()V 35 <appendix> argL0 ; # org/springframework/boot/context/properties/bind/ValueObjectBinder$Discoverer$$Lambda+0x000001faad10c458
instanceKlass  @bci org/springframework/boot/context/properties/bind/ValueObjectBinder$Discoverer <clinit> ()V 17 <appendix> argL0 ; # org/springframework/boot/context/properties/bind/ValueObjectBinder$Discoverer$$Lambda+0x000001faad10c230
instanceKlass  @cpi org/springframework/boot/context/properties/bind/ValueObjectBinder$Discoverer 113 form vmentry <vmtarget> ; # java/lang/invoke/LambdaForm$DMH+0x000001faad10a000
instanceKlass org/springframework/core/StandardReflectionParameterNameDiscoverer
instanceKlass org/springframework/core/PrioritizedParameterNameDiscoverer
instanceKlass org/springframework/boot/context/properties/bind/ValueObjectBinder$Discoverer
instanceKlass org/springframework/core/ParameterNameDiscoverer
instanceKlass  @bci org/springframework/boot/context/properties/bind/Binder lambda$bindDataObject$1 (Lorg/springframework/boot/context/properties/bind/BindMethod;Lorg/springframework/boot/context/properties/source/ConfigurationPropertyName;Lorg/springframework/boot/context/properties/bind/Bindable;Lorg/springframework/boot/context/properties/bind/Binder$Context;Lorg/springframework/boot/context/properties/bind/DataObjectPropertyBinder;Z)Ljava/lang/Object; 10 <adapter> ; # java/lang/invoke/LambdaForm$MH+0x000001faad109c00
instanceKlass  @cpi org/springframework/boot/context/properties/bind/Binder 734 form vmentry <vmtarget> ; # java/lang/invoke/LambdaForm$DMH+0x000001faad109800
instanceKlass  @bci org/springframework/boot/context/properties/bind/Binder lambda$bindDataObject$1 (Lorg/springframework/boot/context/properties/bind/BindMethod;Lorg/springframework/boot/context/properties/source/ConfigurationPropertyName;Lorg/springframework/boot/context/properties/bind/Bindable;Lorg/springframework/boot/context/properties/bind/Binder$Context;Lorg/springframework/boot/context/properties/bind/DataObjectPropertyBinder;Z)Ljava/lang/Object; 10 <appendix> form vmentry <vmtarget> ; # java/lang/invoke/LambdaForm$DMH+0x000001faad109400
instanceKlass  @bci org/springframework/boot/context/properties/bind/Binder lambda$bindDataObject$1 (Lorg/springframework/boot/context/properties/bind/BindMethod;Lorg/springframework/boot/context/properties/source/ConfigurationPropertyName;Lorg/springframework/boot/context/properties/bind/Bindable;Lorg/springframework/boot/context/properties/bind/Binder$Context;Lorg/springframework/boot/context/properties/bind/DataObjectPropertyBinder;Z)Ljava/lang/Object; 10 <appendix> member <vmtarget> ; # org/springframework/boot/context/properties/bind/Binder$$Lambda+0x000001faad107408
instanceKlass  @cpi org/springframework/boot/context/properties/bind/Binder 731 form vmentry <vmtarget> ; # java/lang/invoke/LambdaForm$DMH+0x000001faad109000
instanceKlass  @bci org/springframework/boot/context/properties/bind/Binder bindDataObject (Lorg/springframework/boot/context/properties/source/ConfigurationPropertyName;Lorg/springframework/boot/context/properties/bind/Bindable;Lorg/springframework/boot/context/properties/bind/BindHandler;Lorg/springframework/boot/context/properties/bind/Binder$Context;ZZ)Ljava/lang/Object; 70 <adapter> ; # java/lang/invoke/LambdaForm$MH+0x000001faad108c00
# instanceKlass java/lang/invoke/LambdaForm$DMH+0x000001faad108800
instanceKlass  @bci org/springframework/boot/context/properties/bind/Binder bindDataObject (Lorg/springframework/boot/context/properties/source/ConfigurationPropertyName;Lorg/springframework/boot/context/properties/bind/Bindable;Lorg/springframework/boot/context/properties/bind/BindHandler;Lorg/springframework/boot/context/properties/bind/Binder$Context;ZZ)Ljava/lang/Object; 70 <appendix> form vmentry <vmtarget> ; # java/lang/invoke/LambdaForm$DMH+0x000001faad108400
instanceKlass  @bci org/springframework/boot/context/properties/bind/Binder bindDataObject (Lorg/springframework/boot/context/properties/source/ConfigurationPropertyName;Lorg/springframework/boot/context/properties/bind/Bindable;Lorg/springframework/boot/context/properties/bind/BindHandler;Lorg/springframework/boot/context/properties/bind/Binder$Context;ZZ)Ljava/lang/Object; 70 <appendix> member <vmtarget> ; # org/springframework/boot/context/properties/bind/Binder$$Lambda+0x000001faad1071e8
instanceKlass  @cpi org/springframework/boot/context/properties/bind/Binder 728 form vmentry <vmtarget> ; # java/lang/invoke/LambdaForm$DMH+0x000001faad108000
instanceKlass  @bci org/springframework/boot/context/properties/bind/Binder bindDataObject (Lorg/springframework/boot/context/properties/source/ConfigurationPropertyName;Lorg/springframework/boot/context/properties/bind/Bindable;Lorg/springframework/boot/context/properties/bind/BindHandler;Lorg/springframework/boot/context/properties/bind/Binder$Context;ZZ)Ljava/lang/Object; 52 <appendix> member <vmtarget> ; # org/springframework/boot/context/properties/bind/Binder$$Lambda+0x000001faad106fc8
instanceKlass org/springframework/boot/context/properties/bind/DataObjectPropertyBinder
instanceKlass  @bci org/springframework/boot/context/properties/source/ConfigurationPropertyName asSystemEnvironmentLegacyName ()Lorg/springframework/boot/context/properties/source/ConfigurationPropertyName; 13 <appendix> member <vmtarget> ; # org/springframework/boot/context/properties/source/ConfigurationPropertyName$$Lambda+0x000001faad106bb0
instanceKlass  @bci org/springframework/boot/context/properties/source/ConfigurationPropertySourcesCaching override ()Lorg/springframework/boot/context/properties/source/ConfigurationPropertyCaching$CacheOverride; 16 <appendix> member <vmtarget> ; # org/springframework/boot/context/properties/source/ConfigurationPropertySourcesCaching$$Lambda+0x000001faad106318
instanceKlass org/springframework/boot/context/properties/source/ConfigurationPropertySourcesCaching$CacheOverrides
instanceKlass org/springframework/boot/context/properties/bind/Binder$Context
instanceKlass org/springframework/boot/context/properties/bind/JavaBeanBinder
instanceKlass org/springframework/boot/context/properties/bind/ValueObjectBinder
instanceKlass org/springframework/boot/context/properties/bind/DataObjectBinder
instanceKlass org/springframework/boot/context/properties/bind/DefaultBindConstructorProvider
instanceKlass org/springframework/boot/context/properties/bind/BindConstructorProvider
instanceKlass org/springframework/boot/context/properties/bind/BindHandler$1
instanceKlass org/springframework/beans/TypeConverterDelegate
instanceKlass org/springframework/beans/PropertyEditorRegistrySupport
instanceKlass org/springframework/beans/PropertyEditorRegistry
instanceKlass org/springframework/beans/TypeConverter
instanceKlass java/beans/PropertyEditorSupport
instanceKlass java/beans/PropertyEditor
instanceKlass org/springframework/boot/context/properties/bind/BindConverter$TypeConverterConverter
instanceKlass org/springframework/boot/context/properties/bind/BindConverter
instanceKlass org/springframework/boot/context/properties/source/ConfigurationPropertySourcesCaching
instanceKlass org/springframework/boot/context/properties/bind/PropertySourcesPlaceholdersResolver
instanceKlass org/springframework/boot/context/properties/bind/AggregateBinder
instanceKlass org/springframework/boot/context/properties/bind/BindContext
instanceKlass org/springframework/boot/context/properties/bind/Binder
instanceKlass org/springframework/boot/context/config/ConfigDataLocation
instanceKlass org/springframework/boot/context/properties/bind/BindHandler
instanceKlass org/springframework/boot/context/properties/bind/PlaceholdersResolver
instanceKlass org/springframework/boot/origin/OriginProvider
instanceKlass org/springframework/boot/context/config/ConfigDataEnvironment
instanceKlass org/springframework/core/io/WritableResource
instanceKlass  @bci org/springframework/boot/support/SpringApplicationJsonEnvironmentPostProcessor postProcessEnvironment (Lorg/springframework/core/env/ConfigurableEnvironment;Lorg/springframework/boot/SpringApplication;)V 38 <appendix> member <vmtarget> ; # org/springframework/boot/support/SpringApplicationJsonEnvironmentPostProcessor$$Lambda+0x000001faad0df150
instanceKlass  @bci org/springframework/boot/support/SpringApplicationJsonEnvironmentPostProcessor postProcessEnvironment (Lorg/springframework/core/env/ConfigurableEnvironment;Lorg/springframework/boot/SpringApplication;)V 21 <appendix> argL0 ; # org/springframework/boot/support/SpringApplicationJsonEnvironmentPostProcessor$$Lambda+0x000001faad0def08
instanceKlass  @bci org/springframework/boot/support/SpringApplicationJsonEnvironmentPostProcessor postProcessEnvironment (Lorg/springframework/core/env/ConfigurableEnvironment;Lorg/springframework/boot/SpringApplication;)V 11 <appendix> argL0 ; # org/springframework/boot/support/SpringApplicationJsonEnvironmentPostProcessor$$Lambda+0x000001faad0decd0
instanceKlass org/springframework/boot/support/SpringApplicationJsonEnvironmentPostProcessor$JsonPropertyValue
instanceKlass java/util/stream/Sink$OfInt
instanceKlass java/util/function/IntConsumer
instanceKlass  @bci java/util/stream/MatchOps makeInt (Ljava/util/function/IntPredicate;Ljava/util/stream/MatchOps$MatchKind;)Ljava/util/stream/TerminalOp; 20 <appendix> member <vmtarget> ; # java/util/stream/MatchOps$$Lambda+0x000001faad0efb48
instanceKlass java/util/stream/MatchOps$BooleanTerminalSink
instanceKlass java/util/stream/MatchOps$MatchOp
instanceKlass java/util/stream/MatchOps
instanceKlass  @bci org/springframework/boot/context/properties/source/SystemEnvironmentPropertyMapper isNumber (Ljava/lang/String;)Z 4 <appendix> argL0 ; # org/springframework/boot/context/properties/source/SystemEnvironmentPropertyMapper$$Lambda+0x000001faad0de870
instanceKlass java/util/function/IntPredicate
instanceKlass java/util/stream/IntStream
instanceKlass java/lang/StringLatin1$CharsSpliterator
instanceKlass  @bci org/springframework/boot/context/properties/source/SystemEnvironmentPropertyMapper convertName (Ljava/lang/String;)Lorg/springframework/boot/context/properties/source/ConfigurationPropertyName; 4 <appendix> member <vmtarget> ; # org/springframework/boot/context/properties/source/SystemEnvironmentPropertyMapper$$Lambda+0x000001faad0de630
instanceKlass  @bci org/springframework/boot/context/properties/source/ConfigurationPropertyName buildToString (Lorg/springframework/boot/context/properties/source/ConfigurationPropertyName$ToStringFormat;)Ljava/lang/String; 66 <appendix> member <vmtarget> ; # org/springframework/boot/context/properties/source/ConfigurationPropertyName$$Lambda+0x000001faad0de410
instanceKlass  @bci org/springframework/boot/context/properties/source/ConfigurationPropertyName convertToUniformElement (Ljava/lang/CharSequence;)Ljava/lang/CharSequence; 3 <appendix> argL0 ; # org/springframework/boot/context/properties/source/ConfigurationPropertyName$$Lambda+0x000001faad0de1f8
instanceKlass org/springframework/boot/context/properties/source/ConfigurationPropertyName$ElementCharPredicate
instanceKlass  @bci org/springframework/boot/context/properties/source/ConfigurationPropertyName buildToString (Lorg/springframework/boot/context/properties/source/ConfigurationPropertyName$ToStringFormat;)Ljava/lang/String; 51 <appendix> member <vmtarget> ; # org/springframework/boot/context/properties/source/ConfigurationPropertyName$$Lambda+0x000001faad0dbda0
instanceKlass  @bci java/util/function/BiPredicate or (Ljava/util/function/BiPredicate;)Ljava/util/function/BiPredicate; 7 <appendix> member <vmtarget> ; # java/util/function/BiPredicate$$Lambda+0x000001faad0ee9d8
instanceKlass  @cpi java/util/function/BiPredicate 60 form vmentry <vmtarget> ; # java/lang/invoke/LambdaForm$DMH+0x000001faad0dc800
instanceKlass  @bci org/springframework/boot/context/properties/source/SystemEnvironmentPropertyMapper getAncestorOfCheck ()Ljava/util/function/BiPredicate; 1 <appendix> member <vmtarget> ; # org/springframework/boot/context/properties/source/SystemEnvironmentPropertyMapper$$Lambda+0x000001faad0dbb50
instanceKlass  @cpi org/springframework/beans/factory/support/DefaultListableBeanFactory 1979 form vmentry <vmtarget> ; # java/lang/invoke/LambdaForm$DMH+0x000001faad0dc400
instanceKlass  @bci org/springframework/boot/context/properties/source/SpringIterableConfigurationPropertySource$Cache add (Ljava/util/Map;Ljava/lang/Object;Ljava/lang/Object;)V 2 <appendix> argL0 ; # org/springframework/boot/context/properties/source/SpringIterableConfigurationPropertySource$Cache$$Lambda+0x000001faad0db2e0
instanceKlass  @bci org/springframework/core/env/PropertiesPropertySource getPropertyNames ()[Ljava/lang/String; 37 <appendix> argL0 ; # org/springframework/core/env/PropertiesPropertySource$$Lambda+0x000001faad0db0c8
instanceKlass  @bci org/springframework/core/env/PropertiesPropertySource getPropertyNames ()[Ljava/lang/String; 27 <appendix> argL0 ; # org/springframework/core/env/PropertiesPropertySource$$Lambda+0x000001faad0dae80
instanceKlass  @bci org/springframework/boot/context/properties/source/SpringIterableConfigurationPropertySource getCache ()Lorg/springframework/boot/context/properties/source/SpringIterableConfigurationPropertySource$Cache; 11 <appendix> member <vmtarget> ; # org/springframework/boot/context/properties/source/SpringIterableConfigurationPropertySource$$Lambda+0x000001faad0daa38
instanceKlass java/util/function/UnaryOperator
instanceKlass  @bci org/springframework/boot/context/properties/source/SpringIterableConfigurationPropertySource getCache ()Lorg/springframework/boot/context/properties/source/SpringIterableConfigurationPropertySource$Cache; 5 <appendix> member <vmtarget> ; # org/springframework/boot/context/properties/source/SpringIterableConfigurationPropertySource$$Lambda+0x000001faad0da818
instanceKlass org/springframework/boot/context/properties/source/SpringIterableConfigurationPropertySource$Cache
instanceKlass org/springframework/boot/context/properties/source/DefaultPropertyMapper$LastMapping
instanceKlass java/time/Clock
instanceKlass java/time/InstantSource
instanceKlass  @bci org/springframework/boot/context/properties/source/SoftReferenceConfigurationPropertyCache <clinit> ()V 6 <appendix> argL0 ; # org/springframework/boot/context/properties/source/SoftReferenceConfigurationPropertyCache$$Lambda+0x000001faad0da1a0
instanceKlass  @cpi org/springframework/boot/tomcat/TomcatEmbeddedContext$DeferredStartupExceptions 30 form vmentry <vmtarget> ; # java/lang/invoke/LambdaForm$DMH+0x000001faad0dc000
instanceKlass org/springframework/boot/context/properties/source/ConfigurationPropertyCaching$CacheOverride
instanceKlass org/springframework/boot/context/properties/source/SoftReferenceConfigurationPropertyCache
instanceKlass org/springframework/boot/context/properties/source/ConfigurationPropertyCaching
instanceKlass org/springframework/boot/context/properties/source/SystemEnvironmentPropertyMapper
instanceKlass  @bci org/springframework/boot/context/properties/source/PropertyMapper <clinit> ()V 0 <appendix> argL0 ; # org/springframework/boot/context/properties/source/PropertyMapper$$Lambda+0x000001faad0d96a8
instanceKlass java/util/function/BiPredicate
instanceKlass org/springframework/boot/context/properties/source/DefaultPropertyMapper
instanceKlass org/springframework/boot/context/properties/source/PropertyMapper
instanceKlass org/springframework/boot/context/properties/source/CachingConfigurationPropertySource
instanceKlass org/springframework/boot/context/properties/source/IterableConfigurationPropertySource
instanceKlass org/springframework/boot/context/properties/source/SpringConfigurationPropertySource
instanceKlass  @bci org/springframework/boot/context/properties/source/SpringConfigurationPropertySources iterator ()Ljava/util/Iterator; 14 <appendix> member <vmtarget> ; # org/springframework/boot/context/properties/source/SpringConfigurationPropertySources$$Lambda+0x000001faad0d8450
instanceKlass org/springframework/boot/context/properties/source/SpringConfigurationPropertySources$SourcesIterator
instanceKlass org/springframework/boot/origin/Origin
instanceKlass  @bci sun/security/provider/AbstractDrbg <clinit> ()V 12 <appendix> argL0 ; # sun/security/provider/AbstractDrbg$$Lambda+0x000001faad0ee5c8
instanceKlass  @cpi sun/security/provider/AbstractDrbg 383 form vmentry <vmtarget> ; # java/lang/invoke/LambdaForm$DMH+0x000001faad0d5800
# instanceKlass java/lang/invoke/LambdaForm$DMH+0x000001faad0d5400
instanceKlass sun/security/provider/EntropySource
instanceKlass sun/security/provider/AbstractDrbg
instanceKlass java/security/DrbgParameters$Instantiation
instanceKlass java/security/DrbgParameters
instanceKlass sun/security/provider/MoreDrbgParameters
instanceKlass  @bci sun/security/provider/DRBG <init> (Ljava/security/SecureRandomParameters;)V 26 <appendix> argL0 ; # sun/security/provider/DRBG$$Lambda+0x000001faad0ed0b8
instanceKlass java/security/SecureRandomSpi
instanceKlass java/security/SecureRandomParameters
instanceKlass jdk/internal/event/Event
instanceKlass sun/security/util/SecurityProviderConstants
instanceKlass java/security/Provider$UString
instanceKlass java/security/Provider$Service
instanceKlass sun/security/provider/NativePRNG$NonBlocking
instanceKlass sun/security/provider/NativePRNG$Blocking
instanceKlass sun/security/provider/NativePRNG
instanceKlass sun/security/provider/SunEntries$1
instanceKlass sun/security/provider/SunEntries
instanceKlass sun/security/util/SecurityConstants
instanceKlass java/util/AbstractList$Itr
instanceKlass sun/security/jca/ProviderList$2
instanceKlass jdk/internal/math/FloatingDecimal$ASCIIToBinaryBuffer
instanceKlass jdk/internal/math/FloatingDecimal$PreparedASCIIToBinaryBuffer
instanceKlass jdk/internal/math/FloatingDecimal$ASCIIToBinaryConverter
instanceKlass jdk/internal/math/FloatingDecimal$BinaryToASCIIBuffer
instanceKlass jdk/internal/math/FloatingDecimal$ExceptionalBinaryToASCIIBuffer
instanceKlass jdk/internal/math/FloatingDecimal$BinaryToASCIIConverter
instanceKlass jdk/internal/math/FloatingDecimal
instanceKlass java/security/Provider$EngineDescription
instanceKlass java/security/Provider$ServiceKey
instanceKlass sun/security/jca/ProviderConfig
instanceKlass sun/security/jca/ProviderList
instanceKlass sun/security/jca/Providers
instanceKlass org/springframework/aot/AotDetector
instanceKlass  @bci java/util/stream/Collectors toCollection (Ljava/util/function/Supplier;)Ljava/util/stream/Collector; 10 <appendix> argL0 ; # java/util/stream/Collectors$$Lambda+0x000001faad0e4f70
instanceKlass  @bci java/util/stream/Collectors toCollection (Ljava/util/function/Supplier;)Ljava/util/stream/Collector; 5 <appendix> argL0 ; # java/util/stream/Collectors$$Lambda+0x000001faad0e4d48
instanceKlass  @bci org/springframework/boot/support/SpringFactoriesEnvironmentPostProcessorsFactory getEnvironmentPostProcessors (Lorg/springframework/boot/logging/DeferredLogFactory;Lorg/springframework/boot/bootstrap/ConfigurableBootstrapContext;)Ljava/util/List; 99 <appendix> argL0 ; # org/springframework/boot/support/SpringFactoriesEnvironmentPostProcessorsFactory$$Lambda+0x000001faad0d6000
instanceKlass  @bci org/springframework/boot/support/SpringFactoriesEnvironmentPostProcessorsFactory getEnvironmentPostProcessors (Lorg/springframework/boot/logging/DeferredLogFactory;Lorg/springframework/boot/bootstrap/ConfigurableBootstrapContext;)Ljava/util/List; 89 <appendix> argL0 ; # org/springframework/boot/support/SpringFactoriesEnvironmentPostProcessorsFactory$$Lambda+0x000001faad0d3bf8
instanceKlass org/springframework/boot/env/EnvironmentPostProcessor
instanceKlass org/springframework/boot/support/SystemEnvironmentPropertySourceEnvironmentPostProcessor
instanceKlass org/springframework/boot/support/SpringApplicationJsonEnvironmentPostProcessor
instanceKlass org/springframework/boot/support/RandomValuePropertySourceEnvironmentPostProcessor
# instanceKlass java/lang/invoke/LambdaForm$MH+0x000001faad0d5000
# instanceKlass java/lang/invoke/LambdaForm$MH+0x000001faad0d4c00
instanceKlass org/springframework/boot/context/config/ConfigDataEnvironmentPostProcessor
instanceKlass  @bci org/springframework/boot/logging/DeferredLogs getLog (Ljava/lang/Class;)Lorg/apache/commons/logging/Log; 2 <appendix> member <vmtarget> ; # org/springframework/boot/logging/DeferredLogs$$Lambda+0x000001faad0d27b0
instanceKlass org/springframework/boot/cloud/CloudFoundryVcapEnvironmentPostProcessor
instanceKlass org/springframework/boot/devtools/env/DevToolsPropertyDefaultsPostProcessor
instanceKlass org/springframework/boot/env/YamlPropertySourceLoader
instanceKlass org/yaml/snakeyaml/Yaml
instanceKlass org/springframework/boot/env/PropertiesPropertySourceLoader
instanceKlass org/springframework/boot/env/PropertySourceLoader
instanceKlass org/springframework/boot/devtools/env/DevToolsHomePropertiesPostProcessor
instanceKlass org/springframework/boot/EnvironmentPostProcessor
instanceKlass org/springframework/boot/support/SpringFactoriesEnvironmentPostProcessorsFactory
instanceKlass  @bci org/springframework/boot/SpringApplicationRunListeners environmentPrepared (Lorg/springframework/boot/bootstrap/ConfigurableBootstrapContext;Lorg/springframework/core/env/ConfigurableEnvironment;)V 5 <appendix> member <vmtarget> ; # org/springframework/boot/SpringApplicationRunListeners$$Lambda+0x000001faad0d1168
instanceKlass org/springframework/boot/context/properties/source/ConfigurationPropertySource
instanceKlass org/springframework/boot/context/properties/source/SpringConfigurationPropertySources
instanceKlass jdk/internal/vm/ThreadContainers
instanceKlass jdk/internal/vm/StackableScope
instanceKlass java/util/concurrent/LinkedTransferQueue$DualNode
instanceKlass java/util/concurrent/TransferQueue
instanceKlass java/util/concurrent/ThreadPoolExecutor$AbortPolicy
instanceKlass java/util/concurrent/RejectedExecutionHandler
instanceKlass java/util/concurrent/AbstractExecutorService
instanceKlass java/util/concurrent/Executors
instanceKlass  @bci java/lang/ProcessHandleImpl lambda$static$1 ()Ljava/util/concurrent/Executor; 45 <appendix> form vmentry <vmtarget> ; # java/lang/invoke/LambdaForm$DMH+0x000001faad0d4800
instanceKlass  @bci java/lang/ProcessHandleImpl lambda$static$1 ()Ljava/util/concurrent/Executor; 45 <appendix> member <vmtarget> ; # java/lang/ProcessHandleImpl$$Lambda+0x000001faad0e2a88
instanceKlass  @cpi java/lang/ProcessHandleImpl 436 form vmentry <vmtarget> ; # java/lang/invoke/LambdaForm$DMH+0x000001faad0d4400
# instanceKlass java/lang/invoke/LambdaForm$DMH+0x000001faad0d4000
instanceKlass jdk/internal/util/random/RandomSupport
instanceKlass java/util/Random
instanceKlass java/util/random/RandomGenerator
instanceKlass  @bci java/lang/ProcessHandleImpl <clinit> ()V 32 <appendix> argL0 ; # java/lang/ProcessHandleImpl$$Lambda+0x000001faad0e2870
instanceKlass java/lang/ProcessHandleImpl
instanceKlass java/lang/ProcessHandle
instanceKlass org/springframework/boot/system/ApplicationPid
instanceKlass org/springframework/boot/convert/CharSequenceToObjectConverter
instanceKlass org/springframework/boot/convert/LenientObjectToEnumConverterFactory
instanceKlass sun/reflect/generics/tree/ByteSignature
instanceKlass org/springframework/boot/convert/InputStreamSourceToByteArrayConverter
instanceKlass org/springframework/boot/convert/StringToFileConverter
instanceKlass org/springframework/boot/convert/NumberToDataSizeConverter
instanceKlass org/springframework/util/unit/DataSize
instanceKlass org/springframework/boot/convert/StringToDataSizeConverter
instanceKlass org/springframework/boot/convert/NumberToPeriodConverter
instanceKlass org/springframework/boot/convert/PeriodToStringConverter
instanceKlass org/springframework/boot/convert/StringToPeriodConverter
instanceKlass org/springframework/boot/convert/DurationToNumberConverter
instanceKlass org/springframework/boot/convert/NumberToDurationConverter
instanceKlass org/springframework/boot/convert/DurationToStringConverter
instanceKlass org/springframework/boot/convert/StringToDurationConverter
instanceKlass org/springframework/boot/convert/DelimitedStringToCollectionConverter
instanceKlass org/springframework/boot/convert/DelimitedStringToArrayConverter
instanceKlass org/springframework/boot/convert/CollectionToDelimitedStringConverter
instanceKlass org/springframework/boot/convert/ArrayToDelimitedStringConverter
instanceKlass org/springframework/boot/convert/IsoOffsetFormatter
instanceKlass java/net/InetAddress
instanceKlass org/springframework/boot/convert/InetAddressFormatter
instanceKlass  @bci org/springframework/format/support/FormattingConversionService getFieldType (Ljava/lang/Object;Ljava/lang/Class;)Ljava/lang/Class; 39 <appendix> member <vmtarget> ; # org/springframework/format/support/FormattingConversionService$$Lambda+0x000001faad0cd798
instanceKlass sun/reflect/generics/tree/ArrayTypeSignature
instanceKlass sun/reflect/generics/tree/CharSignature
instanceKlass org/springframework/boot/convert/CharArrayFormatter
instanceKlass org/springframework/format/annotation/DurationFormat
instanceKlass org/springframework/format/annotation/DateTimeFormat
instanceKlass org/springframework/format/datetime/standard/MonthDayFormatter
instanceKlass java/time/MonthDay
instanceKlass org/springframework/format/datetime/standard/YearMonthFormatter
instanceKlass java/time/YearMonth
instanceKlass org/springframework/format/datetime/standard/MonthFormatter
instanceKlass org/springframework/format/datetime/standard/YearFormatter
instanceKlass java/time/Year
instanceKlass org/springframework/format/datetime/standard/DurationFormatter
instanceKlass org/springframework/format/datetime/standard/PeriodFormatter
instanceKlass org/springframework/format/datetime/standard/InstantFormatter
instanceKlass java/time/OffsetTime
instanceKlass org/springframework/format/support/FormattingConversionService$ParserConverter
instanceKlass org/springframework/format/support/FormattingConversionService$PrinterConverter
instanceKlass org/springframework/format/datetime/standard/TemporalAccessorParser
instanceKlass org/springframework/format/datetime/standard/TemporalAccessorPrinter
instanceKlass java/time/format/DateTimeFormatterBuilder$LocalizedPrinterParser
instanceKlass org/springframework/format/datetime/standard/DateTimeConverters$InstantToLongConverter
instanceKlass org/springframework/format/datetime/standard/DateTimeConverters$LongToInstantConverter
instanceKlass org/springframework/format/datetime/standard/DateTimeConverters$CalendarToInstantConverter
instanceKlass org/springframework/format/datetime/standard/DateTimeConverters$CalendarToLocalDateTimeConverter
instanceKlass org/springframework/format/datetime/standard/DateTimeConverters$CalendarToLocalTimeConverter
instanceKlass org/springframework/format/datetime/standard/DateTimeConverters$CalendarToLocalDateConverter
instanceKlass org/springframework/format/datetime/standard/DateTimeConverters$CalendarToOffsetDateTimeConverter
instanceKlass org/springframework/format/datetime/standard/DateTimeConverters$CalendarToZonedDateTimeConverter
instanceKlass org/springframework/format/datetime/standard/DateTimeConverters$OffsetDateTimeToInstantConverter
instanceKlass org/springframework/format/datetime/standard/DateTimeConverters$OffsetDateTimeToZonedDateTimeConverter
instanceKlass org/springframework/format/datetime/standard/DateTimeConverters$OffsetDateTimeToLocalDateTimeConverter
instanceKlass org/springframework/format/datetime/standard/DateTimeConverters$OffsetDateTimeToLocalTimeConverter
instanceKlass org/springframework/format/datetime/standard/DateTimeConverters$OffsetDateTimeToLocalDateConverter
instanceKlass org/springframework/format/datetime/standard/DateTimeConverters$ZonedDateTimeToInstantConverter
instanceKlass java/time/OffsetDateTime
instanceKlass org/springframework/format/datetime/standard/DateTimeConverters$ZonedDateTimeToOffsetDateTimeConverter
instanceKlass org/springframework/format/datetime/standard/DateTimeConverters$ZonedDateTimeToLocalDateTimeConverter
instanceKlass org/springframework/format/datetime/standard/DateTimeConverters$ZonedDateTimeToLocalTimeConverter
instanceKlass org/springframework/format/datetime/standard/DateTimeConverters$ZonedDateTimeToLocalDateConverter
instanceKlass org/springframework/format/datetime/standard/DateTimeConverters$LocalDateTimeToLocalTimeConverter
instanceKlass org/springframework/format/datetime/standard/DateTimeConverters$LocalDateTimeToLocalDateConverter
instanceKlass org/springframework/format/datetime/DateFormatterRegistrar$LongToCalendarConverter
instanceKlass org/springframework/format/datetime/DateFormatterRegistrar$LongToDateConverter
instanceKlass org/springframework/format/datetime/DateFormatterRegistrar$CalendarToLongConverter
instanceKlass org/springframework/format/datetime/DateFormatterRegistrar$CalendarToDateConverter
instanceKlass org/springframework/format/datetime/DateFormatterRegistrar$DateToCalendarConverter
instanceKlass org/springframework/format/datetime/DateFormatterRegistrar$DateToLongConverter
instanceKlass org/springframework/format/datetime/DateFormatterRegistrar
instanceKlass org/springframework/format/datetime/standard/DateTimeConverters
instanceKlass org/springframework/format/datetime/standard/DateTimeFormatterFactory
instanceKlass org/springframework/format/datetime/standard/DateTimeFormatterRegistrar
instanceKlass org/springframework/format/FormatterRegistrar
instanceKlass org/springframework/format/support/FormattingConversionService$AnnotationParserConverter
instanceKlass org/springframework/format/support/FormattingConversionService$AnnotationPrinterConverter
instanceKlass org/springframework/util/NumberUtils
instanceKlass  @bci org/springframework/core/GenericTypeResolver getSingleGeneric (Lorg/springframework/core/ResolvableType;)Ljava/lang/Class; 15 <appendix> member <vmtarget> ; # org/springframework/core/GenericTypeResolver$$Lambda+0x000001faad0c30c0
instanceKlass org/springframework/format/annotation/NumberFormat
instanceKlass org/springframework/core/GenericTypeResolver
instanceKlass org/springframework/context/support/EmbeddedValueResolutionSupport
instanceKlass org/springframework/format/AnnotationFormatterFactory
instanceKlass org/springframework/core/convert/support/OptionalToObjectConverter
instanceKlass org/springframework/core/convert/support/ObjectToOptionalConverter
instanceKlass org/springframework/core/convert/support/FallbackObjectToStringConverter
instanceKlass org/springframework/core/convert/support/IdToEntityConverter
instanceKlass org/springframework/core/convert/support/ObjectToObjectConverter
instanceKlass java/time/ZonedDateTime
instanceKlass java/time/chrono/ChronoZonedDateTime
instanceKlass java/util/Calendar
instanceKlass org/springframework/core/convert/support/ZonedDateTimeToCalendarConverter
instanceKlass org/springframework/core/convert/support/ZoneIdToTimeZoneConverter
instanceKlass org/springframework/core/convert/support/StringToTimeZoneConverter
instanceKlass org/springframework/core/convert/support/InstantToDateConverter
instanceKlass java/time/Instant
instanceKlass java/util/Date
instanceKlass org/springframework/core/convert/support/DateToInstantConverter
instanceKlass org/springframework/core/convert/support/ByteBufferConverter
instanceKlass  @bci org/springframework/core/convert/TypeDescriptor <init> (Lorg/springframework/core/ResolvableType;Ljava/lang/Class;[Ljava/lang/annotation/Annotation;)V 27 <appendix> member <vmtarget> ; # org/springframework/core/convert/TypeDescriptor$$Lambda+0x000001faad0c62f8
instanceKlass  @bci java/lang/invoke/BootstrapMethodInvoker invoke (Ljava/lang/Class;Ljava/lang/invoke/MethodHandle;Ljava/lang/String;Ljava/lang/Object;Ljava/lang/Object;Ljava/lang/Class;)Ljava/lang/Object; 462 <adapter> ; # java/lang/invoke/LambdaForm$MH+0x000001faad0c0400
instanceKlass org/springframework/core/annotation/AnnotatedElementAdapter
instanceKlass org/springframework/core/convert/TypeDescriptor$AnnotatedElementSupplier
instanceKlass org/springframework/core/convert/TypeDescriptor
instanceKlass org/springframework/core/convert/support/StreamConverter
instanceKlass org/springframework/core/convert/support/ObjectToCollectionConverter
instanceKlass org/springframework/core/convert/support/CollectionToObjectConverter
instanceKlass org/springframework/core/convert/support/StringToCollectionConverter
instanceKlass org/springframework/core/convert/support/ObjectToArrayConverter
instanceKlass org/springframework/core/convert/support/ArrayToObjectConverter
instanceKlass org/springframework/core/convert/support/StringToArrayConverter
instanceKlass org/springframework/core/convert/support/CollectionToStringConverter
instanceKlass org/springframework/core/convert/support/ArrayToStringConverter
instanceKlass org/springframework/core/convert/support/MapToMapConverter
instanceKlass org/springframework/core/convert/support/CollectionToCollectionConverter
instanceKlass org/springframework/core/convert/support/ArrayToArrayConverter
instanceKlass org/springframework/core/convert/support/CollectionToArrayConverter
instanceKlass org/springframework/core/convert/support/ArrayToCollectionConverter
instanceKlass org/springframework/core/convert/support/StringToPatternConverter
instanceKlass java/util/UUID
instanceKlass org/springframework/core/convert/support/StringToUUIDConverter
instanceKlass org/springframework/core/convert/support/PropertiesToStringConverter
instanceKlass org/springframework/core/convert/support/StringToPropertiesConverter
instanceKlass java/util/Currency
instanceKlass org/springframework/core/convert/support/StringToCurrencyConverter
instanceKlass org/springframework/core/convert/support/StringToCharsetConverter
instanceKlass org/springframework/core/convert/support/StringToLocaleConverter
instanceKlass org/springframework/core/convert/support/IntegerToEnumConverterFactory
instanceKlass sun/reflect/generics/tree/Wildcard
instanceKlass sun/reflect/generics/tree/BottomSignature
instanceKlass org/springframework/core/convert/support/AbstractConditionalEnumConverter
instanceKlass org/springframework/core/convert/support/StringToEnumConverterFactory
instanceKlass org/springframework/core/convert/support/StringToBooleanConverter
instanceKlass org/springframework/core/convert/support/CharacterToNumberFactory
instanceKlass org/springframework/core/convert/support/NumberToCharacterConverter
instanceKlass org/springframework/core/convert/support/StringToCharacterConverter
instanceKlass org/springframework/core/convert/support/GenericConversionService$ConverterAdapter
instanceKlass org/springframework/core/convert/support/ObjectToStringConverter
instanceKlass org/springframework/core/convert/support/StringToNumberConverterFactory
instanceKlass java/util/concurrent/ConcurrentLinkedDeque$Node
instanceKlass  @bci org/springframework/core/convert/support/GenericConversionService$Converters getMatchableConverters (Lorg/springframework/core/convert/converter/GenericConverter$ConvertiblePair;)Lorg/springframework/core/convert/support/GenericConversionService$ConvertersForPair; 5 <appendix> argL0 ; # org/springframework/core/convert/support/GenericConversionService$Converters$$Lambda+0x000001faad0bce08
instanceKlass  @bci tools/jackson/databind/util/internal/UnreflectHandleSupplier <init> (Ljava/lang/invoke/MethodType;)V 6 <bsm> form vmentry <vmtarget> ; # java/lang/invoke/LambdaForm$DMH+0x000001faad0c0000
instanceKlass java/lang/invoke/MethodHandle$1
instanceKlass org/springframework/core/convert/support/GenericConversionService$ConvertersForPair
instanceKlass org/springframework/core/convert/converter/GenericConverter$ConvertiblePair
instanceKlass org/springframework/core/convert/support/GenericConversionService$ConverterFactoryAdapter
instanceKlass org/springframework/core/convert/converter/ConditionalGenericConverter
instanceKlass org/springframework/core/convert/support/NumberToNumberConverterFactory
instanceKlass org/springframework/core/convert/converter/ConditionalConverter
instanceKlass org/springframework/core/convert/support/GenericConversionService$Converters
instanceKlass org/springframework/core/convert/support/GenericConversionService$NoOpConverter
instanceKlass org/springframework/core/convert/converter/ConverterFactory
instanceKlass org/springframework/core/convert/converter/Converter
instanceKlass org/springframework/format/Formatter
instanceKlass org/springframework/format/Parser
instanceKlass org/springframework/format/Printer
instanceKlass org/springframework/core/convert/converter/GenericConverter
instanceKlass org/springframework/core/convert/support/GenericConversionService
instanceKlass org/springframework/context/EmbeddedValueResolverAware
instanceKlass org/springframework/format/FormatterRegistry
instanceKlass javax/naming/spi/NamingManager
instanceKlass sun/nio/fs/WindowsChannelFactory$Flags
instanceKlass sun/nio/fs/WindowsChannelFactory$1
instanceKlass sun/nio/fs/WindowsChannelFactory
instanceKlass sun/nio/fs/WindowsSecurityDescriptor
instanceKlass java/nio/file/attribute/FileAttribute
instanceKlass  @bci com/sun/naming/internal/VersionHelper getJavaHomeConfStream (Ljava/lang/String;)Ljava/io/InputStream; 1 <appendix> member <vmtarget> ; # com/sun/naming/internal/VersionHelper$$Lambda+0x000001faad07b4f0
instanceKlass  @bci com/sun/naming/internal/VersionHelper$InputStreamEnumeration getNextElement ()Ljava/io/InputStream; 1 <appendix> member <vmtarget> ; # com/sun/naming/internal/VersionHelper$InputStreamEnumeration$$Lambda+0x000001faad07b2d0
instanceKlass com/sun/naming/internal/VersionHelper$InputStreamEnumeration
instanceKlass javax/naming/NamingEnumeration
instanceKlass  @bci com/sun/naming/internal/VersionHelper getResources (Ljava/lang/ClassLoader;Ljava/lang/String;)Ljavax/naming/NamingEnumeration; 2 <appendix> member <vmtarget> ; # com/sun/naming/internal/VersionHelper$$Lambda+0x000001faad07ac10
instanceKlass  @bci com/sun/naming/internal/VersionHelper getContextClassLoader ()Ljava/lang/ClassLoader; 0 <appendix> argL0 ; # com/sun/naming/internal/VersionHelper$$Lambda+0x000001faad07a9f8
instanceKlass  @bci com/sun/naming/internal/VersionHelper getJndiProperties ()[Ljava/lang/String; 0 <appendix> argL0 ; # com/sun/naming/internal/VersionHelper$$Lambda+0x000001faad07a7e0
instanceKlass  @bci com/sun/naming/internal/VersionHelper <clinit> ()V 10 <appendix> argL0 ; # com/sun/naming/internal/VersionHelper$$Lambda+0x000001faad07a5c8
instanceKlass com/sun/naming/internal/VersionHelper
instanceKlass com/sun/naming/internal/ResourceManager
instanceKlass org/springframework/jndi/JndiAccessor
instanceKlass org/springframework/util/PlaceholderParser
instanceKlass org/springframework/util/PropertyPlaceholderHelper
instanceKlass org/springframework/util/PropertyPlaceholderHelper$PlaceholderResolver
instanceKlass org/springframework/util/SystemPropertyUtils
instanceKlass org/springframework/core/SpringProperties
instanceKlass org/springframework/core/env/AbstractPropertyResolver
instanceKlass org/springframework/boot/origin/OriginLookup
instanceKlass org/springframework/boot/context/properties/source/ConfigurationPropertySources
instanceKlass org/springframework/core/env/MutablePropertySources
instanceKlass javax/naming/InitialContext
instanceKlass javax/naming/Context
instanceKlass org/springframework/core/env/PropertySources
instanceKlass org/springframework/core/env/AbstractEnvironment
instanceKlass org/springframework/web/context/ConfigurableWebEnvironment
instanceKlass org/springframework/boot/web/server/servlet/context/ServletWebServerApplicationContextFactory
instanceKlass org/springframework/boot/web/server/reactive/context/ReactiveWebServerApplicationContextFactory
instanceKlass  @bci org/springframework/boot/DefaultApplicationContextFactory createEnvironment (Lorg/springframework/boot/WebApplicationType;)Lorg/springframework/core/env/ConfigurableEnvironment; 2 <appendix> argL0 ; # org/springframework/boot/DefaultApplicationContextFactory$$Lambda+0x000001faad0b40b8
instanceKlass org/springframework/core/env/CommandLineArgs
instanceKlass org/springframework/core/env/SimpleCommandLineArgsParser
instanceKlass org/springframework/boot/DefaultApplicationArguments
instanceKlass java/util/logging/LogManager$CloseOnReset
instanceKlass java/util/logging/StreamHandler$1
instanceKlass java/util/logging/Handler$1
instanceKlass java/util/logging/ErrorManager
instanceKlass jdk/internal/logger/SimpleConsoleLogger$Formatting
instanceKlass sun/util/logging/PlatformLogger
instanceKlass sun/util/logging/PlatformLogger$ConfigurableBridge$LoggerConfiguration
instanceKlass  @bci java/util/logging/SimpleFormatter <init> ()V 5 <appendix> argL0 ; # java/util/logging/SimpleFormatter$$Lambda+0x000001faad0775e8
instanceKlass java/util/logging/Formatter
instanceKlass java/util/logging/LogManager$4
instanceKlass jdk/internal/logger/BootstrapLogger$BootstrapExecutors
instanceKlass jdk/internal/logger/BootstrapLogger$RedirectedLoggers
instanceKlass jdk/internal/logger/BootstrapLogger$DetectBackend$1
instanceKlass jdk/internal/logger/BootstrapLogger$DetectBackend
instanceKlass jdk/internal/logger/BootstrapLogger
instanceKlass sun/util/logging/PlatformLogger$ConfigurableBridge
instanceKlass sun/util/logging/PlatformLogger$Bridge
instanceKlass java/lang/System$Logger
instanceKlass java/util/stream/Streams
instanceKlass java/util/stream/Stream$Builder
instanceKlass java/util/stream/Streams$AbstractStreamBuilderImpl
instanceKlass  @bci java/util/logging/Level$KnownLevel findByName (Ljava/lang/String;Ljava/util/function/Function;)Ljava/util/Optional; 29 <appendix> argL0 ; # java/util/logging/Level$KnownLevel$$Lambda+0x800000025
instanceKlass  @bci java/util/logging/Level findLevel (Ljava/lang/String;)Ljava/util/logging/Level; 13 <appendix> argL0 ; # java/util/logging/Level$$Lambda+0x800000013
instanceKlass java/util/Hashtable$Enumerator
instanceKlass java/util/Collections$3
instanceKlass java/util/logging/LogManager$LoggerContext$1
instanceKlass java/util/logging/LogManager$VisitedLoggers
instanceKlass java/util/logging/Logger$ConfigurationData
instanceKlass java/util/logging/Logger$LoggerBundle
instanceKlass java/util/logging/Logger
instanceKlass java/util/logging/LogManager$2
instanceKlass java/lang/System$LoggerFinder
instanceKlass java/util/logging/LogManager$LoggingProviderAccess
instanceKlass sun/util/logging/internal/LoggingProviderImpl$LogManagerAccess
instanceKlass java/lang/Shutdown$Lock
instanceKlass java/lang/Shutdown
instanceKlass java/lang/ApplicationShutdownHooks$1
instanceKlass java/lang/ApplicationShutdownHooks
instanceKlass java/util/Collections$SynchronizedMap
instanceKlass java/util/logging/LogManager$LogNode
instanceKlass java/util/logging/LogManager$LoggerContext
instanceKlass java/util/logging/LogManager$1
instanceKlass  @bci java/util/logging/Level$KnownLevel add (Ljava/util/logging/Level;)V 49 <appendix> argL0 ; # java/util/logging/Level$KnownLevel$$Lambda+0x800000024
instanceKlass  @bci java/util/logging/Level$KnownLevel add (Ljava/util/logging/Level;)V 19 <appendix> argL0 ; # java/util/logging/Level$KnownLevel$$Lambda+0x800000023
instanceKlass java/util/logging/Level
instanceKlass java/util/logging/Handler
instanceKlass  @bci org/springframework/boot/logging/logback/LogbackLoggingSystem getLoggerContext ()Lch/qos/logback/classic/LoggerContext; 11 <appendix> member <vmtarget> ; # org/springframework/boot/logging/logback/LogbackLoggingSystem$$Lambda+0x000001faad0b2e90
instanceKlass org/springframework/boot/logging/AbstractLoggingSystem$LogLevels
instanceKlass org/springframework/boot/logging/LoggerConfigurationComparator
instanceKlass org/springframework/boot/logging/logback/LogbackConfigurator
instanceKlass ch/qos/logback/classic/spi/LoggerContextListener
instanceKlass org/springframework/boot/logging/LoggingSystemProperties
instanceKlass  @bci org/springframework/core/annotation/TypeMappedAnnotation createIfPossible (Lorg/springframework/core/annotation/AnnotationTypeMapping;Ljava/lang/Object;Ljava/lang/annotation/Annotation;ILorg/springframework/core/annotation/IntrospectionFailureLogger;)Lorg/springframework/core/annotation/TypeMappedAnnotation; 3 <appendix> argL0 ; # org/springframework/core/annotation/TypeMappedAnnotation$$Lambda+0x000001faad0b0928
instanceKlass org/springframework/core/annotation/AnnotationUtils
instanceKlass org/springframework/core/annotation/ValueExtractor
instanceKlass  @bci org/springframework/core/annotation/AnnotationTypeMappings <init> (Lorg/springframework/core/annotation/RepeatableContainers;Lorg/springframework/core/annotation/AnnotationFilter;Ljava/lang/Class;Ljava/util/Set;)V 36 <appendix> argL0 ; # org/springframework/core/annotation/AnnotationTypeMappings$$Lambda+0x000001faad0abbe8
instanceKlass  @bci org/springframework/boot/autoconfigure/ssl/SslPropertiesBundleRegistrar registerBundles (Lorg/springframework/boot/ssl/SslBundleRegistry;Ljava/util/Map;Ljava/util/function/BiFunction;Ljava/util/function/Function;)V 6 <appendix> form vmentry <vmtarget> ; # java/lang/invoke/LambdaForm$DMH+0x000001faad0ab400
instanceKlass  @bci sun/reflect/annotation/AnnotationParser parseEnumArray (ILjava/lang/Class;Ljava/nio/ByteBuffer;Ljdk/internal/reflect/ConstantPool;Ljava/lang/Class;)Ljava/lang/Object; 16 <appendix> member <vmtarget> ; # sun/reflect/annotation/AnnotationParser$$Lambda+0x000001faad075dd8
instanceKlass org/springframework/core/annotation/AliasFor
instanceKlass org/springframework/core/annotation/AnnotationTypeMapping$MirrorSets
instanceKlass org/springframework/core/annotation/AnnotationTypeMapping$MirrorSets$MirrorSet
instanceKlass org/springframework/core/annotation/AnnotationTypeMapping
instanceKlass  @bci org/springframework/core/annotation/AnnotationTypeMappings forAnnotationType (Ljava/lang/Class;Lorg/springframework/core/annotation/RepeatableContainers;Lorg/springframework/core/annotation/AnnotationFilter;Ljava/util/Set;)Lorg/springframework/core/annotation/AnnotationTypeMappings; 12 <appendix> member <vmtarget> ; # org/springframework/core/annotation/AnnotationTypeMappings$$Lambda+0x000001faad0af220
instanceKlass org/springframework/core/annotation/AnnotationTypeMappings$Cache
instanceKlass org/springframework/core/annotation/AnnotationTypeMappings
instanceKlass  @bci org/springframework/core/annotation/RepeatableContainers$StandardRepeatableContainers getRepeatedAnnotationsMethod (Ljava/lang/Class;)Ljava/lang/reflect/Method; 4 <appendix> argL0 ; # org/springframework/core/annotation/RepeatableContainers$StandardRepeatableContainers$$Lambda+0x000001faad0aebd0
instanceKlass  @bci org/springframework/core/annotation/AttributeMethods forAnnotationType (Ljava/lang/Class;)Lorg/springframework/core/annotation/AttributeMethods; 12 <appendix> argL0 ; # org/springframework/core/annotation/AttributeMethods$$Lambda+0x000001faad0ae998
instanceKlass  @bci org/springframework/core/annotation/AttributeMethods <clinit> ()V 31 <appendix> argL0 ; # org/springframework/core/annotation/AttributeMethods$$Lambda+0x000001faad0ae708
instanceKlass  @cpi org/springframework/beans/factory/support/AutowireUtils 357 form vmentry <vmtarget> ; # java/lang/invoke/LambdaForm$DMH+0x000001faad0ab000
instanceKlass org/springframework/core/annotation/AttributeMethods
instanceKlass org/springframework/beans/factory/aot/BeanFactoryInitializationAotProcessor
instanceKlass org/springframework/boot/logging/logback/LogbackLoggingSystem$Factory
instanceKlass org/springframework/boot/logging/log4j2/Log4J2LoggingSystem$Factory
instanceKlass org/springframework/boot/logging/java/JavaLoggingSystem$Factory
instanceKlass  @bci org/springframework/boot/logging/LoggingSystemFactory fromSpringFactories ()Lorg/springframework/boot/logging/LoggingSystemFactory; 4 <appendix> argL0 ; # org/springframework/boot/logging/LoggingSystemFactory$$Lambda+0x000001faad0ac228
instanceKlass org/springframework/boot/logging/DelegatingLoggingSystemFactory
instanceKlass org/springframework/boot/logging/LoggingSystemFactory
instanceKlass org/springframework/boot/logging/LoggingSystem
# instanceKlass java/lang/invoke/LambdaForm$MH+0x000001faad0aac00
# instanceKlass java/lang/invoke/LambdaForm$MH+0x000001faad0aa800
# instanceKlass java/lang/invoke/LambdaForm$MH+0x000001faad0aa400
instanceKlass  @cpi org/springframework/web/cors/CorsConfiguration 448 form vmentry <vmtarget> ; # java/lang/invoke/LambdaForm$DMH+0x000001faad0aa000
instanceKlass  @cpi sun/nio/ch/NioSocketImpl 908 form vmentry <vmtarget> ; # java/lang/invoke/LambdaForm$DMH+0x000001faad0a9400
instanceKlass com/bookstore/BookstoreApplication
instanceKlass  @bci java/io/FilePermissionCollection add (Ljava/security/Permission;)V 68 <appendix> argL0 ; # java/io/FilePermissionCollection$$Lambda+0x000001faad075780
instanceKlass java/net/URLClassLoader$1
instanceKlass  @bci org/springframework/boot/devtools/filewatch/ChangedFiles toString ()Ljava/lang/String; 14 <appendix> form vmentry <vmtarget> ; # java/lang/invoke/LambdaForm$MH+0x000001faad0a9000
# instanceKlass java/lang/invoke/LambdaForm$MH+0x000001faad0a8c00
instanceKlass  @bci org/springframework/boot/devtools/filewatch/ChangedFiles toString ()Ljava/lang/String; 14 <appendix> argL3 form vmentry <vmtarget> ; # java/lang/invoke/LambdaForm$MH+0x000001faad0a8800
instanceKlass  @bci org/apache/catalina/core/ApplicationFilterConfig registerJMX ()V 141 <appendix> argL4 argL2 form vmentry <vmtarget> ; # java/lang/invoke/LambdaForm$MH+0x000001faad0a8400
# instanceKlass java/lang/invoke/LambdaForm$MH+0x000001faad0a8000
# instanceKlass java/lang/invoke/LambdaForm$MH+0x000001faad0a5c00
# instanceKlass java/lang/invoke/LambdaForm$MH+0x000001faad0a5800
instanceKlass  @bci org/springframework/boot/devtools/filewatch/ChangedFiles toString ()Ljava/lang/String; 14 <appendix> argL1 form vmentry <vmtarget> ; # java/lang/invoke/LambdaForm$MH+0x000001faad0a5400
# instanceKlass java/lang/invoke/LambdaForm$MH+0x000001faad0a5000
# instanceKlass java/lang/invoke/LambdaForm$MH+0x000001faad0a4c00
# instanceKlass java/lang/invoke/LambdaForm$MH+0x000001faad0a4800
instanceKlass  @bci org/springframework/boot/devtools/restart/FailureHandler <clinit> ()V 0 <appendix> argL0 ; # org/springframework/boot/devtools/restart/FailureHandler$$Lambda+0x000001faad0a70d8
instanceKlass org/springframework/boot/devtools/restart/FailureHandler
instanceKlass  @bci org/springframework/boot/devtools/restart/Restarter immediateRestart ()V 5 <appendix> member <vmtarget> ; # org/springframework/boot/devtools/restart/Restarter$$Lambda+0x000001faad0a6a80
instanceKlass jdk/internal/reflect/FieldAccessor
# instanceKlass java/lang/invoke/LambdaForm$MH+0x000001faad0a4400
instanceKlass org/springframework/asm/ClassVisitor
instanceKlass org/springframework/cglib/core/ClassNameReader
instanceKlass java/util/concurrent/LinkedBlockingDeque$Node
instanceKlass java/lang/Thread$ThreadNumbering
instanceKlass org/springframework/boot/devtools/restart/MainMethod
instanceKlass  @bci org/springframework/boot/devtools/settings/DevToolsSettings add (Ljava/util/Map;)V 50 <appendix> member <vmtarget> ; # org/springframework/boot/devtools/settings/DevToolsSettings$$Lambda+0x000001faad0a38c0
instanceKlass  @bci org/springframework/boot/devtools/settings/DevToolsSettings getPatterns (Ljava/util/Map;Ljava/lang/String;)Ljava/util/Map; 11 <appendix> member <vmtarget> ; # org/springframework/boot/devtools/settings/DevToolsSettings$$Lambda+0x000001faad0a3690
instanceKlass org/springframework/boot/devtools/settings/DevToolsSettings
instanceKlass java/util/jar/JarVerifier
instanceKlass  @bci org/springframework/boot/devtools/restart/ChangeableUrls urlsFromClassLoader (Ljava/lang/ClassLoader;)[Ljava/net/URL; 44 <appendix> argL0 ; # org/springframework/boot/devtools/restart/ChangeableUrls$$Lambda+0x000001faad0a3258
instanceKlass  @bci org/springframework/boot/devtools/restart/ChangeableUrls urlsFromClassLoader (Ljava/lang/ClassLoader;)[Ljava/net/URL; 34 <appendix> argL0 ; # org/springframework/boot/devtools/restart/ChangeableUrls$$Lambda+0x000001faad0a3020
instanceKlass  @bci java/util/stream/Collectors toList ()Ljava/util/stream/Collector; 14 <appendix> argL0 ; # java/util/stream/Collectors$$Lambda+0x000001faad073e48
instanceKlass  @bci java/util/stream/Collectors toList ()Ljava/util/stream/Collector; 9 <appendix> argL0 ; # java/util/stream/Collectors$$Lambda+0x000001faad073c20
instanceKlass  @bci java/util/stream/Collectors toList ()Ljava/util/stream/Collector; 4 <appendix> argL0 ; # java/util/stream/Collectors$$Lambda+0x000001faad073a08
instanceKlass  @bci sun/management/spi/PlatformMBeanProvider$PlatformComponent getMBeans (Ljava/lang/Class;)Ljava/util/List; 63 <appendix> member <vmtarget> ; # sun/management/spi/PlatformMBeanProvider$PlatformComponent$$Lambda+0x000001faad0737c8
instanceKlass  @bci sun/management/spi/PlatformMBeanProvider$PlatformComponent getMBeans (Ljava/lang/Class;)Ljava/util/List; 47 <appendix> member <vmtarget> ; # sun/management/spi/PlatformMBeanProvider$PlatformComponent$$Lambda+0x000001faad073578
instanceKlass  @cpi tools/jackson/databind/introspect/AnnotatedCreatorCollector 399 form vmentry <vmtarget> ; # java/lang/invoke/LambdaForm$DMH+0x000001faad0a4000
instanceKlass java/util/Collections$2
instanceKlass sun/management/RuntimeImpl
instanceKlass java/util/stream/ReduceOps$2ReducingSink
instanceKlass  @bci java/lang/management/ManagementFactory$PlatformMBeanFinder findSingleton (Ljava/lang/Class;)Lsun/management/spi/PlatformMBeanProvider$PlatformComponent; 30 <appendix> member <vmtarget> ; # java/lang/management/ManagementFactory$PlatformMBeanFinder$$Lambda+0x000001faad0727b0
instanceKlass  @bci java/lang/management/ManagementFactory$PlatformMBeanFinder findSingleton (Ljava/lang/Class;)Lsun/management/spi/PlatformMBeanProvider$PlatformComponent; 19 <appendix> member <vmtarget> ; # java/lang/management/ManagementFactory$PlatformMBeanFinder$$Lambda+0x000001faad072560
instanceKlass java/util/HashMap$HashMapSpliterator
instanceKlass jdk/management/jfr/internal/FlightRecorderMXBeanProvider$SingleMBeanComponent
instanceKlass jdk/management/jfr/FlightRecorderMXBean
instanceKlass java/lang/management/DefaultPlatformMBeanProvider$11
instanceKlass java/lang/management/DefaultPlatformMBeanProvider$10
instanceKlass java/lang/management/DefaultPlatformMBeanProvider$9
instanceKlass java/util/logging/LogManager
instanceKlass sun/management/ManagementFactoryHelper$LoggingMXBeanAccess$1
instanceKlass sun/management/ManagementFactoryHelper$LoggingMXBeanAccess
instanceKlass java/lang/management/DefaultPlatformMBeanProvider$8
instanceKlass java/lang/management/DefaultPlatformMBeanProvider$7
instanceKlass java/lang/management/DefaultPlatformMBeanProvider$6
instanceKlass java/lang/management/DefaultPlatformMBeanProvider$5
instanceKlass java/lang/management/DefaultPlatformMBeanProvider$4
instanceKlass java/lang/management/DefaultPlatformMBeanProvider$3
instanceKlass java/lang/management/DefaultPlatformMBeanProvider$2
instanceKlass java/lang/management/DefaultPlatformMBeanProvider$1
instanceKlass com/sun/management/internal/PlatformMBeanProviderImpl$5
instanceKlass sun/management/VMManagementImpl
instanceKlass sun/management/VMManagement
instanceKlass sun/management/ManagementFactoryHelper
instanceKlass sun/management/NotificationEmitterSupport
instanceKlass javax/management/NotificationEmitter
instanceKlass javax/management/NotificationBroadcaster
instanceKlass com/sun/management/DiagnosticCommandMBean
instanceKlass javax/management/DynamicMBean
instanceKlass com/sun/management/internal/PlatformMBeanProviderImpl$4
instanceKlass com/sun/management/internal/PlatformMBeanProviderImpl$3
instanceKlass com/sun/management/internal/PlatformMBeanProviderImpl$2
instanceKlass java/util/stream/ReduceOps$AccumulatingSink
instanceKlass java/util/stream/ReduceOps$Box
instanceKlass java/util/stream/ReduceOps$ReduceOp
instanceKlass java/util/stream/ReduceOps
instanceKlass  @bci java/util/stream/Collectors castingIdentity ()Ljava/util/function/Function; 0 <appendix> argL0 ; # java/util/stream/Collectors$$Lambda+0x800000043
instanceKlass  @bci java/util/stream/Collectors toSet ()Ljava/util/stream/Collector; 14 <appendix> argL0 ; # java/util/stream/Collectors$$Lambda+0x800000041
instanceKlass java/util/function/BinaryOperator
instanceKlass  @bci java/util/stream/Collectors toSet ()Ljava/util/stream/Collector; 9 <appendix> argL0 ; # java/util/stream/Collectors$$Lambda+0x80000003a
instanceKlass  @bci java/util/stream/Collectors toSet ()Ljava/util/stream/Collector; 4 <appendix> argL0 ; # java/util/stream/Collectors$$Lambda+0x800000046
instanceKlass java/util/stream/Collector
instanceKlass java/util/stream/Collectors
instanceKlass com/sun/management/internal/PlatformMBeanProviderImpl$1
instanceKlass sun/management/spi/PlatformMBeanProvider$PlatformComponent
instanceKlass  @bci com/sun/management/internal/PlatformMBeanProviderImpl <clinit> ()V 8 <appendix> argL0 ; # com/sun/management/internal/PlatformMBeanProviderImpl$$Lambda+0x000001faad06d568
instanceKlass java/util/concurrent/Callable
instanceKlass java/util/concurrent/CopyOnWriteArrayList$COWIterator
instanceKlass sun/management/spi/PlatformMBeanProvider
instanceKlass java/security/Security$1
instanceKlass jdk/internal/access/JavaSecurityPropertiesAccess
instanceKlass java/util/concurrent/ConcurrentHashMap$MapEntry
instanceKlass  @bci java/security/Security <clinit> ()V 9 <appendix> argL0 ; # java/security/Security$$Lambda+0x80000000b
instanceKlass java/security/Security
instanceKlass sun/security/util/SecurityProperties
instanceKlass sun/security/util/FilePermCompat
instanceKlass java/io/FilePermission$1
instanceKlass jdk/internal/access/JavaIOFilePermissionAccess
instanceKlass java/lang/management/ManagementFactory$PlatformMBeanFinder$1
instanceKlass java/lang/management/ManagementFactory$PlatformMBeanFinder
instanceKlass java/lang/management/RuntimeMXBean
instanceKlass java/lang/management/PlatformManagedObject
instanceKlass  @bci java/lang/management/ManagementFactory loadNativeLib ()V 0 <appendix> argL0 ; # java/lang/management/ManagementFactory$$Lambda+0x000001faad06bb18
instanceKlass java/lang/management/ManagementFactory
instanceKlass org/springframework/boot/devtools/logger/DevToolsLogFactory
instanceKlass org/springframework/boot/devtools/restart/ChangeableUrls
instanceKlass org/springframework/boot/devtools/restart/SilentExitExceptionHandler
instanceKlass org/springframework/boot/logging/DeferredLog$Line
instanceKlass org/springframework/boot/logging/DeferredLog
instanceKlass org/springframework/boot/devtools/restart/classloader/ClassLoaderFiles
instanceKlass org/springframework/core/SmartClassLoader
instanceKlass org/springframework/boot/devtools/restart/classloader/ClassLoaderFileRepository
instanceKlass org/springframework/beans/factory/support/BeanDefinitionRegistry
instanceKlass org/springframework/core/AliasRegistry
instanceKlass org/springframework/core/io/DefaultResourceLoader
instanceKlass java/util/concurrent/BlockingDeque
instanceKlass org/springframework/boot/devtools/restart/Restarter
instanceKlass org/springframework/boot/devtools/restart/AgentReloader
instanceKlass org/springframework/boot/devtools/restart/DefaultRestartInitializer
instanceKlass java/util/Collections$UnmodifiableCollection$1
instanceKlass java/lang/StackTraceElement$HashedModules
instanceKlass org/springframework/context/aot/AbstractAotProcessor
instanceKlass org/springframework/boot/devtools/system/DevToolsEnablementDeducer
instanceKlass org/springframework/aop/SpringProxy
instanceKlass org/springframework/aop/support/AopUtils
instanceKlass org/springframework/context/event/GenericApplicationListenerAdapter
instanceKlass org/springframework/context/event/AbstractApplicationEventMulticaster$CachedListenerRetriever
instanceKlass org/springframework/context/event/AbstractApplicationEventMulticaster$ListenerCacheKey
instanceKlass org/springframework/core/ResolvableTypeProvider
instanceKlass org/springframework/aop/framework/Advised
instanceKlass org/springframework/aop/TargetClassAware
instanceKlass org/springframework/aop/framework/AopProxyUtils
instanceKlass  @bci org/springframework/boot/context/event/EventPublishingRunListener refreshApplicationListeners ()V 16 <appendix> member <vmtarget> ; # org/springframework/boot/context/event/EventPublishingRunListener$$Lambda+0x000001faad09bd00
instanceKlass  @bci org/springframework/boot/SpringApplicationRunListeners starting (Lorg/springframework/boot/bootstrap/ConfigurableBootstrapContext;Ljava/lang/Class;)V 10 <appendix> member <vmtarget> ; # org/springframework/boot/SpringApplicationRunListeners$$Lambda+0x000001faad09bad0
instanceKlass  @bci org/springframework/boot/SpringApplicationRunListeners starting (Lorg/springframework/boot/bootstrap/ConfigurableBootstrapContext;Ljava/lang/Class;)V 4 <appendix> member <vmtarget> ; # org/springframework/boot/SpringApplicationRunListeners$$Lambda+0x000001faad09b8a0
instanceKlass org/springframework/boot/SpringApplicationRunListeners
# instanceKlass java/lang/invoke/LambdaForm$MH+0x000001faad09cc00
# instanceKlass java/lang/invoke/LambdaForm$MH+0x000001faad09c800
instanceKlass java/util/stream/Nodes$ArrayNode
instanceKlass  @bci org/springframework/core/io/support/SpringFactoriesLoader$FactoryInstantiator resolveArgs (Lorg/springframework/core/io/support/SpringFactoriesLoader$ArgumentResolver;)[Ljava/lang/Object; 22 <appendix> member <vmtarget> ; # org/springframework/core/io/support/SpringFactoriesLoader$FactoryInstantiator$$Lambda+0x000001faad09b420
instanceKlass  @cpi org/springframework/web/servlet/function/support/RouterFunctionMapping 382 form vmentry <vmtarget> ; # java/lang/invoke/LambdaForm$DMH+0x000001faad09c400
instanceKlass org/springframework/util/ErrorHandler
instanceKlass org/springframework/boot/availability/AvailabilityState
instanceKlass org/springframework/boot/context/event/EventPublishingRunListener
instanceKlass org/springframework/boot/SpringApplicationRunListener
instanceKlass  @bci org/springframework/core/io/support/SpringFactoriesLoader$ArgumentResolver and (Lorg/springframework/core/io/support/SpringFactoriesLoader$ArgumentResolver;)Lorg/springframework/core/io/support/SpringFactoriesLoader$ArgumentResolver; 2 <appendix> member <vmtarget> ; # org/springframework/core/io/support/SpringFactoriesLoader$ArgumentResolver$$Lambda+0x000001faad09a2c8
instanceKlass  @cpi org/springframework/core/io/support/SpringFactoriesLoader$ArgumentResolver 103 form vmentry <vmtarget> ; # java/lang/invoke/LambdaForm$DMH+0x000001faad09c000
instanceKlass org/springframework/core/io/support/SpringFactoriesLoader$ArgumentResolver$1
instanceKlass  @bci org/springframework/core/io/support/SpringFactoriesLoader$ArgumentResolver ofSupplied (Ljava/lang/Class;Ljava/util/function/Supplier;)Lorg/springframework/core/io/support/SpringFactoriesLoader$ArgumentResolver; 2 <appendix> member <vmtarget> ; # org/springframework/core/io/support/SpringFactoriesLoader$ArgumentResolver$$Lambda+0x000001faad099e30
instanceKlass  @bci org/springframework/core/io/support/SpringFactoriesLoader$ArgumentResolver of (Ljava/lang/Class;Ljava/lang/Object;)Lorg/springframework/core/io/support/SpringFactoriesLoader$ArgumentResolver; 2 <appendix> member <vmtarget> ; # org/springframework/core/io/support/SpringFactoriesLoader$ArgumentResolver$$Lambda+0x000001faad099c10
instanceKlass org/springframework/core/io/support/SpringFactoriesLoader$ArgumentResolver
instanceKlass  @bci org/springframework/boot/SpringApplication createBootstrapContext ()Lorg/springframework/boot/bootstrap/DefaultBootstrapContext; 13 <appendix> member <vmtarget> ; # org/springframework/boot/SpringApplication$$Lambda+0x000001faad0997e8
instanceKlass org/springframework/context/event/AbstractApplicationEventMulticaster$DefaultListenerRetriever
instanceKlass org/springframework/context/event/AbstractApplicationEventMulticaster
instanceKlass org/springframework/beans/factory/BeanFactoryAware
instanceKlass org/springframework/beans/factory/BeanClassLoaderAware
instanceKlass org/springframework/context/event/ApplicationEventMulticaster
instanceKlass org/springframework/boot/bootstrap/DefaultBootstrapContext
instanceKlass org/springframework/boot/SpringApplication$Startup
instanceKlass  @bci org/springframework/boot/SpringApplication findMainClass (Ljava/util/stream/Stream;)Ljava/util/Optional; 16 <appendix> argL0 ; # org/springframework/boot/SpringApplication$$Lambda+0x000001faad097920
instanceKlass  @bci org/springframework/boot/SpringApplication findMainClass (Ljava/util/stream/Stream;)Ljava/util/Optional; 1 <appendix> argL0 ; # org/springframework/boot/SpringApplication$$Lambda+0x000001faad0976d8
instanceKlass  @bci org/springframework/boot/SpringApplication deduceMainApplicationClass ()Ljava/lang/Class; 7 <appendix> member <vmtarget> ; # org/springframework/boot/SpringApplication$$Lambda+0x000001faad097498
instanceKlass org/springframework/core/NativeDetector
instanceKlass java/util/concurrent/CountDownLatch
instanceKlass org/springframework/boot/autoconfigure/preinitialize/BackgroundPreinitializingApplicationListener
instanceKlass org/springframework/boot/logging/DeferredLog$Lines
instanceKlass org/springframework/boot/logging/DeferredLogs
instanceKlass  @bci org/springframework/boot/support/EnvironmentPostProcessorApplicationListener <init> ()V 1 <appendix> argL0 ; # org/springframework/boot/support/EnvironmentPostProcessorApplicationListener$$Lambda+0x000001faad096958
instanceKlass org/springframework/boot/support/EnvironmentPostProcessorsFactory
instanceKlass org/springframework/boot/logging/DeferredLogFactory
instanceKlass org/springframework/boot/support/EnvironmentPostProcessorApplicationListener
instanceKlass org/springframework/boot/support/AnsiOutputApplicationListener
instanceKlass  @bci org/springframework/util/MultiValueMapAdapter add (Ljava/lang/Object;Ljava/lang/Object;)V 5 <appendix> argL0 ; # org/springframework/util/MultiValueMapAdapter$$Lambda+0x000001faad094548
instanceKlass org/springframework/util/MultiValueMapAdapter
instanceKlass org/springframework/core/ResolvableType$DefaultVariableResolver
instanceKlass sun/reflect/generics/reflectiveObjects/ParameterizedTypeImpl
instanceKlass sun/reflect/generics/tree/TypeVariableSignature
instanceKlass org/springframework/core/ResolvableType$TypeVariablesVariableResolver
instanceKlass org/springframework/core/ResolvableType$SyntheticParameterizedType
instanceKlass org/springframework/core/SerializableTypeWrapper$SerializableTypeProxy
instanceKlass java/lang/reflect/WildcardType
instanceKlass java/lang/reflect/ParameterizedType
instanceKlass org/springframework/core/SerializableTypeWrapper
instanceKlass  @bci org/springframework/core/ResolvableType forClassWithGenerics (Ljava/lang/Class;[Lorg/springframework/core/ResolvableType;)Lorg/springframework/core/ResolvableType; 29 <appendix> member <vmtarget> ; # org/springframework/core/ResolvableType$$Lambda+0x000001faad092ef8
instanceKlass sun/reflect/generics/reflectiveObjects/LazyReflectiveObjectGenerator
instanceKlass sun/reflect/generics/tree/ClassSignature
instanceKlass sun/reflect/generics/tree/Signature
instanceKlass sun/reflect/generics/tree/FormalTypeParameter
instanceKlass java/lang/reflect/TypeVariable
instanceKlass sun/reflect/generics/repository/AbstractRepository
instanceKlass org/springframework/core/ResolvableType$EmptyType
instanceKlass org/springframework/core/ResolvableType$VariableResolver
instanceKlass org/springframework/core/SerializableTypeWrapper$TypeProvider
instanceKlass org/springframework/core/ResolvableType
instanceKlass org/springframework/boot/context/properties/bind/Bindable
instanceKlass org/springframework/boot/context/properties/source/ConfigurationPropertyName$ElementsParser
instanceKlass org/springframework/boot/context/properties/source/ConfigurationPropertyName$Elements
instanceKlass org/springframework/boot/context/properties/source/ConfigurationPropertyName
instanceKlass org/springframework/boot/context/logging/LoggingApplicationListener
instanceKlass org/springframework/context/event/GenericApplicationListener
instanceKlass org/springframework/context/event/SmartApplicationListener
instanceKlass org/springframework/boot/context/FileEncodingApplicationListener
instanceKlass org/springframework/boot/builder/ParentContextCloserApplicationListener
instanceKlass org/springframework/boot/ClearCachesApplicationListener
instanceKlass org/springframework/boot/devtools/restart/RestartInitializer
instanceKlass org/springframework/boot/devtools/restart/RestartApplicationListener
instanceKlass org/springframework/boot/devtools/logger/DevToolsLogFactory$Listener
instanceKlass org/springframework/core/DecoratingProxy
instanceKlass org/springframework/core/annotation/AbstractMergedAnnotation
instanceKlass java/lang/annotation/Target
instanceKlass java/lang/reflect/Proxy$ProxyBuilder$1
instanceKlass jdk/internal/org/objectweb/asm/Edge
instanceKlass  @bci java/lang/reflect/ProxyGenerator addProxyMethod (Ljava/lang/reflect/Method;Ljava/lang/Class;)V 23 <appendix> argL0 ; # java/lang/reflect/ProxyGenerator$$Lambda+0x000001faad0663e0
instanceKlass  @bci java/lang/reflect/ProxyGenerator addProxyMethod (Ljava/lang/reflect/ProxyGenerator$ProxyMethod;)V 10 <appendix> argL0 ; # java/lang/reflect/ProxyGenerator$$Lambda+0x000001faad0661a8
instanceKlass java/util/StringJoiner
instanceKlass java/lang/reflect/ProxyGenerator$ProxyMethod
instanceKlass  @bci java/lang/reflect/Proxy getLoader (Ljava/lang/Module;)Ljava/lang/ClassLoader; 6 <appendix> member <vmtarget> ; # java/lang/reflect/Proxy$$Lambda+0x000001faad065a68
instanceKlass  @bci java/lang/WeakPairMap computeIfAbsent (Ljava/lang/Object;Ljava/lang/Object;Ljava/util/function/BiFunction;)Ljava/lang/Object; 18 <appendix> member <vmtarget> ; # java/lang/WeakPairMap$$Lambda+0x000001faad065620
instanceKlass  @bci java/lang/Module implAddExportsOrOpens (Ljava/lang/String;Ljava/lang/Module;ZZ)V 145 <appendix> argL0 ; # java/lang/Module$$Lambda+0x000001faad0653f8
instanceKlass  @bci java/lang/module/ModuleDescriptor$Builder packages (Ljava/util/Set;)Ljava/lang/module/ModuleDescriptor$Builder; 17 <appendix> argL0 ; # java/lang/module/ModuleDescriptor$Builder$$Lambda+0x800000002
instanceKlass java/lang/WeakPairMap$Pair$Lookup
instanceKlass java/lang/WeakPairMap$Pair
instanceKlass java/lang/WeakPairMap
instanceKlass java/lang/Module$ReflectionData
instanceKlass jdk/internal/module/Checks
instanceKlass java/lang/module/ModuleDescriptor$Builder
instanceKlass  @bci java/lang/reflect/Proxy$ProxyBuilder getDynamicModule (Ljava/lang/ClassLoader;)Ljava/lang/Module; 4 <appendix> argL0 ; # java/lang/reflect/Proxy$ProxyBuilder$$Lambda+0x000001faad064ac0
instanceKlass java/lang/PublicMethods
instanceKlass java/lang/reflect/Proxy$ProxyBuilder
instanceKlass  @bci java/lang/reflect/Proxy getProxyConstructor (Ljava/lang/Class;Ljava/lang/ClassLoader;[Ljava/lang/Class;)Ljava/lang/reflect/Constructor; 35 <appendix> argL0 ; # java/lang/reflect/Proxy$$Lambda+0x000001faad063820
instanceKlass java/lang/reflect/Proxy
instanceKlass sun/reflect/annotation/AnnotationInvocationHandler
instanceKlass java/lang/reflect/InvocationHandler
instanceKlass sun/reflect/annotation/AnnotationParser$1
instanceKlass sun/reflect/annotation/ExceptionProxy
instanceKlass java/lang/annotation/Documented
instanceKlass java/lang/annotation/Inherited
instanceKlass java/lang/annotation/Retention
instanceKlass sun/reflect/annotation/AnnotationType$1
instanceKlass sun/reflect/annotation/AnnotationType
instanceKlass java/lang/reflect/GenericArrayType
instanceKlass java/lang/FunctionalInterface
instanceKlass sun/reflect/generics/visitor/Reifier
instanceKlass sun/reflect/generics/visitor/TypeTreeVisitor
instanceKlass sun/reflect/generics/factory/CoreReflectionFactory
instanceKlass sun/reflect/generics/factory/GenericsFactory
instanceKlass sun/reflect/generics/scope/AbstractScope
instanceKlass sun/reflect/generics/scope/Scope
instanceKlass sun/reflect/generics/tree/ClassTypeSignature
instanceKlass sun/reflect/generics/tree/SimpleClassTypeSignature
instanceKlass sun/reflect/generics/tree/FieldTypeSignature
instanceKlass sun/reflect/generics/tree/BaseType
instanceKlass sun/reflect/generics/tree/TypeSignature
instanceKlass sun/reflect/generics/tree/ReturnType
instanceKlass sun/reflect/generics/tree/TypeArgument
instanceKlass sun/reflect/generics/tree/TypeTree
instanceKlass sun/reflect/generics/tree/Tree
instanceKlass sun/reflect/generics/parser/SignatureParser
instanceKlass org/springframework/core/annotation/AnnotationsScanner$1
instanceKlass org/springframework/core/annotation/MergedAnnotationSelectors$FirstDirectlyDeclared
instanceKlass org/springframework/core/annotation/MergedAnnotationSelectors$Nearest
instanceKlass org/springframework/core/annotation/MergedAnnotationSelector
instanceKlass org/springframework/core/annotation/MergedAnnotationSelectors
instanceKlass org/springframework/core/annotation/MergedAnnotation
instanceKlass org/springframework/core/annotation/TypeMappedAnnotations$MergedAnnotationFinder
instanceKlass org/springframework/core/annotation/Order
instanceKlass org/springframework/core/annotation/OrderUtils
instanceKlass org/springframework/core/annotation/AnnotationsScanner
instanceKlass org/springframework/core/annotation/AnnotationsProcessor
instanceKlass org/springframework/core/annotation/TypeMappedAnnotations
instanceKlass  @bci org/springframework/core/annotation/MergedAnnotations$Search <clinit> ()V 8 <appendix> argL0 ; # org/springframework/core/annotation/MergedAnnotations$Search$$Lambda+0x000001faad08e450
instanceKlass  @bci org/springframework/core/annotation/MergedAnnotations$Search <clinit> ()V 0 <appendix> argL0 ; # org/springframework/core/annotation/MergedAnnotations$Search$$Lambda+0x000001faad08e208
instanceKlass org/springframework/core/annotation/MergedAnnotations$Search
instanceKlass org/springframework/core/annotation/AnnotationFilter$2
instanceKlass org/springframework/core/annotation/AnnotationFilter$1
instanceKlass java/util/ComparableTimSort
instanceKlass org/springframework/core/annotation/PackagesAnnotationFilter
instanceKlass org/springframework/core/annotation/AnnotationFilter
instanceKlass org/springframework/core/annotation/RepeatableContainers
instanceKlass org/springframework/core/annotation/MergedAnnotations
instanceKlass org/springframework/core/PriorityOrdered
instanceKlass org/springframework/boot/web/server/context/ServerPortInfoApplicationContextInitializer
instanceKlass  @bci org/springframework/boot/logging/LogLevel <clinit> ()V 97 <appendix> argL0 ; # org/springframework/boot/logging/LogLevel$$Lambda+0x000001faad089fb0
instanceKlass  @bci org/springframework/boot/logging/LogLevel <clinit> ()V 79 <appendix> argL0 ; # org/springframework/boot/logging/LogLevel$$Lambda+0x000001faad089d98
instanceKlass  @bci org/springframework/boot/logging/LogLevel <clinit> ()V 61 <appendix> argL0 ; # org/springframework/boot/logging/LogLevel$$Lambda+0x000001faad089b80
instanceKlass  @bci org/springframework/boot/logging/LogLevel <clinit> ()V 43 <appendix> argL0 ; # org/springframework/boot/logging/LogLevel$$Lambda+0x000001faad089968
instanceKlass  @bci org/springframework/boot/logging/LogLevel <clinit> ()V 25 <appendix> argL0 ; # org/springframework/boot/logging/LogLevel$$Lambda+0x000001faad089750
instanceKlass  @bci org/springframework/boot/logging/LogLevel <clinit> ()V 7 <appendix> argL0 ; # org/springframework/boot/logging/LogLevel$$Lambda+0x000001faad089538
instanceKlass  @cpi org/springframework/core/annotation/MergedAnnotationCollectors 269 form vmentry <vmtarget> ; # java/lang/invoke/LambdaForm$DMH+0x000001faad08c000
instanceKlass org/springframework/boot/logging/LogLevel$LogMethod
instanceKlass org/springframework/boot/autoconfigure/logging/ConditionEvaluationReportLoggingListener
instanceKlass org/springframework/boot/autoconfigure/SharedMetadataReaderFactoryContextInitializer
instanceKlass org/springframework/beans/factory/aot/BeanRegistrationExcludeFilter
instanceKlass org/springframework/boot/io/ProtocolResolverApplicationContextInitializer
instanceKlass org/springframework/boot/context/ContextIdApplicationContextInitializer
instanceKlass org/springframework/core/Ordered
instanceKlass org/springframework/boot/context/ConfigurationWarningsApplicationContextInitializer
instanceKlass org/springframework/beans/factory/config/Scope
instanceKlass org/springframework/boot/devtools/restart/RestartScopeInitializer
instanceKlass org/springframework/context/ApplicationContextInitializer
instanceKlass org/springframework/util/ObjectUtils
instanceKlass org/springframework/boot/bootstrap/BootstrapRegistryInitializer
instanceKlass org/springframework/web/context/ConfigurableWebApplicationContext
instanceKlass org/springframework/web/context/WebApplicationContext
instanceKlass jakarta/servlet/GenericServlet
instanceKlass jakarta/servlet/ServletConfig
instanceKlass org/springframework/context/EnvironmentAware
instanceKlass org/springframework/context/ApplicationContextAware
instanceKlass org/springframework/beans/factory/Aware
instanceKlass jakarta/servlet/Servlet
instanceKlass  @bci org/springframework/util/ReflectionUtils <clinit> ()V 8 <appendix> argL0 ; # org/springframework/util/ReflectionUtils$$Lambda+0x000001faad082000
instanceKlass org/springframework/util/ReflectionUtils$FieldFilter
instanceKlass  @bci org/springframework/util/ReflectionUtils <clinit> ()V 0 <appendix> argL0 ; # org/springframework/util/ReflectionUtils$$Lambda+0x000001faad0879c0
instanceKlass  @cpi io/micrometer/observation/ObservationConvention 52 form vmentry <vmtarget> ; # java/lang/invoke/LambdaForm$DMH+0x000001faad081000
instanceKlass org/springframework/util/ReflectionUtils$MethodFilter
instanceKlass org/springframework/util/ReflectionUtils
instanceKlass  @bci org/springframework/core/io/support/SpringFactoriesLoader$FactoryInstantiator forClass (Ljava/lang/Class;)Lorg/springframework/core/io/support/SpringFactoriesLoader$FactoryInstantiator; 15 <appendix> member <vmtarget> ; # org/springframework/core/io/support/SpringFactoriesLoader$FactoryInstantiator$$Lambda+0x000001faad0873a8
instanceKlass org/springframework/core/KotlinDetector
instanceKlass org/springframework/core/io/support/SpringFactoriesLoader$FactoryInstantiator
instanceKlass  @bci org/springframework/core/io/support/SpringFactoriesLoader instantiateFactory (Ljava/lang/String;Ljava/lang/Class;Lorg/springframework/core/io/support/SpringFactoriesLoader$ArgumentResolver;Lorg/springframework/core/io/support/SpringFactoriesLoader$FailureHandler;)Ljava/lang/Object; 18 <appendix> member <vmtarget> ; # org/springframework/core/io/support/SpringFactoriesLoader$$Lambda+0x000001faad086d80
instanceKlass org/springframework/boot/webmvc/WebMvcWebApplicationTypeDeducer
instanceKlass java/util/IdentityHashMap$EntryIterator$Entry
instanceKlass java/util/IdentityHashMap$IdentityHashMapIterator
instanceKlass org/springframework/util/ClassUtils
instanceKlass org/springframework/core/log/LogMessage
instanceKlass org/springframework/boot/WebApplicationType$Deducer
instanceKlass java/util/stream/AbstractSpinedBuffer
instanceKlass java/util/stream/Node$Builder
instanceKlass java/util/stream/Node$OfDouble
instanceKlass java/util/stream/Node$OfLong
instanceKlass java/util/stream/Node$OfInt
instanceKlass java/util/stream/Node$OfPrimitive
instanceKlass java/util/stream/Nodes$EmptyNode
instanceKlass java/util/stream/Node
instanceKlass java/util/stream/Nodes
instanceKlass  @bci java/util/stream/ReferencePipeline toArray ()[Ljava/lang/Object; 1 <appendix> argL0 ; # java/util/stream/ReferencePipeline$$Lambda+0x000001faad05be40
instanceKlass java/util/function/IntFunction
instanceKlass java/util/ImmutableCollections$Access$1
instanceKlass jdk/internal/access/JavaUtilCollectionAccess
instanceKlass java/util/ImmutableCollections$Access
instanceKlass java/util/stream/DistinctOps
instanceKlass java/util/ArrayList$ArrayListSpliterator
instanceKlass  @bci org/springframework/core/io/support/SpringFactoriesLoader loadFactoriesResource (Ljava/lang/ClassLoader;Ljava/lang/String;)Ljava/util/Map; 63 <appendix> argL0 ; # org/springframework/core/io/support/SpringFactoriesLoader$$Lambda+0x000001faad084cd0
instanceKlass  @bci org/springframework/core/io/support/SpringFactoriesLoader lambda$loadFactoriesResource$0 (Ljava/util/Map;Ljava/lang/Object;Ljava/lang/Object;)V 53 <appendix> member <vmtarget> ; # org/springframework/core/io/support/SpringFactoriesLoader$$Lambda+0x000001faad084aa0
instanceKlass  @bci org/springframework/core/io/support/SpringFactoriesLoader lambda$loadFactoriesResource$0 (Ljava/util/Map;Ljava/lang/Object;Ljava/lang/Object;)V 36 <appendix> argL0 ; # org/springframework/core/io/support/SpringFactoriesLoader$$Lambda+0x000001faad084868
instanceKlass  @bci org/springframework/core/io/support/SpringFactoriesLoader lambda$loadFactoriesResource$0 (Ljava/util/Map;Ljava/lang/Object;Ljava/lang/Object;)V 17 <appendix> member <vmtarget> ; # org/springframework/core/io/support/SpringFactoriesLoader$$Lambda+0x000001faad084628
instanceKlass  @bci org/springframework/core/io/support/SpringFactoriesLoader loadFactoriesResource (Ljava/lang/ClassLoader;Ljava/lang/String;)Ljava/util/Map; 51 <appendix> member <vmtarget> ; # org/springframework/core/io/support/SpringFactoriesLoader$$Lambda+0x000001faad0843f8
instanceKlass java/net/URLDecoder
instanceKlass org/springframework/util/MultiValueMap
instanceKlass org/springframework/util/CollectionUtils
instanceKlass org/springframework/util/ResourceUtils
instanceKlass org/springframework/util/PropertiesPersister
instanceKlass org/springframework/core/io/support/PropertiesLoaderUtils
instanceKlass java/nio/channels/ReadableByteChannel
instanceKlass java/nio/channels/Channel
instanceKlass org/springframework/core/io/AbstractResource
instanceKlass  @bci org/springframework/core/io/support/SpringFactoriesLoader forResourceLocation (Ljava/lang/String;Ljava/lang/ClassLoader;)Lorg/springframework/core/io/support/SpringFactoriesLoader; 42 <appendix> member <vmtarget> ; # org/springframework/core/io/support/SpringFactoriesLoader$$Lambda+0x000001faad03ecc0
instanceKlass org/springframework/util/ConcurrentReferenceHashMap$Entry
instanceKlass  @bci org/springframework/util/ConcurrentReferenceHashMap$Segment doTask (ILjava/lang/Object;Lorg/springframework/util/ConcurrentReferenceHashMap$Task;)Ljava/lang/Object; 112 <adapter> ; # java/lang/invoke/LambdaForm$MH+0x000001faad080c00
# instanceKlass java/lang/invoke/LambdaForm$DMH+0x000001faad080800
instanceKlass  @bci org/springframework/util/ConcurrentReferenceHashMap$Segment doTask (ILjava/lang/Object;Lorg/springframework/util/ConcurrentReferenceHashMap$Task;)Ljava/lang/Object; 112 <appendix> form vmentry <vmtarget> ; # java/lang/invoke/LambdaForm$DMH+0x000001faad080400
instanceKlass  @bci org/springframework/util/ConcurrentReferenceHashMap$Segment doTask (ILjava/lang/Object;Lorg/springframework/util/ConcurrentReferenceHashMap$Task;)Ljava/lang/Object; 112 <appendix> member <vmtarget> ; # org/springframework/util/ConcurrentReferenceHashMap$Segment$$Lambda+0x000001faad03e3e0
instanceKlass  @cpi org/springframework/util/ConcurrentReferenceHashMap$Segment 256 form vmentry <vmtarget> ; # java/lang/invoke/LambdaForm$DMH+0x000001faad080000
instanceKlass org/springframework/util/ConcurrentReferenceHashMap$Entries
instanceKlass  @bci org/springframework/core/io/support/SpringFactoriesLoader forResourceLocation (Ljava/lang/String;Ljava/lang/ClassLoader;)Lorg/springframework/core/io/support/SpringFactoriesLoader; 24 <appendix> argL0 ; # org/springframework/core/io/support/SpringFactoriesLoader$$Lambda+0x000001faad03d750
instanceKlass org/springframework/util/StringUtils
instanceKlass org/springframework/util/ConcurrentReferenceHashMap$Reference
instanceKlass org/springframework/util/ConcurrentReferenceHashMap$ReferenceManager
instanceKlass org/springframework/util/ConcurrentReferenceHashMap$Task
instanceKlass  @bci org/springframework/core/io/support/SpringFactoriesLoader$FailureHandler handleMessage (Ljava/util/function/BiConsumer;)Lorg/springframework/core/io/support/SpringFactoriesLoader$FailureHandler; 1 <appendix> member <vmtarget> ; # org/springframework/core/io/support/SpringFactoriesLoader$FailureHandler$$Lambda+0x000001faad03aa78
instanceKlass  @bci org/springframework/core/io/support/SpringFactoriesLoader$FailureHandler throwing (Ljava/util/function/BiFunction;)Lorg/springframework/core/io/support/SpringFactoriesLoader$FailureHandler; 1 <appendix> member <vmtarget> ; # org/springframework/core/io/support/SpringFactoriesLoader$FailureHandler$$Lambda+0x000001faad03a848
instanceKlass  @bci org/springframework/core/io/support/SpringFactoriesLoader$FailureHandler throwing ()Lorg/springframework/core/io/support/SpringFactoriesLoader$FailureHandler; 0 <appendix> argL0 ; # org/springframework/core/io/support/SpringFactoriesLoader$FailureHandler$$Lambda+0x000001faad03a620
instanceKlass org/springframework/core/io/support/SpringFactoriesLoader$FailureHandler
instanceKlass org/springframework/core/io/Resource
instanceKlass org/springframework/core/io/InputStreamSource
instanceKlass org/springframework/core/io/support/SpringFactoriesLoader
instanceKlass org/springframework/util/Assert
instanceKlass org/springframework/boot/ApplicationProperties
instanceKlass org/springframework/core/metrics/DefaultApplicationStartup$DefaultStartupStep$DefaultTags
instanceKlass org/springframework/core/metrics/StartupStep$Tags
instanceKlass org/springframework/core/metrics/DefaultApplicationStartup$DefaultStartupStep
instanceKlass org/springframework/core/metrics/StartupStep
instanceKlass org/springframework/core/metrics/DefaultApplicationStartup
instanceKlass org/springframework/core/metrics/ApplicationStartup
instanceKlass org/springframework/context/ConfigurableApplicationContext
instanceKlass org/springframework/context/Lifecycle
instanceKlass org/springframework/boot/DefaultApplicationContextFactory
instanceKlass org/springframework/boot/ApplicationContextFactory
instanceKlass org/springframework/boot/SpringApplicationShutdownHook$ApplicationContextClosedListener
instanceKlass org/springframework/boot/SpringApplicationShutdownHook$Handlers
instanceKlass org/springframework/boot/SpringApplicationShutdownHandlers
instanceKlass org/springframework/boot/SpringApplicationShutdownHook
instanceKlass org/apache/commons/logging/impl/Slf4jLogFactory$Slf4jLocationAwareLog
instanceKlass ch/qos/logback/classic/util/LoggerNameUtil
instanceKlass  @bci org/apache/commons/logging/impl/Slf4jLogFactory getInstance (Ljava/lang/String;)Lorg/apache/commons/logging/Log; 5 <appendix> argL0 ; # org/apache/commons/logging/impl/Slf4jLogFactory$$Lambda+0x000001faad037058
instanceKlass  @bci org/apache/commons/logging/LogFactory newStandardFactory (Ljava/lang/ClassLoader;)Lorg/apache/commons/logging/LogFactory; 36 <appendix> argL0 ; # org/apache/commons/logging/LogFactory$$Lambda+0x000001faad036e40
instanceKlass org/slf4j/helpers/BasicMarker
instanceKlass org/slf4j/helpers/Reporter
instanceKlass ch/qos/logback/core/util/StatusPrinter2
instanceKlass ch/qos/logback/core/util/StatusPrinter
instanceKlass ch/qos/logback/core/status/StatusUtil
instanceKlass ch/qos/logback/core/spi/AppenderAttachableImpl
instanceKlass ch/qos/logback/core/util/ReentryGuard$ReentryGuardImpl
instanceKlass ch/qos/logback/core/util/ReentryGuard
instanceKlass ch/qos/logback/core/util/ReentryGuardFactory
instanceKlass ch/qos/logback/core/pattern/Converter
instanceKlass java/util/concurrent/atomic/AtomicReference
instanceKlass ch/qos/logback/core/util/CachingDateFormatter$CacheTuple
instanceKlass  @bci java/time/format/DateTimeFormatter <clinit> ()V 1075 <appendix> argL0 ; # java/time/format/DateTimeFormatter$$Lambda+0x800000010
instanceKlass  @bci java/time/format/DateTimeFormatter <clinit> ()V 1067 <appendix> argL0 ; # java/time/format/DateTimeFormatter$$Lambda+0x80000000f
instanceKlass java/time/Period
instanceKlass java/time/chrono/ChronoPeriod
instanceKlass java/time/format/DateTimeFormatterBuilder$TextPrinterParser
instanceKlass java/time/format/DateTimeTextProvider$1
instanceKlass java/time/format/DateTimeTextProvider
instanceKlass java/util/Collections$1
instanceKlass java/util/AbstractMap$SimpleImmutableEntry
instanceKlass java/time/format/DateTimeTextProvider$LocaleStore
instanceKlass java/time/format/DateTimeFormatterBuilder$InstantPrinterParser
instanceKlass java/time/format/DateTimeFormatterBuilder$StringLiteralPrinterParser
instanceKlass java/time/format/DateTimeFormatterBuilder$ZoneIdPrinterParser
instanceKlass java/time/format/DateTimeFormatterBuilder$OffsetIdPrinterParser
instanceKlass java/time/format/DecimalStyle
instanceKlass java/time/format/DateTimeFormatterBuilder$CompositePrinterParser
instanceKlass java/time/chrono/AbstractChronology
instanceKlass java/time/chrono/Chronology
instanceKlass java/time/format/DateTimeFormatterBuilder$CharLiteralPrinterParser
instanceKlass java/time/format/DateTimeFormatterBuilder$NumberPrinterParser
instanceKlass java/time/format/DateTimeFormatterBuilder$DateTimePrinterParser
instanceKlass java/time/temporal/JulianFields
instanceKlass java/time/temporal/IsoFields
instanceKlass  @bci java/time/format/DateTimeFormatterBuilder <clinit> ()V 0 <appendix> argL0 ; # java/time/format/DateTimeFormatterBuilder$$Lambda+0x800000011
instanceKlass java/time/temporal/TemporalQuery
instanceKlass java/time/format/DateTimeFormatterBuilder
instanceKlass java/time/format/DateTimeFormatter
instanceKlass java/time/LocalTime
instanceKlass java/time/temporal/ValueRange
instanceKlass java/time/Duration
instanceKlass java/time/temporal/TemporalAmount
instanceKlass java/time/temporal/TemporalUnit
instanceKlass java/time/temporal/TemporalField
instanceKlass java/time/LocalDate
instanceKlass java/time/chrono/ChronoLocalDate
instanceKlass java/time/zone/ZoneOffsetTransition
instanceKlass  @bci java/time/ZoneOffset ofTotalSeconds (I)Ljava/time/ZoneOffset; 37 <appendix> argL0 ; # java/time/ZoneOffset$$Lambda+0x80000000e
instanceKlass java/time/LocalDateTime
instanceKlass java/time/chrono/ChronoLocalDateTime
instanceKlass java/time/temporal/TemporalAdjuster
instanceKlass java/time/temporal/Temporal
instanceKlass java/time/zone/ZoneOffsetTransitionRule
instanceKlass java/time/zone/ZoneRules
instanceKlass java/time/zone/Ser
instanceKlass java/io/Externalizable
instanceKlass java/util/Arrays$ArrayItr
instanceKlass java/time/zone/ZoneRulesProvider$1
instanceKlass java/time/zone/ZoneRulesProvider
instanceKlass sun/util/calendar/ZoneInfoFile$ZoneOffsetTransitionRule
instanceKlass java/lang/invoke/VarHandle$AccessDescriptor
instanceKlass jdk/internal/util/ByteArray
instanceKlass sun/util/calendar/ZoneInfoFile$1
instanceKlass sun/util/calendar/ZoneInfoFile
instanceKlass java/util/TimeZone
instanceKlass java/time/ZoneId
instanceKlass java/time/temporal/TemporalAccessor
instanceKlass ch/qos/logback/core/util/CachingDateFormatter
instanceKlass ch/qos/logback/core/util/SimpleTimeBasedGuard
instanceKlass java/util/concurrent/atomic/AtomicBoolean
instanceKlass ch/qos/logback/core/util/COWArrayList
instanceKlass ch/qos/logback/core/spi/FilterAttachableImpl
instanceKlass ch/qos/logback/core/Appender
instanceKlass ch/qos/logback/core/spi/FilterAttachable
instanceKlass ch/qos/logback/core/encoder/Encoder
instanceKlass ch/qos/logback/core/Layout
instanceKlass  @bci org/springframework/boot/autoconfigure/diagnostics/analyzer/NoSuchBeanDefinitionFailureAnalyzer getBeanDescription (Lorg/springframework/beans/factory/NoSuchBeanDefinitionException;)Ljava/lang/String; 20 <appendix> form vmentry <vmtarget> ; # java/lang/invoke/LambdaForm$MH+0x000001faad02fc00
# instanceKlass java/lang/invoke/LambdaForm$MH+0x000001faad02f800
instanceKlass  @bci com/bookstore/model/EBook getExtraInfo ()Ljava/lang/String; 4 <appendix> argL3 form vmentry <vmtarget> ; # java/lang/invoke/LambdaForm$MH+0x000001faad02f400
# instanceKlass java/lang/invoke/LambdaForm$MH+0x000001faad02f000
instanceKlass  @bci com/bookstore/model/PrintedBook getExtraInfo ()Ljava/lang/String; 4 <appendix> argL2 form vmentry <vmtarget> ; # java/lang/invoke/LambdaForm$MH+0x000001faad02ec00
# instanceKlass java/lang/invoke/LambdaForm$MH+0x000001faad02e800
# instanceKlass java/lang/invoke/LambdaForm$MH+0x000001faad02e400
instanceKlass  @bci ch/qos/logback/classic/util/ContextInitializer printDuration (JLch/qos/logback/classic/spi/Configurator;Lch/qos/logback/classic/spi/Configurator$ExecutionStatus;)V 31 <adapter> ; # java/lang/invoke/LambdaForm$MH+0x000001faad02e000
# instanceKlass java/lang/invoke/LambdaForm$DMH+0x000001faad02dc00
instanceKlass  @bci ch/qos/logback/classic/util/ContextInitializer printDuration (JLch/qos/logback/classic/spi/Configurator;Lch/qos/logback/classic/spi/Configurator$ExecutionStatus;)V 31 <appendix> form vmentry <vmtarget> ; # java/lang/invoke/LambdaForm$MH+0x000001faad02d800
instanceKlass java/lang/invoke/LambdaFormEditor$1
# instanceKlass java/lang/invoke/LambdaForm$MH+0x000001faad02d400
instanceKlass  @bci ch/qos/logback/classic/util/ContextInitializer printDuration (JLch/qos/logback/classic/spi/Configurator;Lch/qos/logback/classic/spi/Configurator$ExecutionStatus;)V 31 <appendix> form names 8 function resolvedHandle form vmentry <vmtarget> ; # java/lang/invoke/LambdaForm$DMH+0x000001faad02d000
instanceKlass  @bci ch/qos/logback/classic/util/ContextInitializer printDuration (JLch/qos/logback/classic/spi/Configurator;Lch/qos/logback/classic/spi/Configurator$ExecutionStatus;)V 31 <appendix> argL3 form vmentry <vmtarget> ; # java/lang/invoke/LambdaForm$MH+0x000001faad02cc00
instanceKlass java/lang/invoke/MethodHandles$1
# instanceKlass java/lang/invoke/LambdaForm$MH+0x000001faad02c800
# instanceKlass java/lang/invoke/LambdaForm$MH+0x000001faad02c400
instanceKlass  @bci org/apache/coyote/AbstractProtocol$ConnectionHandler register (Lorg/apache/coyote/Processor;)V 68 <appendix> argL3 argL2 form vmentry <vmtarget> ; # java/lang/invoke/LambdaForm$MH+0x000001faad02c000
# instanceKlass java/lang/invoke/LambdaForm$MH+0x000001faad02bc00
# instanceKlass java/lang/invoke/LambdaForm$MH+0x000001faad02b800
# instanceKlass java/lang/invoke/LambdaForm$MH+0x000001faad02b400
instanceKlass  @bci ch/qos/logback/classic/util/ContextInitializer printDuration (JLch/qos/logback/classic/spi/Configurator;Lch/qos/logback/classic/spi/Configurator$ExecutionStatus;)V 31 <appendix> form names 12 function resolvedHandle form vmentry <vmtarget> ; # java/lang/invoke/LambdaForm$DMH+0x000001faad02b000
instanceKlass  @bci ch/qos/logback/classic/util/ContextInitializer printDuration (JLch/qos/logback/classic/spi/Configurator;Lch/qos/logback/classic/spi/Configurator$ExecutionStatus;)V 31 <appendix> argL1 form vmentry <vmtarget> ; # java/lang/invoke/LambdaForm$MH+0x000001faad02ac00
instanceKlass  @bci org/springframework/boot/autoconfigure/diagnostics/analyzer/NoSuchBeanDefinitionFailureAnalyzer getBeanDescription (Lorg/springframework/beans/factory/NoSuchBeanDefinitionException;)Ljava/lang/String; 20 <appendix> argL1 form vmentry <vmtarget> ; # java/lang/invoke/LambdaForm$MH+0x000001faad02a800
# instanceKlass java/lang/invoke/LambdaForm$MH+0x000001faad02a400
instanceKlass  @bci org/apache/coyote/AbstractProtocol$ConnectionHandler register (Lorg/apache/coyote/Processor;)V 68 <appendix> argL1 form names 8 function resolvedHandle form vmentry <vmtarget> ; # java/lang/invoke/LambdaForm$DMH+0x000001faad02a000
instanceKlass  @bci org/apache/coyote/AbstractProtocol$ConnectionHandler register (Lorg/apache/coyote/Processor;)V 68 <appendix> argL1 argL1 form vmentry <vmtarget> ; # java/lang/invoke/LambdaForm$MH+0x000001faad029c00
instanceKlass  @bci org/apache/coyote/http11/Http11Processor prepareResponse ()V 647 <appendix> argL1 form vmentry <vmtarget> ; # java/lang/invoke/LambdaForm$MH+0x000001faad029800
# instanceKlass java/lang/invoke/LambdaForm$MH+0x000001faad029400
# instanceKlass java/lang/invoke/LambdaForm$MH+0x000001faad029000
# instanceKlass java/lang/invoke/LambdaForm$MH+0x000001faad028c00
# instanceKlass java/lang/invoke/LambdaForm$MH+0x000001faad028800
instanceKlass java/lang/Long$LongCache
# instanceKlass java/lang/invoke/LambdaForm$MH+0x000001faad028400
instanceKlass java/lang/Class$AnnotationData
instanceKlass ch/qos/logback/classic/spi/ConfiguratorRank
instanceKlass ch/qos/logback/core/spi/ContextAwareBase
instanceKlass ch/qos/logback/classic/util/ClassicEnvUtil
instanceKlass ch/qos/logback/core/status/StatusListener
instanceKlass ch/qos/logback/core/util/StatusListenerConfigHelper
instanceKlass ch/qos/logback/core/status/StatusBase
instanceKlass java/util/Formatter$Flags
instanceKlass java/util/Formattable
instanceKlass java/util/Formatter$FormatSpecifier
instanceKlass java/util/Formatter$Conversion
instanceKlass java/util/Formatter$FixedString
instanceKlass java/util/Formatter$FormatString
instanceKlass java/util/Formatter
instanceKlass ch/qos/logback/core/util/VersionUtil
instanceKlass jdk/internal/foreign/MemorySessionImpl
instanceKlass java/lang/foreign/MemorySegment$Scope
instanceKlass ch/qos/logback/classic/ClassicConstants
instanceKlass ch/qos/logback/classic/util/ClassicVersionUtil
instanceKlass java/util/Properties$LineReader
instanceKlass ch/qos/logback/core/CoreConstants
instanceKlass  @bci org/springframework/expression/spel/standard/Tokenizer <init> (Ljava/lang/String;)V 22 <appendix> form vmentry <vmtarget> ; # java/lang/invoke/LambdaForm$MH+0x000001faad028000
instanceKlass ch/qos/logback/core/util/CoreVersionUtil
instanceKlass ch/qos/logback/core/util/OptionHelper
instanceKlass ch/qos/logback/core/util/Loader
instanceKlass ch/qos/logback/classic/spi/Configurator
instanceKlass ch/qos/logback/core/spi/ContextAwareImpl
instanceKlass ch/qos/logback/classic/util/ContextInitializer$1
instanceKlass ch/qos/logback/core/spi/ContextAware
instanceKlass ch/qos/logback/classic/util/ContextInitializer
instanceKlass org/slf4j/MDC
instanceKlass ch/qos/logback/classic/util/LogbackMDCAdapter
instanceKlass ch/qos/logback/classic/Level
instanceKlass ch/qos/logback/classic/spi/ILoggingEvent
instanceKlass ch/qos/logback/core/spi/DeferredProcessingAware
instanceKlass org/slf4j/spi/LoggingEventBuilder
instanceKlass ch/qos/logback/classic/Logger
instanceKlass ch/qos/logback/core/spi/AppenderAttachable
instanceKlass org/slf4j/spi/LoggingEventAware
instanceKlass org/slf4j/spi/LocationAwareLogger
instanceKlass ch/qos/logback/classic/spi/LoggerContextVO
instanceKlass ch/qos/logback/core/spi/LogbackLock
instanceKlass ch/qos/logback/core/helpers/CyclicBuffer
instanceKlass ch/qos/logback/core/BasicStatusManager
instanceKlass java/util/concurrent/ExecutorService
instanceKlass java/util/concurrent/Executor
instanceKlass ch/qos/logback/core/status/Status
instanceKlass ch/qos/logback/core/status/StatusManager
instanceKlass ch/qos/logback/core/ContextBase
instanceKlass ch/qos/logback/core/spi/LifeCycle
instanceKlass ch/qos/logback/core/Context
instanceKlass ch/qos/logback/core/spi/PropertyContainer
instanceKlass ch/qos/logback/classic/spi/LogbackServiceProvider
instanceKlass org/slf4j/helpers/Util
instanceKlass org/slf4j/helpers/NOPMDCAdapter
instanceKlass org/slf4j/helpers/NOPLoggerFactory
instanceKlass org/slf4j/helpers/NOP_FallbackServiceProvider
instanceKlass org/slf4j/helpers/ThreadLocalMapOfStacks
instanceKlass org/slf4j/helpers/BasicMDCAdapter
instanceKlass org/slf4j/Marker
instanceKlass org/slf4j/helpers/BasicMarkerFactory
instanceKlass java/util/concurrent/LinkedBlockingQueue$Node
instanceKlass java/util/concurrent/BlockingQueue
instanceKlass org/slf4j/Logger
instanceKlass org/slf4j/helpers/SubstituteLoggerFactory
instanceKlass org/slf4j/ILoggerFactory
instanceKlass org/slf4j/spi/MDCAdapter
instanceKlass org/slf4j/helpers/SubstituteServiceProvider
instanceKlass org/slf4j/event/LoggingEvent
instanceKlass org/slf4j/spi/SLF4JServiceProvider
instanceKlass org/slf4j/LoggerFactory
instanceKlass org/slf4j/IMarkerFactory
instanceKlass org/slf4j/MarkerFactory
instanceKlass org/apache/commons/logging/Log
instanceKlass  @bci org/apache/logging/log4j/util/SortedArrayStringMap <clinit> ()V 0 <appendix> argL0 ; # org/apache/logging/log4j/util/SortedArrayStringMap$$Lambda+0x000001faad01f100
instanceKlass  @cpi org/apache/logging/log4j/util/SortedArrayStringMap 405 form vmentry <vmtarget> ; # java/lang/invoke/LambdaForm$DMH+0x000001faad018c00
instanceKlass org/apache/logging/log4j/util/TriConsumer
instanceKlass org/apache/logging/log4j/util/SortedArrayStringMap
instanceKlass org/apache/logging/log4j/util/IndexedStringMap
instanceKlass org/apache/logging/log4j/util/IndexedReadOnlyStringMap
instanceKlass org/apache/logging/log4j/util/StringMap
instanceKlass org/apache/logging/log4j/util/ReadOnlyStringMap
instanceKlass org/apache/logging/slf4j/MDCContextMap
instanceKlass org/apache/logging/log4j/spi/CleanableThreadContextMap
instanceKlass org/apache/logging/log4j/spi/ThreadContextMap2
instanceKlass java/util/TimSort
instanceKlass java/util/Arrays$LegacyMergeSort
instanceKlass  @bci org/apache/logging/log4j/util/PropertiesUtil$Environment get (Ljava/lang/String;)Ljava/lang/String; 35 <appendix> argL0 ; # org/apache/logging/log4j/util/PropertiesUtil$Environment$$Lambda+0x000001faad01dab8
instanceKlass  @bci org/apache/logging/log4j/util/PropertiesUtil$Environment get (Ljava/lang/String;)Ljava/lang/String; 25 <appendix> member <vmtarget> ; # org/apache/logging/log4j/util/PropertiesUtil$Environment$$Lambda+0x000001faad01d878
instanceKlass java/util/stream/SortedOps
instanceKlass org/apache/logging/log4j/util/PropertySource$Comparator
instanceKlass  @bci java/util/regex/Pattern union (Ljava/util/regex/Pattern$CharPredicate;Ljava/util/regex/Pattern$CharPredicate;Z)Ljava/util/regex/Pattern$CharPredicate; 6 <appendix> member <vmtarget> ; # java/util/regex/Pattern$$Lambda+0x800000033
instanceKlass  @bci java/util/regex/Pattern Range (II)Ljava/util/regex/Pattern$CharPredicate; 23 <appendix> member <vmtarget> ; # java/util/regex/Pattern$$Lambda+0x80000002b
instanceKlass  @bci java/util/regex/Pattern Single (I)Ljava/util/regex/Pattern$BmpCharPredicate; 1 <appendix> member <vmtarget> ; # java/util/regex/Pattern$$Lambda+0x80000002a
instanceKlass org/apache/logging/log4j/util/PropertySource$Util
instanceKlass org/apache/logging/log4j/util/Cast
instanceKlass org/apache/logging/log4j/util/LazyUtil$1
instanceKlass org/apache/logging/log4j/util/LazyUtil
instanceKlass org/springframework/boot/logging/log4j2/SpringBootPropertySource
instanceKlass org/apache/logging/log4j/util/SystemPropertiesPropertySource
instanceKlass java/util/ServiceLoader$ProviderImpl
instanceKlass java/util/ServiceLoader$Provider
instanceKlass java/util/ServiceLoader$1
instanceKlass org/apache/logging/log4j/util/EnvironmentPropertySource
instanceKlass java/io/Reader
instanceKlass sun/net/www/MessageHeader
instanceKlass sun/net/www/protocol/jar/JarFileFactory
instanceKlass sun/net/www/protocol/jar/URLJarFile$URLJarFileCloseController
instanceKlass java/net/URLConnection
instanceKlass java/util/stream/ForEachOps$ForEachOp
instanceKlass java/util/stream/ForEachOps
instanceKlass  @bci org/apache/logging/log4j/util/PropertiesUtil$Environment <init> (Lorg/apache/logging/log4j/util/PropertySource;)V 99 <appendix> member <vmtarget> ; # org/apache/logging/log4j/util/PropertiesUtil$Environment$$Lambda+0x000001faad01c450
instanceKlass  @bci org/apache/logging/log4j/util/ServiceLoaderUtil safeStream (Ljava/lang/Class;Ljava/util/ServiceLoader;Lorg/apache/logging/log4j/Logger;)Ljava/util/stream/Stream; 71 <appendix> member <vmtarget> ; # org/apache/logging/log4j/util/ServiceLoaderUtil$$Lambda+0x000001faad01c200
instanceKlass org/apache/logging/log4j/util/OsgiServiceLocator
instanceKlass  @bci org/apache/logging/log4j/util/StackLocator getCallerClass (I)Ljava/lang/Class; 15 <appendix> argL0 ; # org/apache/logging/log4j/util/StackLocator$$Lambda+0x000001faad00bc98
instanceKlass  @cpi org/springframework/http/server/DefaultPathContainer 314 form vmentry <vmtarget> ; # java/lang/invoke/LambdaForm$DMH+0x000001faad018800
instanceKlass java/util/stream/Sink$ChainedReference
instanceKlass  @bci java/util/stream/FindOps$FindSink$OfRef <clinit> ()V 43 <appendix> argL0 ; # java/util/stream/FindOps$FindSink$OfRef$$Lambda+0x80000004d
instanceKlass  @bci java/util/stream/FindOps$FindSink$OfRef <clinit> ()V 38 <appendix> argL0 ; # java/util/stream/FindOps$FindSink$OfRef$$Lambda+0x80000004f
instanceKlass  @bci java/util/stream/FindOps$FindSink$OfRef <clinit> ()V 16 <appendix> argL0 ; # java/util/stream/FindOps$FindSink$OfRef$$Lambda+0x80000004e
instanceKlass  @bci java/util/stream/FindOps$FindSink$OfRef <clinit> ()V 11 <appendix> argL0 ; # java/util/stream/FindOps$FindSink$OfRef$$Lambda+0x800000050
instanceKlass java/util/function/Predicate
instanceKlass java/util/stream/FindOps$FindOp
instanceKlass java/util/stream/TerminalOp
instanceKlass java/util/stream/FindOps$FindSink
instanceKlass java/util/stream/TerminalSink
instanceKlass java/util/stream/Sink
instanceKlass java/util/stream/FindOps
instanceKlass java/util/stream/SliceOps
# instanceKlass java/lang/invoke/LambdaForm$MH+0x000001faad018400
instanceKlass  @bci com/bookstore/service/BookService generateId ()Ljava/lang/String; 15 <appendix> form vmentry <vmtarget> ; # java/lang/invoke/LambdaForm$MH+0x000001faad018000
instanceKlass java/lang/StackStreamFactory$FrameBuffer
instanceKlass java/lang/StackStreamFactory
instanceKlass  @bci org/apache/logging/log4j/util/StackLocator getCallerClass (I)Ljava/lang/Class; 4 <appendix> member <vmtarget> ; # org/apache/logging/log4j/util/StackLocator$$Lambda+0x000001faad00ba60
instanceKlass  @cpi org/apache/logging/log4j/util/StackLocator 271 form vmentry <vmtarget> ; # java/lang/invoke/LambdaForm$DMH+0x000001faad009c00
instanceKlass org/apache/logging/log4j/util/StackLocator
instanceKlass org/apache/logging/log4j/util/StackLocatorUtil
instanceKlass java/util/Spliterators$AbstractSpliterator
instanceKlass org/apache/logging/log4j/util/ServiceLoaderUtil
instanceKlass java/util/Collections$SynchronizedCollection
instanceKlass java/util/Properties$EntrySet
instanceKlass  @bci org/apache/logging/log4j/util/PropertiesUtil$Environment <init> (Lorg/apache/logging/log4j/util/PropertySource;)V 34 <appendix> argL0 ; # org/apache/logging/log4j/util/PropertiesUtil$Environment$$Lambda+0x000001faad00af88
instanceKlass  @cpi org/springframework/boot/http/converter/autoconfigure/DefaultServerHttpMessageConvertersCustomizer 87 form vmentry <vmtarget> ; # java/lang/invoke/LambdaForm$DMH+0x000001faad009800
instanceKlass org/apache/logging/log4j/util/BiConsumer
instanceKlass org/apache/logging/log4j/util/PropertiesUtil$Environment
instanceKlass java/util/LinkedHashMap$LinkedHashIterator
instanceKlass org/apache/logging/log4j/util/PropertiesPropertySource
instanceKlass  @bci java/util/regex/CharPredicates ASCII_WORD ()Ljava/util/regex/Pattern$BmpCharPredicate; 0 <appendix> argL0 ; # java/util/regex/CharPredicates$$Lambda+0x000001faad04a330
instanceKlass  @bci java/util/regex/CharPredicates ASCII_SPACE ()Ljava/util/regex/Pattern$BmpCharPredicate; 0 <appendix> argL0 ; # java/util/regex/CharPredicates$$Lambda+0x800000027
instanceKlass  @bci java/util/regex/CharPredicates ASCII_DIGIT ()Ljava/util/regex/Pattern$BmpCharPredicate; 0 <appendix> argL0 ; # java/util/regex/CharPredicates$$Lambda+0x800000026
instanceKlass org/apache/logging/log4j/util/LazyUtil$SafeLazy
instanceKlass org/apache/logging/log4j/util/Lazy
instanceKlass  @bci org/apache/logging/log4j/util/PropertiesUtil <clinit> ()V 6 <appendix> argL0 ; # org/apache/logging/log4j/util/PropertiesUtil$$Lambda+0x000001faad00a000
instanceKlass org/apache/logging/log4j/util/PropertySource
instanceKlass org/apache/logging/log4j/util/PropertiesUtil
instanceKlass org/apache/logging/log4j/util/LoaderUtil$ThreadContextClassLoaderGetter
instanceKlass  @bci org/apache/logging/log4j/util/LoaderUtil <clinit> ()V 23 <appendix> argL0 ; # org/apache/logging/log4j/util/LoaderUtil$$Lambda+0x000001faad017788
instanceKlass  @cpi org/apache/logging/log4j/util/LoaderUtil 455 form vmentry <vmtarget> ; # java/lang/invoke/LambdaForm$DMH+0x000001faad009400
# instanceKlass java/lang/invoke/LambdaForm$DMH+0x000001faad009000
instanceKlass org/apache/logging/log4j/util/LazyBoolean
instanceKlass java/util/function/BooleanSupplier
instanceKlass org/apache/logging/log4j/util/LoaderUtil
instanceKlass org/apache/logging/log4j/spi/LoggerRegistry
instanceKlass org/apache/logging/slf4j/SLF4JLoggerContext
instanceKlass org/apache/logging/log4j/spi/LoggerContext
instanceKlass org/apache/logging/slf4j/SLF4JLoggerContextFactory
instanceKlass java/lang/invoke/VarForm
instanceKlass java/lang/invoke/VarHandleGuards
instanceKlass java/lang/ClassValue$Version
instanceKlass java/lang/ClassValue$Identity
instanceKlass java/lang/ClassValue
instanceKlass java/lang/invoke/VarHandles
instanceKlass java/util/concurrent/ConcurrentLinkedQueue$Node
instanceKlass java/util/concurrent/locks/ReentrantReadWriteLock$WriteLock
instanceKlass java/util/concurrent/locks/ReentrantReadWriteLock$ReadLock
instanceKlass java/util/concurrent/locks/ReentrantReadWriteLock
instanceKlass org/apache/logging/log4j/message/ExitMessage
instanceKlass org/apache/logging/log4j/message/EntryMessage
instanceKlass org/apache/logging/log4j/message/FlowMessage
instanceKlass org/apache/logging/log4j/status/StatusConsoleListener
instanceKlass  @bci java/util/regex/Pattern negate (Ljava/util/regex/Pattern$CharPredicate;)Ljava/util/regex/Pattern$CharPredicate; 1 <appendix> member <vmtarget> ; # java/util/regex/Pattern$$Lambda+0x800000032
instanceKlass  @bci java/util/regex/CharPredicates forUnicodeBlock (Ljava/lang/String;)Ljava/util/regex/Pattern$CharPredicate; 6 <appendix> member <vmtarget> ; # java/util/regex/CharPredicates$$Lambda+0x000001faad0475a0
instanceKlass java/lang/Character$Subset
instanceKlass java/util/regex/CharPredicates
instanceKlass java/util/regex/Pattern$TreeInfo
instanceKlass java/util/regex/Pattern$BitClass
instanceKlass java/util/regex/Pattern$BmpCharPredicate
instanceKlass java/util/regex/IntHashSet
instanceKlass java/util/regex/Matcher
instanceKlass java/util/regex/MatchResult
instanceKlass  @bci java/util/regex/Pattern DOT ()Ljava/util/regex/Pattern$CharPredicate; 0 <appendix> argL0 ; # java/util/regex/Pattern$$Lambda+0x000001faad046778
instanceKlass java/util/regex/Pattern$CharPredicate
instanceKlass java/util/regex/ASCII
instanceKlass java/util/regex/Pattern$Node
instanceKlass java/util/regex/Pattern
instanceKlass  @bci org/apache/logging/log4j/status/StatusLogger$PropertiesUtilsDouble normalizeProperties ([Ljava/util/Properties;)Ljava/util/Map; 31 <appendix> member <vmtarget> ; # org/apache/logging/log4j/status/StatusLogger$PropertiesUtilsDouble$$Lambda+0x000001faad015ac0
instanceKlass  @cpi org/springframework/util/UnmodifiableMultiValueMap 272 form vmentry <vmtarget> ; # java/lang/invoke/LambdaForm$DMH+0x000001faad008c00
instanceKlass java/util/function/BiConsumer
instanceKlass java/util/Collections$UnmodifiableMap$UnmodifiableEntrySet$UnmodifiableEntry
instanceKlass java/util/Collections$UnmodifiableMap$UnmodifiableEntrySet$1
instanceKlass java/util/Collections$UnmodifiableCollection
instanceKlass java/lang/ProcessEnvironment$CheckedEntry
instanceKlass java/lang/ProcessEnvironment$CheckedEntrySet$1
instanceKlass java/lang/ProcessEnvironment$EntryComparator
instanceKlass java/lang/ProcessEnvironment$NameComparator
instanceKlass org/apache/logging/log4j/status/StatusLogger$PropertiesUtilsDouble
instanceKlass org/apache/logging/log4j/status/StatusLogger$Config
instanceKlass org/apache/logging/log4j/status/StatusLogger$InstanceHolder
instanceKlass java/util/RegularEnumSet$EnumSetIterator
instanceKlass  @bci org/apache/logging/log4j/util/Strings <clinit> ()V 0 <appendix> argL0 ; # org/apache/logging/log4j/util/Strings$$Lambda+0x000001faad014fa0
instanceKlass org/apache/logging/log4j/util/Strings
instanceKlass org/apache/logging/log4j/Level
instanceKlass  @bci org/apache/logging/log4j/spi/AbstractLogger <clinit> ()V 142 <appendix> argL0 ; # org/apache/logging/log4j/spi/AbstractLogger$$Lambda+0x000001faad014348
instanceKlass org/apache/logging/log4j/internal/DefaultLogBuilder
instanceKlass org/apache/logging/log4j/BridgeAware
instanceKlass org/apache/logging/log4j/message/DefaultFlowMessageFactory
instanceKlass org/apache/logging/log4j/message/FlowMessageFactory
instanceKlass org/apache/logging/log4j/message/AbstractMessageFactory
instanceKlass  @bci org/apache/logging/log4j/MarkerManager getMarker (Ljava/lang/String;)Lorg/apache/logging/log4j/Marker; 4 <appendix> argL0 ; # org/apache/logging/log4j/MarkerManager$$Lambda+0x000001faad012e68
instanceKlass org/apache/logging/log4j/MarkerManager$Log4jMarker
instanceKlass org/apache/logging/log4j/util/StringBuilderFormattable
instanceKlass org/apache/logging/log4j/Marker
instanceKlass org/apache/logging/log4j/MarkerManager
instanceKlass org/apache/logging/log4j/status/StatusListener
instanceKlass java/util/concurrent/locks/ReadWriteLock
instanceKlass org/apache/logging/log4j/LogBuilder
instanceKlass org/apache/logging/log4j/message/Message
instanceKlass org/apache/logging/log4j/message/MessageFactory2
instanceKlass org/apache/logging/log4j/message/MessageFactory
instanceKlass org/apache/logging/log4j/spi/AbstractLogger
instanceKlass org/apache/logging/log4j/spi/LocationAwareLogger
instanceKlass org/apache/logging/log4j/spi/ExtendedLogger
instanceKlass org/apache/logging/log4j/spi/LoggerContextFactory
instanceKlass org/apache/logging/log4j/spi/ThreadContextMap
instanceKlass org/apache/logging/log4j/Logger
instanceKlass org/apache/logging/log4j/spi/Provider
instanceKlass  @bci org/apache/commons/logging/LogFactory isClassAvailable (Ljava/lang/String;Ljava/lang/ClassLoader;)Z 2 <appendix> member <vmtarget> ; # org/apache/commons/logging/LogFactory$$Lambda+0x000001faad0074d0
instanceKlass java/util/ServiceLoader$3
instanceKlass java/util/ServiceLoader$2
instanceKlass java/util/ServiceLoader$LazyClassPathLookupIterator
instanceKlass java/util/Spliterators$1Adapter
instanceKlass java/util/function/Consumer
# instanceKlass java/lang/invoke/LambdaForm$MH+0x000001faad008800
instanceKlass sun/reflect/annotation/AnnotationParser
instanceKlass java/lang/Class$3
instanceKlass java/util/EnumMap$1
instanceKlass java/util/stream/StreamOpFlag$MaskBuilder
instanceKlass java/util/stream/Stream
instanceKlass java/util/stream/BaseStream
instanceKlass java/util/stream/PipelineHelper
instanceKlass java/util/stream/StreamSupport
instanceKlass java/util/Spliterators$ArraySpliterator
instanceKlass java/util/Spliterator$OfDouble
instanceKlass java/util/Spliterator$OfLong
instanceKlass java/util/Spliterator$OfInt
instanceKlass java/util/Spliterator$OfPrimitive
instanceKlass java/util/Spliterator
instanceKlass java/util/Spliterators$EmptySpliterator
instanceKlass java/util/Spliterators
instanceKlass java/util/ServiceLoader$ModuleServicesLookupIterator
instanceKlass java/util/ServiceLoader
instanceKlass  @bci org/apache/commons/logging/LogFactory getFactory ()Lorg/apache/commons/logging/LogFactory; 240 <appendix> argL0 ; # org/apache/commons/logging/LogFactory$$Lambda+0x000001faad0072b8
instanceKlass  @bci org/apache/commons/logging/LogFactory getFactory ()Lorg/apache/commons/logging/LogFactory; 196 <appendix> argL0 ; # org/apache/commons/logging/LogFactory$$Lambda+0x000001faad0070a0
instanceKlass jdk/internal/loader/URLClassPath$1
instanceKlass java/lang/CompoundEnumeration
instanceKlass jdk/internal/loader/BuiltinClassLoader$1
instanceKlass java/util/Collections$EmptyEnumeration
instanceKlass java/util/Collections$EmptyIterator
instanceKlass jdk/internal/jimage/ImageLocation
instanceKlass jdk/internal/jimage/decompressor/Decompressor
instanceKlass jdk/internal/jimage/ImageStringsReader
instanceKlass jdk/internal/jimage/ImageStrings
instanceKlass jdk/internal/jimage/ImageHeader
instanceKlass jdk/internal/jimage/NativeImageBuffer$1
instanceKlass jdk/internal/jimage/NativeImageBuffer
instanceKlass jdk/internal/jimage/BasicImageReader$1
instanceKlass jdk/internal/jimage/BasicImageReader
instanceKlass jdk/internal/jimage/ImageReader
instanceKlass jdk/internal/jimage/ImageReaderFactory$1
instanceKlass java/net/URI$Parser
instanceKlass java/nio/file/FileSystems$DefaultFileSystemHolder$1
instanceKlass java/nio/file/FileSystems$DefaultFileSystemHolder
instanceKlass java/nio/file/FileSystems
instanceKlass java/nio/file/Paths
instanceKlass jdk/internal/jimage/ImageReaderFactory
instanceKlass jdk/internal/module/SystemModuleFinders$SystemImage
instanceKlass jdk/internal/module/SystemModuleFinders$SystemModuleReader
instanceKlass java/lang/module/ModuleReader
instanceKlass jdk/internal/loader/BuiltinClassLoader$5
instanceKlass jdk/internal/loader/BuiltinClassLoader$2
instanceKlass jdk/internal/module/Resources
instanceKlass  @bci org/apache/commons/logging/LogFactory getResources (Ljava/lang/ClassLoader;Ljava/lang/String;)Ljava/util/Enumeration; 2 <appendix> member <vmtarget> ; # org/apache/commons/logging/LogFactory$$Lambda+0x000001faad006e80
instanceKlass org/apache/commons/logging/impl/WeakHashtable$Referenced
instanceKlass  @bci com/bookstore/controller/BookApiController getStats ()Ljava/util/Map; 43 <appendix> form vmentry <vmtarget> ; # java/lang/invoke/LambdaForm$MH+0x000001faad008400
instanceKlass java/lang/invoke/LambdaFormBuffer
instanceKlass java/lang/invoke/LambdaFormEditor$TransformKey
instanceKlass java/lang/invoke/LambdaFormEditor
instanceKlass java/lang/invoke/DelegatingMethodHandle$Holder
instanceKlass java/lang/invoke/DirectMethodHandle$2
instanceKlass java/lang/invoke/ClassSpecializer$Factory
instanceKlass java/lang/invoke/ClassSpecializer$SpeciesData
instanceKlass java/lang/invoke/ClassSpecializer$1
instanceKlass java/lang/invoke/ClassSpecializer
instanceKlass  @bci org/apache/commons/logging/LogFactory getContextClassLoaderInternal ()Ljava/lang/ClassLoader; 0 <appendix> argL0 ; # org/apache/commons/logging/LogFactory$$Lambda+0x000001faad006818
instanceKlass jdk/internal/reflect/MethodHandleAccessorFactory$LazyStaticHolder
instanceKlass  @bci org/apache/commons/logging/LogFactory getSystemProperty (Ljava/lang/String;Ljava/lang/String;)Ljava/lang/String; 2 <appendix> member <vmtarget> ; # org/apache/commons/logging/LogFactory$$Lambda+0x000001faad006228
instanceKlass java/lang/invoke/LambdaProxyClassArchive
instanceKlass java/lang/invoke/InfoFromMemberName
instanceKlass java/lang/invoke/MethodHandleInfo
instanceKlass jdk/internal/org/objectweb/asm/ConstantDynamic
instanceKlass jdk/internal/org/objectweb/asm/Handle
instanceKlass sun/security/action/GetBooleanAction
instanceKlass java/lang/invoke/AbstractValidatingLambdaMetafactory
instanceKlass java/lang/invoke/MethodHandleImpl$1
instanceKlass jdk/internal/access/JavaLangInvokeAccess
instanceKlass java/lang/invoke/Invokers$Holder
instanceKlass java/lang/invoke/BootstrapMethodInvoker
instanceKlass  @cpi org/springframework/boot/autoconfigure/ssl/SslPropertiesBundleRegistrar 308 form vmentry <vmtarget> ; # java/lang/invoke/LambdaForm$DMH+0x000001faad008000
instanceKlass java/lang/invoke/MethodHandles$Lookup$ClassDefiner
instanceKlass java/lang/invoke/MethodHandles$Lookup$ClassFile
instanceKlass jdk/internal/org/objectweb/asm/Handler
instanceKlass jdk/internal/org/objectweb/asm/Attribute
instanceKlass jdk/internal/org/objectweb/asm/FieldVisitor
instanceKlass java/util/ArrayList$Itr
instanceKlass sun/invoke/empty/Empty
instanceKlass sun/invoke/util/VerifyType
instanceKlass java/lang/invoke/InvokerBytecodeGenerator$ClassData
instanceKlass jdk/internal/org/objectweb/asm/AnnotationVisitor
instanceKlass jdk/internal/org/objectweb/asm/Frame
instanceKlass jdk/internal/org/objectweb/asm/Label
instanceKlass jdk/internal/org/objectweb/asm/Type
instanceKlass jdk/internal/org/objectweb/asm/MethodVisitor
instanceKlass sun/invoke/util/BytecodeDescriptor
instanceKlass jdk/internal/org/objectweb/asm/ByteVector
instanceKlass jdk/internal/org/objectweb/asm/Symbol
instanceKlass jdk/internal/org/objectweb/asm/SymbolTable
instanceKlass jdk/internal/org/objectweb/asm/ClassVisitor
instanceKlass java/lang/invoke/InvokerBytecodeGenerator$1
instanceKlass java/lang/invoke/InvokerBytecodeGenerator
instanceKlass java/lang/invoke/LambdaForm$Holder
instanceKlass java/lang/invoke/LambdaForm$Name
instanceKlass java/lang/invoke/Invokers
instanceKlass java/lang/invoke/MethodHandleImpl
instanceKlass sun/invoke/util/ValueConversions
instanceKlass java/lang/invoke/DirectMethodHandle$Holder
instanceKlass java/lang/invoke/LambdaForm$NamedFunction
instanceKlass sun/invoke/util/Wrapper$Format
instanceKlass java/lang/invoke/MethodTypeForm
instanceKlass jdk/internal/util/StrongReferenceKey
instanceKlass jdk/internal/util/ReferenceKey
instanceKlass jdk/internal/util/ReferencedKeyMap
instanceKlass java/lang/invoke/MethodType$1
instanceKlass java/lang/invoke/LambdaMetafactory
instanceKlass org/apache/commons/logging/LogFactory
instanceKlass org/springframework/boot/ApplicationArguments
instanceKlass org/springframework/boot/env/PropertySourceInfo
instanceKlass org/springframework/core/env/PropertySource
instanceKlass org/springframework/core/env/ConfigurableEnvironment
instanceKlass org/springframework/core/env/ConfigurablePropertyResolver
instanceKlass org/springframework/core/convert/support/ConfigurableConversionService
instanceKlass org/springframework/core/convert/converter/ConverterRegistry
instanceKlass org/springframework/core/convert/ConversionService
instanceKlass org/springframework/boot/bootstrap/ConfigurableBootstrapContext
instanceKlass org/springframework/boot/bootstrap/BootstrapContext
instanceKlass org/springframework/boot/bootstrap/BootstrapRegistry
instanceKlass org/springframework/core/OrderComparator
instanceKlass org/springframework/core/OrderComparator$OrderSourceProvider
instanceKlass org/springframework/beans/factory/config/ConfigurableBeanFactory
instanceKlass org/springframework/beans/factory/config/SingletonBeanRegistry
instanceKlass org/springframework/context/ApplicationContext
instanceKlass org/springframework/core/io/support/ResourcePatternResolver
instanceKlass org/springframework/core/io/ResourceLoader
instanceKlass org/springframework/context/ApplicationEventPublisher
instanceKlass org/springframework/context/MessageSource
instanceKlass org/springframework/beans/factory/HierarchicalBeanFactory
instanceKlass org/springframework/beans/factory/ListableBeanFactory
instanceKlass org/springframework/beans/factory/BeanFactory
instanceKlass org/springframework/core/env/EnvironmentCapable
instanceKlass org/springframework/context/ApplicationListener
instanceKlass java/util/EventListener
instanceKlass org/springframework/beans/factory/config/BeanFactoryPostProcessor
instanceKlass org/springframework/core/env/Environment
instanceKlass org/springframework/core/env/PropertyResolver
instanceKlass java/util/EventObject
instanceKlass org/springframework/boot/SpringApplication
instanceKlass java/util/zip/Checksum$1
instanceKlass java/util/zip/CRC32
instanceKlass java/util/zip/Checksum
instanceKlass java/util/TreeMap$PrivateEntryIterator
instanceKlass java/util/TreeMap$Entry
instanceKlass java/util/NavigableMap
instanceKlass java/util/SortedMap
instanceKlass java/util/NavigableSet
instanceKlass java/util/SortedSet
instanceKlass java/util/SequencedSet
instanceKlass java/lang/reflect/Array
instanceKlass java/util/jar/Attributes$Name
instanceKlass java/util/SequencedMap
instanceKlass java/util/jar/Attributes
instanceKlass sun/security/action/GetIntegerAction
instanceKlass sun/security/util/SignatureFileVerifier
instanceKlass java/util/zip/ZipFile$InflaterCleanupAction
instanceKlass java/util/zip/Inflater$InflaterZStreamRef
instanceKlass java/util/zip/Inflater
instanceKlass java/util/zip/ZipEntry
instanceKlass java/util/zip/ZipFile$2
instanceKlass java/nio/Bits$1
instanceKlass jdk/internal/misc/VM$BufferPool
instanceKlass java/nio/Bits
instanceKlass sun/nio/ch/DirectBuffer
instanceKlass jdk/internal/perf/PerfCounter$CoreCounters
instanceKlass jdk/internal/perf/Perf
instanceKlass jdk/internal/perf/Perf$GetPerfAction
instanceKlass jdk/internal/perf/PerfCounter
instanceKlass sun/util/locale/LocaleUtils
instanceKlass sun/util/locale/BaseLocale
instanceKlass java/util/Locale
instanceKlass java/nio/file/attribute/FileTime
instanceKlass java/util/zip/ZipUtils
instanceKlass java/util/zip/ZipFile$Source$End
instanceKlass java/io/RandomAccessFile$2
instanceKlass jdk/internal/access/JavaIORandomAccessFileAccess
instanceKlass java/io/RandomAccessFile
instanceKlass java/io/DataInput
instanceKlass java/io/DataOutput
instanceKlass sun/nio/fs/WindowsNativeDispatcher$CompletionStatus
instanceKlass sun/nio/fs/WindowsNativeDispatcher$AclInformation
instanceKlass sun/nio/fs/WindowsNativeDispatcher$Account
instanceKlass sun/nio/fs/WindowsNativeDispatcher$DiskFreeSpace
instanceKlass sun/nio/fs/WindowsNativeDispatcher$VolumeInformation
instanceKlass sun/nio/fs/WindowsNativeDispatcher$FirstStream
instanceKlass sun/nio/fs/WindowsNativeDispatcher$FirstFile
instanceKlass java/util/Enumeration
instanceKlass java/util/concurrent/ConcurrentHashMap$Traverser
instanceKlass jdk/internal/loader/NativeLibraries$3
instanceKlass jdk/internal/loader/NativeLibrary
instanceKlass java/util/ArrayDeque$DeqIterator
instanceKlass jdk/internal/loader/NativeLibraries$NativeLibraryContext$1
instanceKlass jdk/internal/loader/NativeLibraries$NativeLibraryContext
instanceKlass jdk/internal/loader/NativeLibraries$2
instanceKlass jdk/internal/loader/NativeLibraries$1
instanceKlass jdk/internal/loader/NativeLibraries$LibraryPaths
instanceKlass sun/nio/fs/WindowsNativeDispatcher
instanceKlass sun/nio/fs/NativeBuffer$Deallocator
instanceKlass sun/nio/fs/NativeBuffer
instanceKlass java/lang/ThreadLocal$ThreadLocalMap
instanceKlass java/lang/ThreadLocal
instanceKlass sun/nio/fs/NativeBuffers
instanceKlass sun/nio/fs/WindowsFileAttributes
instanceKlass java/nio/file/attribute/DosFileAttributes
instanceKlass sun/nio/fs/AbstractBasicFileAttributeView
instanceKlass sun/nio/fs/DynamicFileAttributeView
instanceKlass sun/nio/fs/WindowsFileAttributeViews
instanceKlass sun/nio/fs/Util
instanceKlass java/nio/file/attribute/BasicFileAttributeView
instanceKlass java/nio/file/attribute/FileAttributeView
instanceKlass java/nio/file/attribute/AttributeView
instanceKlass java/nio/file/Files
instanceKlass java/nio/file/CopyOption
instanceKlass java/nio/file/attribute/BasicFileAttributes
instanceKlass sun/nio/fs/WindowsPath
instanceKlass java/nio/file/Path
instanceKlass java/nio/file/Watchable
instanceKlass java/util/zip/ZipFile$Source$Key
instanceKlass sun/nio/fs/WindowsPathParser$Result
instanceKlass sun/nio/fs/WindowsPathParser
instanceKlass java/nio/file/FileSystem
instanceKlass java/nio/file/OpenOption
instanceKlass java/nio/file/spi/FileSystemProvider
instanceKlass sun/nio/fs/DefaultFileSystemProvider
instanceKlass java/util/zip/ZipFile$Source
instanceKlass java/util/zip/ZipCoder
instanceKlass java/util/zip/ZipFile$CleanableResource
instanceKlass jdk/internal/util/DecimalDigits
instanceKlass jdk/internal/util/Digits
instanceKlass java/lang/Runtime$Version
instanceKlass java/util/jar/JavaUtilJarAccessImpl
instanceKlass jdk/internal/access/JavaUtilJarAccess
instanceKlass java/nio/charset/CoderResult
instanceKlass java/lang/Readable
instanceKlass jdk/internal/loader/FileURLMapper
instanceKlass jdk/internal/loader/URLClassPath$JarLoader$1
instanceKlass java/util/zip/ZipFile$1
instanceKlass jdk/internal/access/JavaUtilZipFileAccess
instanceKlass java/util/zip/ZipFile
instanceKlass java/util/zip/ZipConstants
instanceKlass java/lang/Void
instanceKlass java/lang/PublicMethods$Key
instanceKlass java/lang/PublicMethods$MethodList
instanceKlass jdk/internal/misc/PreviewFeatures
instanceKlass jdk/internal/misc/MethodFinder
instanceKlass com/bookstore/BookstoreApplication
instanceKlass java/util/concurrent/ForkJoinPool$ManagedBlocker
instanceKlass java/util/concurrent/locks/AbstractQueuedSynchronizer$Node
instanceKlass sun/security/util/Debug
instanceKlass java/security/SecureClassLoader$DebugHolder
instanceKlass java/security/Permission
instanceKlass java/security/Guard
instanceKlass java/security/PermissionCollection
instanceKlass java/security/SecureClassLoader$1
instanceKlass java/io/FileInputStream$1
instanceKlass sun/nio/ByteBuffered
instanceKlass jdk/internal/ref/CleanerImpl
instanceKlass java/lang/ref/Cleaner$1
instanceKlass java/lang/ref/Cleaner
instanceKlass jdk/internal/ref/CleanerFactory$1
instanceKlass java/util/concurrent/ThreadFactory
instanceKlass jdk/internal/ref/CleanerFactory
instanceKlass java/lang/ref/Cleaner$Cleanable
instanceKlass java/lang/Package$VersionInfo
instanceKlass java/lang/NamedPackage
instanceKlass jdk/internal/loader/Resource
instanceKlass jdk/internal/loader/URLClassPath$Loader
instanceKlass jdk/internal/loader/URLClassPath$3
instanceKlass java/security/PrivilegedExceptionAction
instanceKlass sun/net/util/URLUtil
instanceKlass java/lang/StringCoding
instanceKlass sun/nio/cs/ArrayDecoder
instanceKlass java/nio/charset/CharsetDecoder
instanceKlass sun/launcher/LauncherHelper
instanceKlass java/lang/invoke/StringConcatFactory
instanceKlass java/lang/ModuleLayer$Controller
instanceKlass java/util/concurrent/CopyOnWriteArrayList
instanceKlass jdk/internal/module/ServicesCatalog$ServiceProvider
instanceKlass jdk/internal/loader/AbstractClassLoaderValue$Memoizer
instanceKlass java/util/ImmutableCollections$ListItr
instanceKlass java/util/ListIterator
instanceKlass java/lang/ModuleLayer
instanceKlass jdk/internal/module/ModuleLoaderMap$Modules
instanceKlass jdk/internal/module/ModuleLoaderMap$Mapper
instanceKlass jdk/internal/module/ModuleLoaderMap
instanceKlass java/util/AbstractMap$KeyIterator
instanceKlass java/lang/module/ResolvedModule
instanceKlass java/lang/module/Configuration
instanceKlass jdk/internal/loader/BuiltinClassLoader$LoadedModule
instanceKlass jdk/internal/loader/AbstractClassLoaderValue
instanceKlass jdk/internal/module/ServicesCatalog
instanceKlass java/util/Deque
instanceKlass java/util/Queue
instanceKlass sun/net/util/IPAddressUtil$MASKS
instanceKlass sun/net/util/IPAddressUtil
instanceKlass java/net/URLStreamHandler
instanceKlass sun/net/www/ParseUtil
instanceKlass java/net/URL$3
instanceKlass jdk/internal/access/JavaNetURLAccess
instanceKlass java/net/URL$DefaultFactory
instanceKlass java/net/URLStreamHandlerFactory
instanceKlass jdk/internal/loader/URLClassPath
instanceKlass java/security/Principal
instanceKlass java/security/ProtectionDomain$Key
instanceKlass java/security/ProtectionDomain$JavaSecurityAccessImpl
instanceKlass jdk/internal/access/JavaSecurityAccess
instanceKlass java/lang/ClassLoader$ParallelLoaders
instanceKlass java/security/cert/Certificate
instanceKlass jdk/internal/loader/ArchivedClassLoaders
instanceKlass java/util/concurrent/ConcurrentHashMap$CollectionView
instanceKlass jdk/internal/loader/ClassLoaderHelper
instanceKlass jdk/internal/loader/NativeLibraries
instanceKlass java/lang/Module$EnableNativeAccess
instanceKlass jdk/internal/loader/BootLoader
instanceKlass java/util/Optional
instanceKlass jdk/internal/module/SystemModuleFinders$SystemModuleFinder
instanceKlass java/lang/module/ModuleFinder
instanceKlass jdk/internal/module/SystemModuleFinders$3
instanceKlass jdk/internal/module/ModuleHashes$HashSupplier
instanceKlass jdk/internal/module/SystemModuleFinders$2
instanceKlass java/util/function/Supplier
instanceKlass java/lang/module/ModuleReference
instanceKlass jdk/internal/module/ModuleResolution
instanceKlass java/util/Collections$UnmodifiableMap
instanceKlass jdk/internal/module/ModuleHashes$Builder
instanceKlass jdk/internal/module/ModuleHashes
instanceKlass jdk/internal/module/ModuleTarget
instanceKlass java/util/ImmutableCollections$Set12$1
instanceKlass java/lang/reflect/AccessFlag$18
instanceKlass java/lang/reflect/AccessFlag$17
instanceKlass java/lang/reflect/AccessFlag$16
instanceKlass java/lang/reflect/AccessFlag$15
instanceKlass java/lang/reflect/AccessFlag$14
instanceKlass java/lang/reflect/AccessFlag$13
instanceKlass java/lang/reflect/AccessFlag$12
instanceKlass java/lang/reflect/AccessFlag$11
instanceKlass java/lang/reflect/AccessFlag$10
instanceKlass java/lang/reflect/AccessFlag$9
instanceKlass java/lang/reflect/AccessFlag$8
instanceKlass java/lang/reflect/AccessFlag$7
instanceKlass java/lang/reflect/AccessFlag$6
instanceKlass java/lang/reflect/AccessFlag$5
instanceKlass java/lang/reflect/AccessFlag$4
instanceKlass java/lang/reflect/AccessFlag$3
instanceKlass java/lang/reflect/AccessFlag$2
instanceKlass java/lang/reflect/AccessFlag$1
instanceKlass java/lang/module/ModuleDescriptor$Version
instanceKlass java/lang/module/ModuleDescriptor$Provides
instanceKlass java/lang/module/ModuleDescriptor$Opens
instanceKlass java/util/ImmutableCollections$SetN$SetNIterator
instanceKlass java/lang/module/ModuleDescriptor$Exports
instanceKlass java/lang/module/ModuleDescriptor$Requires
instanceKlass jdk/internal/module/Builder
instanceKlass jdk/internal/module/SystemModules$default
instanceKlass jdk/internal/module/SystemModules
instanceKlass jdk/internal/module/SystemModulesMap
instanceKlass java/net/URI$1
instanceKlass jdk/internal/access/JavaNetUriAccess
instanceKlass java/net/URI
instanceKlass jdk/internal/module/SystemModuleFinders
instanceKlass jdk/internal/module/ArchivedModuleGraph
instanceKlass jdk/internal/module/ArchivedBootLayer
instanceKlass jdk/internal/module/ModuleBootstrap$Counters
instanceKlass jdk/internal/module/ModulePatcher
instanceKlass java/io/FileSystem
instanceKlass java/io/DefaultFileSystem
instanceKlass java/io/File
instanceKlass java/lang/module/ModuleDescriptor$1
instanceKlass jdk/internal/access/JavaLangModuleAccess
instanceKlass sun/invoke/util/VerifyAccess
instanceKlass java/util/KeyValueHolder
instanceKlass java/util/ImmutableCollections$MapN$MapNIterator
instanceKlass java/lang/StrictMath
instanceKlass java/lang/invoke/MethodHandles$Lookup
instanceKlass java/lang/invoke/MemberName$Factory
instanceKlass java/lang/invoke/MethodHandles
instanceKlass java/lang/module/ModuleDescriptor
instanceKlass jdk/internal/module/ModuleBootstrap
instanceKlass java/lang/Character$CharacterCache
instanceKlass java/util/HexFormat
instanceKlass jdk/internal/util/ClassFileDumper
instanceKlass sun/security/action/GetPropertyAction
instanceKlass java/lang/invoke/MethodHandleStatics
instanceKlass jdk/internal/misc/Blocker
instanceKlass java/util/concurrent/locks/AbstractQueuedSynchronizer$ConditionObject
instanceKlass java/util/concurrent/locks/Condition
instanceKlass java/util/Collections
instanceKlass java/lang/Thread$ThreadIdentifiers
instanceKlass sun/io/Win32ErrorMode
instanceKlass jdk/internal/misc/OSEnvironment
instanceKlass java/lang/Integer$IntegerCache
instanceKlass jdk/internal/misc/Signal$NativeHandler
instanceKlass java/util/Hashtable$Entry
instanceKlass jdk/internal/misc/Signal
instanceKlass java/lang/Terminator$1
instanceKlass jdk/internal/misc/Signal$Handler
instanceKlass java/lang/Terminator
instanceKlass java/nio/ByteOrder
instanceKlass java/nio/Buffer$2
instanceKlass jdk/internal/access/JavaNioAccess
instanceKlass java/nio/Buffer$1
instanceKlass jdk/internal/misc/ScopedMemoryAccess
instanceKlass java/nio/charset/CodingErrorAction
instanceKlass sun/nio/cs/SingleByte
instanceKlass java/lang/StringUTF16
instanceKlass sun/nio/cs/MS1252$Holder
instanceKlass sun/nio/cs/ArrayEncoder
instanceKlass java/nio/charset/CharsetEncoder
instanceKlass java/io/Writer
instanceKlass java/io/PrintStream$1
instanceKlass jdk/internal/access/JavaIOPrintStreamAccess
instanceKlass jdk/internal/misc/InternalLock
instanceKlass java/io/OutputStream
instanceKlass java/io/Flushable
instanceKlass java/io/FileDescriptor$1
instanceKlass jdk/internal/access/JavaIOFileDescriptorAccess
instanceKlass java/io/FileDescriptor
instanceKlass jdk/internal/util/StaticProperty
instanceKlass jdk/internal/reflect/MethodHandleAccessorFactory
instanceKlass java/lang/reflect/Modifier
instanceKlass java/lang/Class$1
instanceKlass java/lang/Class$Atomic
instanceKlass java/lang/Class$ReflectionData
instanceKlass java/nio/charset/StandardCharsets
instanceKlass sun/nio/cs/HistoricallyNamedCharset
instanceKlass java/nio/charset/spi/CharsetProvider
instanceKlass java/nio/charset/Charset
instanceKlass java/util/HashMap$HashIterator
instanceKlass java/util/concurrent/locks/LockSupport
instanceKlass java/util/concurrent/ConcurrentHashMap$Node
instanceKlass java/util/concurrent/ConcurrentHashMap$CounterCell
instanceKlass java/util/concurrent/locks/ReentrantLock
instanceKlass java/util/concurrent/locks/Lock
instanceKlass java/lang/CharacterData
instanceKlass java/util/Arrays
instanceKlass jdk/internal/util/Preconditions$3
instanceKlass jdk/internal/util/Preconditions$2
instanceKlass jdk/internal/util/Preconditions$4
instanceKlass java/util/function/BiFunction
instanceKlass jdk/internal/util/Preconditions$1
instanceKlass java/util/function/Function
instanceKlass jdk/internal/util/Preconditions
instanceKlass java/lang/Runtime
instanceKlass java/lang/VersionProps
instanceKlass java/lang/StringConcatHelper
instanceKlass java/util/HashMap$Node
instanceKlass java/util/Map$Entry
instanceKlass jdk/internal/util/ArraysSupport
instanceKlass jdk/internal/util/SystemProps$Raw
instanceKlass jdk/internal/util/SystemProps
instanceKlass java/lang/System$2
instanceKlass jdk/internal/access/JavaLangAccess
instanceKlass java/lang/ref/NativeReferenceQueue$Lock
instanceKlass java/lang/ref/ReferenceQueue
instanceKlass java/lang/ref/Reference$1
instanceKlass jdk/internal/access/JavaLangRefAccess
instanceKlass jdk/internal/reflect/ReflectionFactory
instanceKlass java/lang/Math
instanceKlass java/lang/StringLatin1
instanceKlass jdk/internal/reflect/Reflection
instanceKlass jdk/internal/reflect/ReflectionFactory$GetReflectionFactoryAction
instanceKlass java/security/PrivilegedAction
instanceKlass jdk/internal/access/SharedSecrets
instanceKlass java/lang/reflect/ReflectAccess
instanceKlass jdk/internal/access/JavaLangReflectAccess
instanceKlass java/util/ImmutableCollections
instanceKlass java/util/Objects
instanceKlass java/util/Set
instanceKlass jdk/internal/misc/CDS
instanceKlass java/lang/Module$ArchivedData
instanceKlass jdk/internal/misc/VM
instanceKlass java/lang/String$CaseInsensitiveComparator
instanceKlass java/util/Comparator
instanceKlass java/io/ObjectStreamField
instanceKlass jdk/internal/vm/FillerObject
instanceKlass jdk/internal/vm/vector/VectorSupport$VectorPayload
instanceKlass jdk/internal/vm/vector/VectorSupport
instanceKlass java/lang/reflect/RecordComponent
instanceKlass java/util/Iterator
instanceKlass java/lang/Number
instanceKlass java/lang/Character
instanceKlass java/lang/Boolean
instanceKlass java/util/concurrent/locks/AbstractOwnableSynchronizer
instanceKlass java/lang/LiveStackFrame
instanceKlass java/lang/ClassFrameInfo
instanceKlass java/lang/StackWalker$StackFrame
instanceKlass java/lang/StackStreamFactory$AbstractStackWalker
instanceKlass java/lang/StackWalker
instanceKlass java/nio/Buffer
instanceKlass java/lang/StackTraceElement
instanceKlass java/util/RandomAccess
instanceKlass java/util/List
instanceKlass java/util/SequencedCollection
instanceKlass java/util/AbstractCollection
instanceKlass java/util/Collection
instanceKlass java/lang/Iterable
instanceKlass java/util/concurrent/ConcurrentMap
instanceKlass java/util/AbstractMap
instanceKlass java/security/CodeSource
instanceKlass jdk/internal/loader/ClassLoaders
instanceKlass java/util/jar/Manifest
instanceKlass java/lang/Enum
instanceKlass java/net/URL
instanceKlass java/io/InputStream
instanceKlass java/io/Closeable
instanceKlass java/lang/AutoCloseable
instanceKlass jdk/internal/module/Modules
instanceKlass jdk/internal/misc/Unsafe
instanceKlass jdk/internal/misc/UnsafeConstants
instanceKlass java/lang/AbstractStringBuilder
instanceKlass java/lang/Appendable
instanceKlass java/lang/AssertionStatusDirectives
instanceKlass java/lang/invoke/MethodHandleNatives$CallSiteContext
instanceKlass jdk/internal/foreign/abi/ABIDescriptor
instanceKlass jdk/internal/foreign/abi/NativeEntryPoint
instanceKlass java/lang/invoke/CallSite
instanceKlass java/lang/invoke/MethodType
instanceKlass java/lang/invoke/TypeDescriptor$OfMethod
instanceKlass java/lang/invoke/LambdaForm
instanceKlass java/lang/invoke/MethodHandleNatives
instanceKlass java/lang/invoke/ResolvedMethodName
instanceKlass java/lang/invoke/MemberName
instanceKlass java/lang/invoke/VarHandle
instanceKlass java/lang/invoke/MethodHandle
instanceKlass jdk/internal/reflect/ConstructorAccessor
instanceKlass jdk/internal/reflect/CallerSensitive
instanceKlass java/lang/annotation/Annotation
instanceKlass jdk/internal/reflect/ConstantPool
instanceKlass jdk/internal/reflect/MethodAccessor
instanceKlass jdk/internal/reflect/MagicAccessorImpl
instanceKlass jdk/internal/vm/StackChunk
instanceKlass jdk/internal/vm/Continuation
instanceKlass jdk/internal/vm/ContinuationScope
instanceKlass java/lang/reflect/Parameter
instanceKlass java/lang/reflect/Member
instanceKlass java/lang/reflect/AccessibleObject
instanceKlass java/lang/Module
instanceKlass java/util/Map
instanceKlass java/util/Dictionary
instanceKlass java/lang/ThreadGroup
instanceKlass java/lang/Thread$UncaughtExceptionHandler
instanceKlass java/lang/Thread$Constants
instanceKlass java/lang/Thread$FieldHolder
instanceKlass java/lang/Thread
instanceKlass java/lang/Runnable
instanceKlass java/lang/ref/Reference
instanceKlass java/lang/Record
instanceKlass java/security/AccessController
instanceKlass java/security/AccessControlContext
instanceKlass java/security/ProtectionDomain
instanceKlass java/lang/SecurityManager
instanceKlass java/lang/Throwable
instanceKlass java/lang/System
instanceKlass java/lang/ClassLoader
instanceKlass java/lang/Cloneable
instanceKlass java/lang/Class
instanceKlass java/lang/invoke/TypeDescriptor$OfField
instanceKlass java/lang/invoke/TypeDescriptor
instanceKlass java/lang/reflect/Type
instanceKlass java/lang/reflect/GenericDeclaration
instanceKlass java/lang/reflect/AnnotatedElement
instanceKlass java/lang/String
instanceKlass java/lang/constant/ConstantDesc
instanceKlass java/lang/constant/Constable
instanceKlass java/lang/CharSequence
instanceKlass java/lang/Comparable
instanceKlass java/io/Serializable
ciInstanceKlass java/lang/Object 1 1 124 7 1 10 12 1 1 10 7 12 1 1 1 10 7 12 1 1 1 10 12 1 1 8 1 10 12 1 1 10 7 12 1 1 1 10 12 1 10 12 1 1 10 7 12 1 1 1 10 12 1 10 12 1 7 1 10 7 12 1 1 1 10 12 1 1 10 12 1 100 1 8 1 10 12 1 3 8 1 7 1 5 0 1 1 1 1 1 1 1 1 1 1 1 1 1 1 1 1 7 1 1 1 1 1 1 1 1 1 1 7 1 1 1 1 1 1 1 1 1 1 3 1 1
ciMethod java/lang/Object equals (Ljava/lang/Object;)Z 526 0 16024 0 -1
ciMethod java/lang/Object hashCode ()I 1280 0 640 0 -1
ciMethod java/lang/Object clone ()Ljava/lang/Object; 768 0 384 0 -1
ciInstanceKlass java/io/Serializable 1 0 7 100 1 100 1 1 1
ciInstanceKlass java/lang/System 1 1 834 10 7 12 1 1 1 9 7 12 1 1 1 10 12 1 10 12 1 1 10 12 1 1 10 12 1 9 12 1 1 10 7 12 1 1 1 11 7 12 1 1 1 10 100 12 1 1 1 10 12 1 1 10 12 1 1 100 1 8 1 10 12 1 10 7 12 1 1 1 10 7 12 1 1 1 18 12 1 1 10 7 12 1 1 1 7 1 10 12 1 1 10 7 12 1 1 1 10 12 1 10 7 12 1 1 1 9 100 12 1 1 1 10 7 12 1 1 1 11 7 12 1 1 1 10 12 1 1 10 7 12 1 1 1 7 1 10 10 12 1 1 8 1 10 12 1 8 1 10 12 1 9 12 1 1 8 1 10 7 12 1 1 1 10 12 1 1 100 1 8 1 10 9 12 1 1 8 1 10 12 1 1 10 100 12 1 1 1 8 1 10 12 1 7 1 10 12 1 8 1 10 12 1 10 12 1 1 100 1 10 12 10 12 1 9 12 1 1 9 12 1 1 10 7 12 1 1 1 10 7 12 1 1 1 10 12 1 1 10 12 1 10 12 1 10 7 12 1 1 1 10 12 1 100 1 100 1 8 1 10 12 1 10 12 1 1 7 1 10 12 1 100 1 8 1 10 10 12 1 100 1 8 1 10 8 1 10 7 12 1 1 8 1 10 12 100 1 8 1 10 10 12 1 1 10 7 12 1 1 1 100 1 18 12 1 100 1 9 100 12 1 1 1 10 12 1 100 1 10 12 1 1 10 12 1 1 10 7 12 1 1 1 10 12 1 1 10 12 1 10 12 1 10 12 1 1 10 12 1 7 1 10 12 1 9 7 12 1 1 1 10 7 12 1 1 1 10 12 1 10 12 1 10 7 12 1 1 1 7 1 8 1 10 9 12 1 9 12 1 10 12 1 10 7 12 1 1 10 12 1 10 12 1 1 8 1 10 12 1 1 8 1 11 12 1 10 12 11 12 1 1 11 7 12 1 1 1 11 7 12 1 1 11 12 1 1 7 1 11 12 1 10 12 1 8 1 10 12 1 1 8 1 8 1 8 1 8 1 11 12 1 10 12 1 10 12 1 10 12 1 8 1 10 12 1 1 8 1 9 12 1 8 1 10 7 12 1 1 8 1 7 1 9 7 12 1 1 1 10 12 1 7 1 9 12 10 9 12 7 1 10 12 9 12 1 1 8 1 10 12 1 1 8 1 10 7 12 1 1 10 12 1 10 12 1 1 11 7 12 1 1 10 12 10 7 12 1 1 1 9 12 1 1 7 1 8 1 10 12 1 1 10 7 12 1 1 1 7 1 10 12 1 1 10 12 1 8 1 8 1 10 8 1 8 1 8 1 8 1 10 10 7 12 1 1 10 12 1 10 12 1 1 10 12 1 1 10 12 1 10 100 12 1 1 1 10 7 1 8 1 10 10 10 12 1 1 10 12 1 1 8 1 10 12 1 8 1 8 1 10 12 1 10 7 12 1 1 1 10 12 1 1 7 1 10 10 12 1 10 12 1 9 12 1 1 3 1 3 1 1 1 1 1 1 1 1 1 1 1 1 100 1 1 100 1 1 1 1 1 1 1 1 1 1 1 100 1 7 1 1 1 1 1 1 1 1 1 1 1 1 1 1 1 1 1 1 1 1 1 1 1 1 1 1 1 1 1 1 1 1 1 1 1 1 1 1 1 1 1 1 1 1 1 1 1 1 1 1 1 1 1 1 1 1 1 1 100 1 1 1 1 1 1 1 1 1 1 1 1 1 1 1 1 1 1 1 1 1 1 1 1 1 1 1 1 1 1 1 1 1 100 1 1 16 15 10 12 1 1 16 15 10 12 16 1 15 10 100 12 1 1 1 1 1 1 1 1 1 100 1 100 1 1
staticfield java/lang/System in Ljava/io/InputStream; java/io/BufferedInputStream
staticfield java/lang/System out Ljava/io/PrintStream; java/io/PrintStream
staticfield java/lang/System err Ljava/io/PrintStream; java/io/PrintStream
ciInstanceKlass java/lang/SecurityManager 0 0 576 10 7 12 1 1 1 9 7 12 1 1 1 10 7 12 1 1 1 100 1 8 1 10 12 1 10 12 1 1 10 7 12 1 1 1 10 7 1 10 100 1 10 9 100 12 1 1 1 10 7 12 1 1 1 10 12 1 1 10 7 12 1 1 100 1 8 1 10 9 12 1 1 9 12 1 8 1 9 12 1 7 1 10 8 1 10 12 1 1 10 12 1 10 12 1 1 100 1 10 10 12 1 1 100 1 8 1 10 12 1 8 1 8 1 8 1 8 1 8 1 8 1 10 12 1 8 1 8 1 8 1 8 1 8 1 10 7 12 1 1 1 10 12 1 1 8 1 100 1 8 1 10 8 1 8 1 8 1 8 1 8 1 10 100 12 1 1 8 1 100 1 8 1 8 1 10 8 1 10 12 1 100 1 8 1 10 10 12 1 1 10 12 1 10 12 1 10 12 1 10 100 12 1 1 1 10 12 1 10 100 12 1 1 11 100 12 1 1 1 18 12 1 1 11 100 12 1 1 1 18 12 1 1 11 12 1 1 18 18 11 12 1 18 12 1 11 12 1 1 9 12 1 1 9 12 1 9 12 1 9 12 1 100 1 10 100 12 1 1 10 12 1 10 12 1 18 12 1 18 10 100 12 1 1 1 18 12 1 10 12 1 18 18 8 1 10 12 1 9 12 1 1 11 7 12 1 1 1 8 1 100 1 10 12 1 10 12 1 1 10 12 1 1 9 12 1 1 10 12 1 10 12 1 1 8 1 100 1 10 9 12 1 8 1 10 12 1 8 1 100 1 10 10 100 12 1 1 10 100 1 9 7 12 1 1 1 11 12 1 1 10 12 1 11 12 1 10 12 1 7 1 10 10 12 1 1 10 12 1 1 1 1 1 1 1 1 1 1 1 7 1 1 1 1 1 1 1 1 1 1 1 1 1 1 1 1 1 1 1 1 1 1 1 1 1 1 1 1 1 1 1 1 1 1 1 1 1 1 1 1 1 1 1 1 1 1 1 1 1 1 1 1 1 1 1 1 3 1 1 1 1 1 1 1 1 1 1 100 1 1 1 1 1 1 1 1 1 1 1 1 1 1 1 1 1 1 1 1 1 1 1 1 1 1 1 1 1 1 1 1 1 1 1 1 1 1 16 15 10 7 12 1 1 1 16 1 16 15 10 12 16 1 15 10 12 16 15 11 7 1 16 1 16 1 15 10 12 16 15 10 12 16 15 10 12 1 16 1 15 11 12 1 15 10 12 16 15 10 16 1 15 10 100 12 1 1 1 1 1 1 100 1 100 1 1
ciInstanceKlass java/security/AccessController 1 1 295 10 7 12 1 1 1 10 7 12 1 1 1 10 7 12 1 1 1 10 12 1 1 10 12 1 1 10 7 12 1 1 1 10 12 1 1 10 12 1 10 12 1 1 10 12 1 100 1 8 1 10 12 1 10 12 1 10 12 1 1 10 12 1 7 1 7 1 10 12 1 1 10 12 1 10 12 1 10 12 1 1 10 7 12 1 1 1 10 12 1 1 9 100 12 1 1 1 10 7 12 1 1 1 10 12 1 10 12 1 9 100 12 1 1 1 10 12 1 10 12 1 1 9 12 1 1 10 100 1 10 11 7 12 1 1 1 10 7 12 1 1 11 7 1 100 1 10 12 1 10 12 1 10 12 1 8 1 10 12 1 1 8 1 10 100 12 1 1 1 8 1 7 1 10 10 12 1 1 10 12 1 10 7 12 1 1 1 10 12 1 8 1 10 7 12 1 1 8 1 8 1 10 12 1 8 1 10 12 1 10 12 1 1 10 12 1 1 1 1 1 1 1 1 1 1 1 1 1 1 1 1 1 1 1 1 1 1 1 1 1 1 1 1 100 1 1 1 1 1 1 1 1 1 1 1 1 1 1 1 1 1 1 1 1 1 1 1 1 1 1 1 1 1 1 1 1 1 1 100 1 100 1 1 1 1 1 1 1 1 1 3 1 1 1
staticfield java/security/AccessController $assertionsDisabled Z 1
ciInstanceKlass java/security/ProtectionDomain 1 1 348 10 7 12 1 1 1 9 7 12 1 1 1 7 1 10 9 12 1 1 9 12 1 1 9 12 1 1 10 7 12 1 1 7 1 9 12 1 9 12 1 1 7 1 9 12 1 1 9 12 1 10 100 12 1 1 10 100 12 1 1 1 10 12 1 1 10 12 1 9 12 1 9 100 12 1 1 10 12 1 1 10 100 1 10 12 1 1 8 1 7 1 8 1 10 12 1 10 11 10 7 12 1 1 1 10 12 1 1 8 1 11 8 1 10 12 1 8 1 8 1 10 12 1 1 10 12 1 10 12 1 1 10 12 1 8 1 10 12 1 8 1 8 1 10 7 12 1 1 1 9 100 12 1 1 1 10 12 1 1 9 100 12 1 1 1 10 7 12 1 1 1 100 1 18 12 1 1 10 7 12 1 1 1 10 7 1 10 12 1 10 12 1 1 11 100 12 1 1 11 12 1 100 1 11 7 12 1 1 1 10 12 1 10 11 12 1 1 11 12 1 1 10 12 1 10 7 12 1 1 10 100 12 1 1 11 12 1 10 12 10 12 1 8 1 8 1 10 7 12 1 1 1 7 1 10 10 7 12 1 1 1 1 1 1 1 1 1 1 7 1 1 7 1 1 1 1 1 1 1 1 1 1 1 1 1 1 1 1 1 1 1 1 1 1 1 1 1 1 1 1 1 1 1 1 1 1 1 1 1 1 1 1 1 1 1 1 7 1 1 1 1 1 1 100 1 1 16 15 10 12 16 15 10 100 12 1 1 1 1 1 1 1 100 1 100 1 1
staticfield java/security/ProtectionDomain filePermCompatInPD Z 0
ciInstanceKlass java/security/CodeSource 1 1 399 10 7 12 1 1 1 9 7 12 1 1 1 9 12 1 1 9 12 1 1 9 12 1 1 10 7 12 1 1 1 9 12 1 1 10 100 12 1 1 10 100 10 100 12 1 1 1 10 12 1 1 10 12 1 1 7 1 10 10 100 12 1 1 1 10 100 12 1 1 1 10 12 1 1 100 1 10 12 1 1 10 12 1 1 10 12 1 1 10 12 1 10 10 7 1 10 12 1 1 10 7 12 1 1 1 10 12 1 1 10 12 1 10 12 1 8 1 10 12 1 10 12 1 10 12 1 1 10 12 1 8 1 10 12 1 1 10 7 1 10 10 12 1 1 8 1 10 12 1 10 12 1 10 12 1 8 1 8 1 9 12 1 1 100 1 8 1 10 12 1 10 12 1 1 8 1 10 12 1 8 1 8 1 8 1 10 100 12 1 1 10 12 1 1 10 12 1 10 12 1 1 10 12 1 1 10 12 1 1 100 1 100 1 10 12 1 10 12 10 12 1 1 10 100 12 1 1 10 12 1 7 1 10 12 10 100 12 1 1 1 10 8 1 10 12 1 10 12 1 10 12 1 1 100 1 10 12 1 1 100 1 7 1 8 1 8 1 10 10 12 1 1 10 100 12 1 1 1 7 1 10 12 10 12 1 1 11 7 12 1 1 10 10 12 1 11 10 12 1 8 1 100 1 10 12 1 10 12 1 1 10 12 1 11 12 1 1 7 1 1 1 1 5 0 1 1 1 1 1 1 1 1 1 1 1 1 1 1 1 1 1 1 1 1 1 1 1 1 1 1 1 1 1 1 1 1 1 1 1 1 1 1 1 1 1 1 1 1 1 1 1 1 1 1 1 1 1 1 1 1 1 1 1 1 1 1 1 1 1 1 100 1 1 1 1 1 1 1
ciInstanceKlass java/lang/Boolean 1 1 152 10 7 12 1 1 1 9 7 12 1 1 1 10 12 1 1 10 12 1 8 1 10 7 12 1 1 9 12 1 1 9 12 1 10 12 1 1 10 12 1 1 10 12 1 1 10 7 12 1 1 1 100 1 100 1 10 12 1 1 9 100 12 1 1 9 12 10 100 12 1 1 1 10 12 1 1 8 1 10 7 12 1 1 1 9 12 1 1 7 1 7 1 7 1 1 1 1 1 1 5 0 1 1 1 1 1 1 1 1 1 1 3 1 1 1 1 1 1 1 1 1 1 1 1 1 1 1 1 1 1 7 1 1 1 1 1 1 1 1 1 1 100 1 1 1 1 1 1 1 1 1
staticfield java/lang/Boolean TRUE Ljava/lang/Boolean; java/lang/Boolean
staticfield java/lang/Boolean FALSE Ljava/lang/Boolean; java/lang/Boolean
staticfield java/lang/Boolean TYPE Ljava/lang/Class; java/lang/Class
ciInstanceKlass java/lang/Comparable 1 0 12 100 1 100 1 1 1 1 1 1 1 1
ciInstanceKlass java/lang/constant/Constable 1 0 11 100 1 100 1 1 1 1 1 1 1
ciInstanceKlass java/util/Map 1 1 263 11 7 12 1 1 1 11 12 1 1 10 7 12 1 1 11 12 1 1 11 7 12 1 1 1 11 7 12 1 1 1 11 12 1 1 7 1 11 12 1 11 12 1 100 1 100 1 10 12 1 1 11 100 12 1 1 1 11 100 12 1 1 1 11 12 1 11 12 1 10 12 1 1 11 12 1 11 100 12 1 9 7 12 1 1 1 7 1 10 12 7 1 7 1 10 12 1 7 1 10 7 1 11 12 1 11 12 1 1 11 12 1 1 7 1 11 12 1 1 1 1 1 1 1 1 1 1 1 1 1 1 1 1 1 1 1 1 1 1 1 1 1 1 1 1 1 1 1 1 1 1 1 1 1 1 1 1 1 1 1 1 1 1 1 1 1 1 1 1 1 1 1 1 1 1 1 1 1 1 1 1 1 1 1 1 1 1 1 1 1 1 1 1 1 1 1 1 1 1 1 1 1 1 1 1 1 1 1 1 1 1 1 1 1 1 1 1 1 1 1 1 1 1 1 1 1 1 1 1 1 1 1 1 1 1 1 1 1 1 1 1 1 1 100 1 1 1 1 1 1 1 1 1 1 1 1 1 1 1 1 1 1
ciInstanceKlass java/lang/Class 1 1 1729 10 7 12 1 1 1 9 7 12 1 1 1 9 12 1 1 10 12 1 1 8 1 10 12 1 8 1 8 1 10 12 1 1 10 7 12 1 1 1 10 12 1 7 1 10 10 12 1 10 12 1 1 10 12 1 1 10 12 1 1 10 7 12 1 1 10 12 1 10 12 1 10 12 1 8 1 10 12 1 8 1 10 12 1 8 1 8 1 10 12 1 1 10 7 12 1 1 1 18 12 1 1 11 7 12 1 1 1 8 1 8 1 8 1 10 7 12 1 1 1 11 12 1 1 8 1 10 12 1 10 11 7 12 1 1 1 11 7 12 1 1 1 11 8 1 18 8 1 10 12 1 10 7 12 1 1 10 12 1 1 10 7 12 1 1 1 10 12 1 1 10 12 1 1 10 7 12 1 1 1 10 12 9 100 12 1 1 1 10 7 12 1 1 1 10 12 1 10 7 12 1 1 1 10 12 1 1 18 12 1 1 10 7 12 1 1 1 10 7 12 1 10 12 1 1 10 7 1 10 12 1 8 1 10 8 1 8 1 8 1 8 1 8 1 8 1 8 1 8 1 9 7 12 1 1 9 7 1 9 7 1 9 7 1 9 7 1 9 7 1 9 7 1 9 7 1 9 100 1 7 1 10 12 1 1 9 12 1 1 7 1 8 1 10 12 1 10 12 1 1 10 12 1 1 10 7 12 1 1 1 7 1 10 12 1 7 1 7 1 10 10 12 1 1 10 12 1 1 100 1 10 7 12 1 1 1 10 12 1 1 10 12 1 1 9 12 1 1 10 12 1 10 12 1 1 9 12 1 1 9 12 1 1 10 12 1 1 10 7 1 10 12 1 10 12 1 10 12 1 1 10 9 12 1 10 12 1 8 1 10 12 1 1 10 12 1 1 10 12 1 10 12 1 1 10 12 1 1 10 12 1 1 9 7 12 1 1 1 10 7 12 1 1 10 12 10 12 1 10 12 1 10 12 1 10 12 1 9 100 12 1 1 1 9 12 1 10 12 1 10 100 12 1 1 1 10 12 1 1 10 100 12 1 1 10 12 1 10 12 1 1 10 100 12 1 1 1 10 12 1 10 12 1 1 10 12 1 10 12 1 10 12 1 1 10 7 1 10 10 12 1 1 10 12 1 1 10 12 10 10 12 1 1 7 1 8 1 10 10 12 1 1 10 12 1 100 1 11 12 1 10 12 1 10 12 1 10 100 12 1 1 10 10 12 1 1 8 1 10 12 1 10 12 1 1 8 1 9 12 1 10 12 1 10 12 1 10 12 1 10 12 7 1 9 12 1 10 12 1 9 12 1 10 12 1 10 12 1 10 12 1 10 10 12 1 10 12 1 10 12 1 10 12 1 10 12 1 10 12 1 100 1 10 12 1 10 12 1 1 10 12 1 1 10 12 1 1 10 12 1 1 10 12 1 1 10 12 1 1 7 1 10 10 12 1 1 10 12 1 1 10 12 1 1 10 10 12 1 10 12 1 1 10 12 1 1 10 12 1 1 10 12 1 1 7 1 10 10 12 11 7 12 1 1 10 12 1 1 10 7 12 1 1 1 10 12 1 10 12 1 10 7 12 1 1 1 10 12 1 1 10 10 12 1 1 7 1 10 10 12 1 1 10 7 12 1 1 1 100 1 7 1 10 12 1 1 10 12 1 10 10 12 1 1 10 12 1 10 12 1 10 12 1 10 100 12 1 1 1 11 7 12 1 1 10 12 1 10 12 1 9 12 1 10 12 1 1 10 12 1 9 12 1 1 7 1 10 9 12 1 1 10 12 7 1 10 12 1 9 12 1 10 100 12 1 1 1 10 12 1 10 12 1 10 100 12 1 1 1 10 12 1 10 12 10 12 1 1 100 1 10 8 1 10 12 1 11 11 12 1 1 11 7 12 1 1 11 12 1 8 1 10 12 1 10 12 1 1 9 12 1 9 12 1 1 10 7 12 1 1 9 12 1 10 12 1 1 10 10 12 1 10 7 12 1 1 1 10 7 12 1 1 10 7 12 1 1 9 12 1 1 10 12 1 9 12 1 10 12 1 10 12 1 1 9 12 1 1 9 12 1 10 12 1 10 12 1 1 9 12 1 100 1 10 10 12 1 1 7 1 10 12 1 1 100 11 7 1 9 12 1 1 9 12 1 7 1 10 12 1 9 12 1 1 9 12 1 10 12 1 10 12 1 1 9 12 1 7 1 10 10 12 1 1 10 10 12 1 1 10 12 10 10 12 1 9 12 1 10 12 1 1 10 12 1 8 10 7 8 1 18 8 1 8 1 10 12 1 9 12 1 9 12 1 1 10 12 1 7 1 7 1 10 12 1 9 12 1 1 7 1 10 10 12 1 10 7 1 9 12 1 8 1 10 12 1 7 1 10 12 1 10 12 1 1 100 1 7 1 9 12 1 100 1 8 1 10 10 7 12 1 1 1 10 12 11 7 12 1 1 1 10 12 1 10 12 1 1 10 8 1 10 12 1 8 1 10 12 1 1 9 7 12 1 1 11 12 7 1 11 7 12 1 1 9 12 1 10 100 12 1 1 1 10 7 12 1 1 10 12 1 1 9 12 1 9 10 12 1 1 10 12 1 1 10 12 1 1 10 12 1 1 10 12 1 1 11 12 1 7 1 11 12 1 10 7 12 1 1 1 10 12 1 11 12 1 10 100 12 1 1 1 10 12 1 10 100 12 1 1 1 11 12 1 11 12 1 1 10 12 1 10 12 1 1 9 12 1 1 10 12 1 10 100 12 1 1 1 10 12 1 1 10 12 1 10 12 1 10 12 1 10 7 12 1 1 1 10 12 1 8 1 10 12 1 10 12 1 10 12 1 10 7 12 1 1 100 1 10 12 10 100 12 1 1 1 11 100 12 1 1 1 10 12 1 1 10 12 1 18 12 1 1 11 12 1 1 18 11 12 1 18 12 1 11 12 1 10 12 1 1 10 12 1 10 12 1 10 12 1 10 12 10 12 1 8 1 10 12 1 7 1 9 12 1 1 7 1 7 1 7 1 7 1 1 1 3 1 3 1 3 1 1 1 1 1 1 1 1 1 5 0 1 1 1 1 1 1 1 1 1 1 1 1 1 1 1 1 1 1 1 1 1 1 1 1 100 1 1 1 1 1 1 1 100 1 1 1 1 1 7 1 1 1 1 1 1 1 1 1 1 1 1 1 1 1 1 1 1 1 1 1 1 1 1 1 1 1 1 1 1 1 1 1 1 1 1 1 1 1 1 1 1 1 1 100 1 1 1 1 1 1 1 1 1 1 1 1 1 1 1 1 1 1 1 1 1 1 1 1 1 1 1 1 1 1 1 100 1 1 1 1 1 1 1 1 1 1 1 1 1 1 1 1 1 1 1 1 1 1 1 1 1 1 1 1 1 1 1 1 1 1 1 1 1 1 1 1 1 1 1 1 1 1 1 1 1 1 1 1 1 1 1 1 1 1 1 1 7 1 7 1 1 1 1 1 1 1 1 1 1 1 1 1 1 1 1 1 1 1 1 1 1 1 1 1 1 1 1 1 1 1 1 1 1 1 1 1 1 1 1 1 1 1 1 1 1 1 1 1 1 1 1 1 1 1 1 1 1 1 1 1 1 1 1 1 1 1 1 1 1 1 1 1 1 1 1 1 1 1 1 1 1 1 1 1 1 1 1 1 1 1 1 1 1 1 1 1 1 1 1 1 1 1 1 1 1 1 1 1 1 1 1 1 1 1 1 1 1 1 1 1 1 1 1 1 1 1 1 1 16 15 10 12 16 15 11 12 16 1 16 15 16 15 10 12 16 16 15 10 12 16 15 16 1 15 10 12 16 15 10 7 12 1 1 1 1 1 1 1 1 1 1 1 1 7 1 1 100 1 100 1 1 100 1 100 1 1
staticfield java/lang/Class EMPTY_CLASS_ARRAY [Ljava/lang/Class; 0 [Ljava/lang/Class;
staticfield java/lang/Class serialPersistentFields [Ljava/io/ObjectStreamField; 0 [Ljava/io/ObjectStreamField;
ciInstanceKlass java/lang/reflect/AnnotatedElement 1 1 165 11 7 12 1 1 1 11 12 1 1 7 1 10 100 12 1 1 1 10 12 1 1 10 12 1 1 10 12 1 10 100 12 1 1 1 11 12 1 1 11 7 12 1 1 10 7 12 1 1 1 10 12 1 10 100 12 1 1 1 18 12 1 1 11 100 12 1 1 18 12 1 18 12 1 1 10 100 12 1 1 1 11 100 12 1 1 1 7 1 10 100 12 1 1 1 1 1 1 1 1 1 1 1 1 1 1 1 1 1 1 1 1 1 1 1 1 1 1 100 1 1 1 1 1 1 1 1 1 1 1 16 15 16 1 16 1 15 11 12 16 16 1 15 10 100 12 1 1 1 16 1 15 10 100 12 1 1 1 1 100 1 100 1 1
ciInstanceKlass java/lang/invoke/TypeDescriptor 1 0 17 100 1 100 1 1 1 1 1 1 100 1 100 1 1 1 1
ciInstanceKlass java/lang/reflect/GenericDeclaration 1 0 30 7 1 7 1 7 1 1 1 1 1 1 1 1 100 1 8 1 1 12 10 1 1 1 8 1 1 1 8 1
ciInstanceKlass java/lang/reflect/Type 1 1 17 11 100 12 1 1 1 100 1 1 1 1 1 1 1 1 1
ciInstanceKlass java/lang/invoke/TypeDescriptor$OfField 1 0 21 100 1 100 1 100 1 1 1 1 1 1 1 1 1 1 1 1 1 1 1
ciMethod java/lang/Class isArray ()Z 512 0 256 0 -1
ciInstanceKlass java/lang/StringBuilder 1 1 422 10 7 12 1 1 1 10 12 1 10 12 1 10 12 1 1 10 7 12 1 1 1 10 7 12 1 1 1 10 12 1 10 12 1 10 12 1 10 12 1 10 12 1 10 12 1 10 12 1 10 12 1 10 12 1 10 12 1 10 12 1 10 12 1 10 12 1 10 12 1 1 10 12 1 10 12 1 1 10 12 1 1 10 12 1 10 12 1 10 12 1 10 12 1 10 12 1 10 12 1 10 12 1 10 12 10 12 1 10 12 1 10 12 1 10 12 1 1 10 12 1 10 12 1 10 12 10 12 1 1 10 12 1 10 12 1 10 12 1 10 100 12 1 1 1 9 12 1 1 10 12 1 10 12 1 1 10 12 1 1 9 12 1 1 10 100 12 1 1 1 10 100 1 10 12 1 1 10 100 12 1 1 10 12 1 10 12 1 1 100 1 100 1 8 1 10 10 12 1 1 10 12 1 10 12 1 10 12 1 1 10 12 1 10 12 1 10 12 1 10 12 1 10 12 1 10 12 10 12 1 10 12 1 10 12 1 10 12 1 10 12 1 10 12 1 10 12 1 10 12 1 10 12 1 1 10 12 1 1 10 12 1 10 12 1 10 12 1 10 12 10 12 10 12 1 10 12 1 10 12 1 10 12 10 12 1 10 12 1 10 12 1 10 12 1 10 12 1 10 12 1 10 12 1 10 12 1 10 12 1 1 10 12 1 10 12 1 1 10 12 1 10 12 1 1 10 12 1 10 12 1 1 10 12 1 10 12 1 10 12 1 10 10 12 1 10 12 1 7 1 7 1 7 1 7 1 1 1 1 5 0 1 1 1 1 1 1 1 1 1 1 1 1 1 1 1 1 1 1 1 1 1 1 1 1 1 1 1 1 1 1 1 1 1 1 1 1 1 1 1 1 1 1 1 1 100 1 1 1 7 1 1 1 1 1 1 1 1 1 1 1
instanceKlass java/lang/StringBuilder
instanceKlass java/lang/StringBuffer
ciInstanceKlass java/lang/AbstractStringBuilder 1 1 613 7 1 10 7 12 1 1 1 9 7 12 1 1 1 9 12 1 9 12 1 1 9 12 1 1 10 7 12 1 1 1 10 12 1 1 7 1 3 3 10 12 1 10 12 1 1 11 7 1 100 1 7 1 10 8 1 10 12 1 10 12 1 10 12 1 1 10 12 1 10 12 1 9 12 1 10 12 1 9 12 1 1 10 12 1 1 10 7 12 1 1 1 10 10 12 1 10 12 1 10 12 1 1 10 12 1 1 10 7 12 1 1 1 10 7 12 1 1 1 7 1 8 1 10 10 12 1 1 100 1 10 12 10 12 1 1 10 10 12 1 1 10 12 1 1 10 12 1 1 10 12 1 1 10 10 7 12 1 1 1 10 12 1 100 1 10 10 7 12 1 1 1 9 12 1 1 9 12 1 10 12 1 1 10 10 12 1 1 10 12 10 12 1 10 12 1 1 10 12 1 1 10 12 1 1 10 12 1 10 12 1 1 10 12 1 1 10 12 1 10 12 1 1 8 1 10 12 1 1 10 12 1 10 12 1 10 12 1 10 12 1 10 12 1 10 12 1 10 7 12 1 1 10 12 1 10 12 1 10 100 12 1 1 1 100 1 100 1 10 12 1 10 7 12 1 1 10 12 1 10 12 1 1 10 12 1 10 12 1 1 10 12 1 10 12 1 1 10 12 1 1 10 10 7 12 1 1 1 10 12 1 10 12 1 10 12 1 1 10 12 1 10 12 1 10 12 1 10 12 1 10 12 1 10 12 1 10 12 1 10 12 1 10 12 1 1 10 12 1 10 12 1 10 12 10 12 1 1 18 12 1 1 100 1 10 100 12 1 1 1 18 10 12 1 1 10 12 1 1 10 12 1 10 12 1 1 11 12 1 1 10 12 1 10 12 1 10 12 10 12 1 10 10 10 12 1 10 5 0 10 10 12 1 1 100 1 8 1 10 10 12 1 1 10 100 12 1 1 1 10 12 1 10 12 1 1 100 1 10 12 100 1 10 100 1 10 7 1 1 1 1 1 1 1 1 1 1 1 100 1 1 1 1 1 1 1 1 1 1 1 1 1 1 1 1 1 1 1 1 1 1 1 1 1 1 1 1 1 1 1 1 1 1 1 1 1 1 1 1 1 1 1 1 1 1 1 1 1 1 1 1 1 1 1 1 1 1 1 1 1 1 1 1 1 1 1 1 1 1 1 1 1 1 1 1 1 1 1 1 1 1 1 1 1 1 1 1 1 1 1 1 1 1 1 1 1 1 1 1 100 1 1 1 1 1 1 1 1 1 1 1 1 1 1 1 1 1 100 1 1 1 1 1 1 7 1 1 16 1 15 10 12 16 15 10 12 15 10 100 12 1 1 1 1 1 1 1 100 1 100 1 1
staticfield java/lang/AbstractStringBuilder EMPTYVALUE [B 0
ciInstanceKlass java/lang/Appendable 1 0 14 100 1 100 1 1 1 1 100 1 1 1 1 1
ciInstanceKlass java/lang/CharSequence 1 1 131 11 7 12 1 1 1 18 12 1 1 100 1 10 100 12 1 1 1 18 10 100 12 1 1 1 11 12 1 1 11 7 1 11 12 1 1 10 100 12 1 1 1 11 12 1 1 100 1 10 12 1 1 10 100 12 1 1 1 100 1 10 10 12 1 1 7 1 1 1 1 1 1 1 1 1 1 1 1 1 1 1 1 1 1 1 1 1 1 1 1 1 1 1 1 1 1 1 1 1 16 1 15 11 12 16 15 11 12 15 10 100 12 1 1 1 1 1 100 1 100 1 1 100 1 1 100 1 100 1 1
ciInstanceKlass java/lang/AutoCloseable 1 0 12 100 1 100 1 1 1 1 7 1 1 1
ciInstanceKlass java/io/Closeable 1 0 14 100 1 100 1 100 1 1 1 1 7 1 1 1
instanceKlass java/sql/SQLException
instanceKlass org/thymeleaf/templateparser/raw/RawParseException
instanceKlass org/thymeleaf/templateparser/text/TextParseException
instanceKlass org/attoparser/ParseException
instanceKlass org/springframework/validation/BindException
instanceKlass jakarta/websocket/EncodeException
instanceKlass org/apache/tomcat/websocket/AuthenticationException
instanceKlass org/apache/catalina/connector/CoyoteAdapter$RecycleRequiredException
instanceKlass jakarta/websocket/DeploymentException
instanceKlass java/lang/instrument/IllegalClassFormatException
instanceKlass org/ietf/jgss/GSSException
instanceKlass javax/management/JMException
instanceKlass java/security/PrivilegedActionException
instanceKlass sun/security/pkcs11/wrapper/PKCS11Exception
instanceKlass java/security/GeneralSecurityException
instanceKlass org/apache/catalina/LifecycleException
instanceKlass java/beans/IntrospectionException
instanceKlass java/util/concurrent/ExecutionException
instanceKlass org/springframework/expression/AccessException
instanceKlass javax/xml/parsers/ParserConfigurationException
instanceKlass org/xml/sax/SAXException
instanceKlass jakarta/servlet/ServletException
instanceKlass ch/qos/logback/core/spi/ScanException
instanceKlass java/text/ParseException
instanceKlass sun/nio/fs/WindowsException
instanceKlass javax/naming/NamingException
instanceKlass java/net/URISyntaxException
instanceKlass java/util/concurrent/TimeoutException
instanceKlass java/lang/InterruptedException
instanceKlass ch/qos/logback/core/boolex/EvaluationException
instanceKlass ch/qos/logback/core/util/DynamicClassLoadingException
instanceKlass ch/qos/logback/core/util/IncompatibleClassException
instanceKlass ch/qos/logback/core/joran/spi/JoranException
instanceKlass java/lang/CloneNotSupportedException
instanceKlass java/io/IOException
instanceKlass java/lang/ReflectiveOperationException
instanceKlass java/lang/RuntimeException
ciInstanceKlass java/lang/Exception 1 1 40 10 7 12 1 1 1 10 12 1 10 12 1 10 12 1 10 12 1 100 1 1 1 1 5 0 1 1 1 1 1 1 1 1 1 1 1 1 1 1
instanceKlass java/lang/Exception
instanceKlass java/lang/Error
ciInstanceKlass java/lang/Throwable 1 1 413 10 7 12 1 1 1 9 7 12 1 1 1 9 12 1 1 9 12 1 9 12 1 1 9 12 1 10 12 1 1 9 12 1 1 10 12 1 1 10 100 12 1 1 1 9 12 1 1 10 12 1 1 10 12 1 100 1 7 1 10 8 1 10 12 1 1 8 1 10 7 12 1 1 10 10 12 1 100 1 8 1 10 10 7 12 1 1 10 12 1 8 1 9 7 12 1 1 1 10 12 1 1 100 1 10 12 10 12 1 10 7 12 1 1 1 7 1 10 12 10 12 1 10 12 1 7 1 10 10 7 12 1 1 1 11 7 12 1 1 1 10 12 1 1 10 12 1 1 8 1 10 12 1 10 12 1 1 8 1 8 1 10 12 1 1 10 12 1 8 1 8 1 9 12 1 10 12 1 1 100 1 10 11 12 1 8 1 8 1 10 7 12 1 1 8 1 10 12 1 8 1 7 1 10 12 1 9 12 1 1 10 12 1 10 7 12 1 9 12 1 1 10 12 1 1 100 1 8 1 10 12 1 10 100 12 1 1 10 12 1 1 7 1 10 100 12 1 1 1 10 12 1 11 7 12 1 1 1 11 7 12 1 1 11 12 1 8 1 10 12 1 1 8 1 10 10 9 100 12 1 1 1 8 1 10 12 1 1 11 10 100 1 8 1 10 11 12 1 1 8 1 9 12 1 10 100 12 1 1 11 9 12 1 1 11 12 1 1 100 10 12 1 10 12 1 1 7 1 1 1 1 5 0 1 1 1 1 1 1 1 1 1 1 1 1 7 1 1 1 1 1 1 1 1 1 1 1 1 1 1 1 1 1 1 1 1 1 1 1 1 1 1 1 1 1 1 1 1 1 1 1 1 1 1 1 1 1 1 1 1 1 100 1 7 1 1 1 1 1 1 1 1 1 1 1 1 1 1 1 1 1 1
staticfield java/lang/Throwable UNASSIGNED_STACK [Ljava/lang/StackTraceElement; 0 [Ljava/lang/StackTraceElement;
staticfield java/lang/Throwable SUPPRESSED_SENTINEL Ljava/util/List; java/util/Collections$EmptyList
staticfield java/lang/Throwable EMPTY_THROWABLE_ARRAY [Ljava/lang/Throwable; 0 [Ljava/lang/Throwable;
staticfield java/lang/Throwable $assertionsDisabled Z 1
instanceKlass org/springframework/beans/factory/support/ManagedProperties
instanceKlass org/springframework/core/SortedProperties
instanceKlass java/security/Provider
ciInstanceKlass java/util/Properties 1 1 690 10 7 12 1 1 1 100 1 10 7 12 1 1 7 1 10 12 1 9 12 1 1 9 12 1 1 9 12 1 1 10 7 12 1 1 1 10 12 1 1 8 1 10 7 12 1 1 1 7 1 10 12 1 10 12 1 1 8 1 10 12 1 7 1 10 12 10 12 1 1 9 12 1 1 10 12 1 1 7 1 10 12 1 10 12 1 10 12 1 1 100 1 8 1 10 12 1 10 12 1 10 12 1 1 10 12 1 7 1 3 10 10 100 12 1 1 1 10 12 1 10 12 1 1 8 1 10 12 1 10 12 1 1 8 1 10 100 12 1 1 10 12 1 1 10 12 1 10 12 1 1 100 1 10 12 1 10 12 1 1 100 1 9 100 12 1 1 1 10 12 1 10 12 1 1 10 12 1 1 10 12 1 1 100 1 9 12 1 1 7 1 7 1 10 12 1 7 1 11 7 12 1 1 1 11 12 1 1 11 7 12 1 1 1 11 7 12 1 1 1 11 12 1 1 11 12 1 11 12 1 10 12 1 1 8 1 10 12 1 10 100 12 1 1 10 12 1 100 1 10 10 12 1 10 12 1 100 1 10 10 12 1 1 10 7 12 1 1 9 100 12 1 1 10 12 1 1 10 100 12 1 1 1 100 1 100 1 100 1 10 8 1 8 1 10 12 1 10 12 1 10 12 1 1 10 10 12 1 1 10 12 1 1 7 1 10 10 12 1 11 7 12 1 1 10 7 12 1 1 1 8 1 10 100 12 1 1 11 11 7 1 8 1 10 100 1 11 10 12 1 10 10 12 1 10 12 1 1 10 12 1 1 10 12 1 1 10 12 1 10 12 1 10 10 12 1 10 12 1 10 12 1 10 10 12 1 1 10 12 1 1 10 10 12 1 10 12 1 10 12 1 10 12 1 10 12 1 1 10 12 1 1 10 12 1 10 12 1 10 12 1 1 10 12 10 12 1 1 10 12 1 1 10 12 1 10 12 1 1 10 12 1 1 10 12 10 11 12 1 4 11 10 12 1 1 10 100 12 1 1 11 12 1 10 12 1 1 10 100 12 1 1 10 12 1 100 1 8 1 10 12 1 10 10 100 12 1 1 1 100 1 6 0 10 12 1 1 11 100 12 1 1 1 10 12 1 10 12 1 1 1 1 1 5 0 1 1 1 1 1 1 1 1 1 1 1 1 1 1 1 1 1 1 1 1 1 1 1 1 1 1 1 1 1 1 1 1 1 1 1 1 1 1 1 100 1 1 1 1 1 1 1 1 1 1 1 1 1 1 1 1 1 1 1 1 100 1 1 1 1 1 1 1 1 1 1 1 1 7 1 7 1 1 1 1 1 100 1 1 1 1 1 1 1 1 1 1 1 1 1 1 1 1 1 1 1 1 1 1 1 1 1 1 1 1 1 1 1 1 1 1 1 1 1 1 1 1 1 1 1 1 1 1 1 1 1 1 1 1 1 1 1 1 1 1 1 1 1 1 1 1 1 1 1 1 1 1 1 1 1 1 1 1 1 7 1 1 1 1 1 1 1 1 1 1 1 100 1 1
staticfield java/util/Properties UNSAFE Ljdk/internal/misc/Unsafe; jdk/internal/misc/Unsafe
instanceKlass java/util/Hashtable
ciInstanceKlass java/util/Dictionary 1 1 36 10 7 12 1 1 1 100 1 1 1 1 1 1 1 1 1 1 1 1 1 1 1 1 1 1 1 1 1 1 1 1 1 1 1 1
instanceKlass org/apache/commons/logging/impl/WeakHashtable
instanceKlass java/util/Properties
ciInstanceKlass java/util/Hashtable 1 1 516 7 1 10 7 12 1 1 1 9 7 12 1 1 1 100 1 7 1 10 8 1 10 12 1 1 10 12 1 10 12 1 1 10 12 1 10 7 12 1 1 1 8 1 10 12 1 9 12 1 1 7 1 9 12 1 1 4 10 7 12 1 1 1 9 12 1 4 10 12 1 11 7 12 1 1 1 10 12 1 1 10 12 1 1 9 12 1 10 12 1 1 100 1 10 9 12 1 1 10 7 12 1 1 1 9 12 1 1 10 12 1 10 12 1 3 9 12 1 9 12 1 3 10 12 1 10 12 1 10 12 1 1 11 12 1 1 11 100 12 1 1 1 11 7 12 1 1 1 11 12 1 100 1 11 12 1 11 12 1 10 12 1 1 10 12 1 1 10 12 1 9 12 1 1 9 12 9 12 1 1 10 100 1 7 1 10 12 1 10 8 1 10 10 12 1 8 1 10 8 1 10 7 12 1 1 1 7 1 10 12 1 10 12 1 7 1 10 12 1 10 12 1 1 100 1 10 100 1 10 10 12 1 1 11 12 1 1 11 12 1 7 1 10 10 10 100 12 1 1 11 100 12 1 1 1 100 1 10 11 100 12 1 1 11 100 12 1 10 12 1 10 12 1 1 10 100 12 1 1 10 12 1 1 10 12 1 1 10 12 1 1 10 100 12 1 1 1 8 10 100 12 1 1 100 1 8 1 10 4 4 10 12 1 1 10 12 1 8 1 4 10 12 10 100 12 1 1 1 100 1 11 100 12 1 1 1 10 100 12 1 1 1 10 12 1 10 12 1 1 10 7 1 7 1 1 1 1 1 1 5 0 1 1 1 1 1 3 1 3 1 3 1 1 1 1 1 1 1 1 1 1 1 1 1 1 1 1 1 1 1 1 1 1 1 1 1 100 1 1 1 1 1 1 1 1 1 1 1 1 1 1 1 1 1 1 1 1 1 1 1 1 1 1 1 1 1 7 1 1 1 1 1 1 1 1 1 1 1 1 1 1 7 1 1 1 1 1 1 1 1 1 1 1 1 1 1 1 1 1 1 1 1 1 1 1 1 1 1 1 1 1 1 1 1 1 1 1 1 1 1 1 1 1 1 1 1 100 1 1 1 7 1 1 1 1 1 7 1 1 1 1 1 1 1 1 1 1 1 1 1 1 1 1 1 1
ciInstanceKlass java/lang/String 1 1 1472 10 7 12 1 1 1 8 1 9 7 12 1 1 1 9 12 1 1 9 12 1 1 9 12 1 1 10 12 1 10 12 1 1 10 12 1 1 9 12 1 10 7 12 1 1 1 10 12 1 1 10 12 1 10 7 12 1 1 1 10 12 1 1 10 12 1 1 10 12 1 10 12 1 1 10 12 1 10 7 12 1 1 1 7 1 9 7 12 1 1 1 10 7 12 1 1 1 10 12 1 1 10 12 1 1 10 7 12 1 1 1 10 12 1 1 9 7 12 1 1 10 12 9 7 12 1 1 10 12 1 1 3 10 12 1 1 7 1 11 12 1 1 11 12 1 11 12 1 1 10 100 12 1 1 1 10 12 1 1 9 100 12 1 1 1 10 12 1 1 10 12 1 11 12 1 1 10 12 1 10 12 10 12 1 1 10 7 12 1 1 1 10 7 12 1 1 1 10 12 1 1 7 1 7 1 10 12 1 10 12 1 10 12 1 1 10 12 1 1 100 1 10 12 1 1 100 1 10 12 1 1 10 12 1 1 10 12 1 10 10 12 1 100 1 100 1 7 1 10 12 1 10 12 1 1 10 12 1 1 10 12 1 10 12 1 1 10 12 1 1 10 7 12 1 1 7 1 11 10 7 12 1 1 11 12 1 11 12 1 10 12 1 1 10 12 1 10 12 10 12 1 1 10 10 100 12 1 1 1 10 100 12 1 1 10 12 1 1 10 100 12 1 1 10 12 1 10 12 1 1 10 12 1 1 10 12 1 10 12 1 10 12 1 1 100 1 10 12 1 1 10 12 10 12 1 10 12 1 1 10 12 1 1 10 7 12 1 1 1 10 12 1 10 12 1 1 10 12 1 10 12 1 3 3 10 12 1 1 10 12 1 10 12 1 1 10 12 1 1 10 12 1 1 10 12 1 10 12 1 1 10 12 1 1 10 12 1 10 12 1 10 12 1 10 12 1 1 10 12 1 10 12 1 10 12 1 10 12 1 10 12 1 10 12 1 10 7 1 10 8 1 10 12 1 1 10 12 1 8 1 10 12 1 1 10 12 10 12 1 8 1 10 10 12 1 1 10 12 1 1 10 12 1 1 10 7 1 10 10 12 1 10 12 1 10 12 1 10 10 12 1 10 12 1 10 12 1 10 12 1 10 12 1 10 12 1 10 12 1 1 10 12 1 1 10 12 1 1 10 10 12 1 1 10 10 12 1 100 1 10 9 100 12 1 1 1 11 100 12 1 1 1 10 12 1 1 10 12 1 1 10 7 1 10 12 1 10 12 1 10 7 12 1 1 1 10 12 1 10 12 1 1 10 12 1 11 7 1 11 12 10 12 1 10 12 1 1 10 12 1 1 10 10 12 1 10 12 1 9 12 1 1 11 7 12 1 1 1 10 12 10 10 12 1 10 12 1 1 10 10 12 1 10 12 1 10 12 1 1 10 12 1 1 10 10 12 1 1 10 12 1 10 10 12 1 10 12 10 10 12 10 10 12 1 10 12 1 10 10 12 10 7 12 1 1 1 10 12 10 10 12 10 12 1 10 12 10 12 10 10 12 1 10 12 1 1 10 12 1 1 10 10 12 1 10 7 12 1 1 1 10 12 1 1 10 10 7 12 1 1 1 11 10 12 1 10 12 1 1 10 12 1 1 10 7 12 1 1 1 10 12 1 10 12 1 10 12 1 10 12 1 10 12 1 10 12 1 100 1 7 1 8 1 10 10 10 12 1 10 12 1 1 8 1 10 12 1 3 3 10 12 1 10 12 1 1 10 12 7 1 10 10 12 1 1 10 12 1 10 12 1 10 12 1 1 10 12 1 1 11 7 12 1 1 1 7 1 10 12 1 10 12 1 1 8 1 10 12 1 1 10 12 1 11 7 12 1 1 1 11 7 12 1 1 11 12 1 10 12 1 10 12 1 1 10 10 7 12 1 1 1 10 12 1 10 12 1 10 10 12 10 12 1 1 10 10 12 1 10 10 12 1 10 10 12 1 10 10 12 1 10 12 1 1 10 10 12 1 8 1 10 12 1 1 18 12 1 1 11 100 12 1 1 1 7 1 3 18 12 1 18 12 1 8 1 10 100 12 1 1 1 11 12 1 1 10 12 10 10 12 1 10 11 12 1 1 10 12 1 1 11 12 1 18 3 11 10 12 1 11 11 10 12 1 10 12 1 1 8 1 10 12 1 10 12 1 10 12 1 1 10 10 12 1 11 100 12 1 7 1 100 1 10 12 7 1 10 10 7 12 1 1 1 100 1 10 7 1 10 10 12 1 10 10 12 1 8 1 10 10 12 1 8 1 8 1 10 12 1 10 12 1 10 10 12 10 7 12 1 1 10 7 12 1 1 10 7 12 1 1 8 1 10 12 1 10 12 1 10 9 12 1 10 12 9 7 12 1 1 1 10 12 1 10 12 1 10 12 1 10 12 10 12 1 10 12 1 8 1 10 100 12 1 1 1 10 12 10 12 1 1 10 12 10 10 12 10 12 7 1 9 12 1 1 7 1 10 7 1 7 1 7 1 7 1 1 1 1 1 1 5 0 1 1 1 1 1 3 1 3 1 1 1 1 1 1 1 1 1 1 1 1 1 1 1 100 1 1 1 1 1 1 1 1 1 1 1 1 1 1 1 1 1 1 1 1 1 1 1 1 1 1 1 1 1 1 1 100 1 1 1 1 1 1 1 1 1 1 1 1 7 1 1 1 1 1 1 1 1 1 1 1 1 1 1 1 1 1 1 1 1 1 1 1 1 1 1 1 1 1 1 1 1 1 1 1 1 1 1 1 1 1 1 1 1 1 1 1 1 1 1 1 1 1 1 1 1 1 1 1 1 1 1 1 1 1 1 1 1 1 1 1 1 1 1 1 1 1 1 1 1 1 1 1 1 1 1 1 1 1 1 1 1 1 1 1 1 1 1 1 1 1 1 1 1 1 1 1 1 1 1 1 1 1 1 1 1 1 1 1 1 1 1 1 1 1 1 1 1 1 1 1 1 1 1 1 1 1 1 1 1 1 1 1 1 1 1 1 1 1 1 1 1 1 1 1 1 1 1 1 1 1 1 1 1 1 1 1 1 1 1 1 1 1 1 1 1 1 1 1 1 100 1 1 1 1 1 1 1 1 1 1 1 1 1 1 1 1 1 1 1 1 1 1 1 100 1 1 1 1 1 1 1 1 1 1 1 1 1 1 1 7 1 1 1 1 1 1 1 1 1 1 1 1 1 1 1 16 15 10 12 16 15 10 12 15 10 12 15 10 12 15 10 100 12 1 1 1 1 100 1 1 1 1 1 100 1 100 1 1 1
staticfield java/lang/String COMPACT_STRINGS Z 1
staticfield java/lang/String serialPersistentFields [Ljava/io/ObjectStreamField; 0 [Ljava/io/ObjectStreamField;
staticfield java/lang/String CASE_INSENSITIVE_ORDER Ljava/util/Comparator; java/lang/String$CaseInsensitiveComparator
ciInstanceKlass java/lang/constant/ConstantDesc 1 0 37 100 1 100 1 1 1 1 100 1 1 1 1 100 1 100 1 100 1 100 1 100 1 100 1 100 1 100 1 100 1 1 100 1 100 1 1
ciInstanceKlass jdk/internal/misc/VM 1 1 320 10 7 12 1 1 1 9 7 12 1 1 1 9 12 1 1 7 1 7 1 10 8 1 10 12 1 1 10 12 1 10 12 1 1 10 12 1 10 12 1 10 12 1 9 12 1 1 8 1 10 12 1 9 12 1 1 9 12 1 9 12 1 3 10 7 12 1 1 1 9 12 1 1 100 1 8 1 10 11 7 12 1 1 1 7 1 10 100 12 1 1 1 10 12 1 8 1 8 1 10 12 1 1 8 1 10 12 1 1 10 7 12 1 1 1 10 12 1 1 10 7 12 1 1 1 5 0 8 1 8 1 8 1 10 12 1 1 10 12 1 1 10 7 12 1 1 1 10 12 1 9 12 1 100 1 10 12 1 10 7 12 1 1 9 12 1 9 12 1 9 7 12 1 1 1 9 12 1 9 12 1 9 12 1 9 12 1 9 12 1 10 12 1 10 12 1 10 12 1 10 12 1 10 12 1 9 100 12 1 1 1 5 0 10 1 1 3 1 3 1 3 1 3 1 3 1 1 1 1 1 1 1 1 1 3 1 3 1 3 1 1 1 1 1 1 1 7 1 1 1 100 1 1 1 1 1 1 1 1 1 1 1 1 1 1 1 1 1 1 1 1 1 1 1 1 1 1 1 1 1 1 1 1 1 1 1 1 1 1 1 1 1 1 1 1 1 1 1 1 1 1 1 1 1 1 1 1 1 1 1 1 100 1 1 7 1 1 1 1
staticfield jdk/internal/misc/VM lock Ljava/lang/Object; java/lang/Object
ciInstanceKlass java/lang/InternalError 0 0 34 10 100 12 1 1 1 10 12 1 10 12 1 10 12 1 100 1 1 1 1 5 0 1 1 1 1 1 1 1 1 1 1 1
instanceKlass java/lang/AssertionError
instanceKlass java/io/IOError
instanceKlass java/lang/ThreadDeath
instanceKlass java/util/ServiceConfigurationError
instanceKlass java/lang/VirtualMachineError
instanceKlass java/lang/LinkageError
ciInstanceKlass java/lang/Error 1 1 58 10 7 12 1 1 1 9 12 1 1 10 100 12 1 1 1 10 100 12 1 1 1 10 12 1 10 12 1 10 12 1 10 12 1 100 1 1 1 1 5 0 1 1 1 1 1 1 1 1 100 1 1 1 1 1 1 1
instanceKlass java/lang/StackOverflowError
instanceKlass java/lang/OutOfMemoryError
instanceKlass java/lang/InternalError
ciInstanceKlass java/lang/VirtualMachineError 1 1 34 10 100 12 1 1 1 10 12 1 10 12 1 10 12 1 100 1 1 1 1 5 0 1 1 1 1 1 1 1 1 1 1 1
ciInstanceKlass java/util/Set 1 1 144 100 1 10 7 12 1 1 1 9 7 12 1 1 1 7 1 10 12 1 1 10 12 1 7 1 7 1 10 12 1 7 1 7 1 11 7 12 1 1 1 11 12 1 1 7 1 10 12 1 10 12 1 1 11 12 1 1 1 1 1 1 1 1 1 1 1 1 1 1 1 1 1 1 1 1 1 1 1 1 1 1 1 1 1 1 1 1 1 1 1 1 1 1 1 1 1 1 1 1 1 1 1 1 1 1 1 1 1 1 1 1 1 1 1 1 1 1 1 1 1 1 1 1 1 1 1 1 1 1 1 1 1 1 1 1 1 1 1 1 1 1 1 1
ciInstanceKlass java/util/Iterator 1 1 53 100 1 8 1 10 12 1 1 10 7 12 1 1 1 11 7 12 1 1 1 11 12 1 1 11 7 12 1 1 1 7 1 1 1 1 1 1 1 1 1 1 1 1 1 1 1 1 1 1 1 1 1
ciInstanceKlass java/util/Map$Entry 1 0 178 18 12 1 1 7 1 100 1 18 10 100 12 1 1 1 18 12 1 18 100 1 11 7 12 1 1 1 11 12 1 11 7 12 1 1 1 10 100 12 1 1 1 10 7 12 1 1 1 8 1 10 12 1 1 8 1 8 1 8 1 10 12 1 10 12 1 8 10 7 1 10 12 1 8 10 12 1 8 1 10 12 1 8 10 12 1 8 1 10 12 1 1 8 1 100 1 8 1 10 12 1 1 11 12 7 1 11 12 1 1 1 1 1 1 1 1 1 1 1 1 1 1 1 1 1 1 1 1 1 1 1 1 1 1 1 1 1 1 1 1 1 1 1 1 1 1 1 16 15 11 12 16 3 3 15 11 12 15 11 12 15 11 12 15 10 100 12 1 1 1 1 1 100 1 100 1 1
instanceKlass tools/jackson/core/io/MergedStream
instanceKlass java/io/ObjectInputStream$PeekInputStream
instanceKlass java/io/ObjectInputStream$BlockDataInputStream
instanceKlass jakarta/servlet/ServletInputStream
instanceKlass java/io/ObjectInputStream
instanceKlass sun/nio/ch/ChannelInputStream
instanceKlass jdk/internal/org/jline/utils/NonBlockingInputStream
instanceKlass java/util/zip/ZipFile$ZipFileInputStream
instanceKlass java/io/FilterInputStream
instanceKlass java/io/FileInputStream
instanceKlass java/io/ByteArrayInputStream
ciInstanceKlass java/io/InputStream 1 1 195 7 1 10 7 12 1 1 1 100 1 10 10 7 12 1 1 1 10 7 12 1 1 1 10 12 1 100 1 3 10 12 1 1 100 1 8 1 10 12 1 10 7 12 1 1 1 3 7 1 8 1 10 10 100 12 1 1 1 7 1 10 11 7 12 1 1 1 10 12 1 1 11 12 1 1 11 7 12 1 1 1 11 12 1 1 100 1 10 7 12 1 1 1 5 0 10 12 1 10 12 1 1 100 1 10 8 1 10 8 1 8 1 10 12 1 1 10 7 12 1 1 1 7 1 5 0 10 12 1 100 1 7 1 1 1 1 3 1 3 1 1 1 1 1 1 1 1 1 1 1 1 1 1 1 1 1 1 1 1 1 1 1 1 1 1 1 1 1 1 1 1 1 1 1 1 1 1 1 1 1 1 1 1 1 1 1 1 1 1 1 1 1 1 1
ciInstanceKlass jdk/internal/misc/Unsafe 1 1 1287 10 7 12 1 1 1 9 7 12 1 1 1 9 12 1 1 10 12 1 1 10 7 12 1 1 1 10 12 1 1 10 12 1 1 10 12 1 1 10 12 1 1 10 12 1 1 10 12 1 1 10 12 1 1 10 12 1 1 10 12 1 1 10 12 1 1 10 12 1 1 10 12 1 1 10 12 1 1 10 12 1 10 12 1 100 1 10 10 12 1 1 10 12 1 1 5 0 10 12 1 1 10 12 1 1 10 7 12 1 1 1 10 12 1 1 10 12 1 10 12 1 10 12 1 1 10 12 1 1 10 12 1 10 12 1 7 1 7 1 10 8 1 10 12 1 1 10 12 1 8 1 10 12 1 1 10 12 1 10 12 1 10 12 1 1 10 12 1 10 12 1 1 10 12 1 1 10 12 1 10 12 1 10 12 1 10 12 1 1 10 12 1 10 12 1 10 12 1 1 10 12 1 5 0 5 0 5 0 10 12 1 10 12 1 10 12 1 10 12 1 10 12 1 10 12 1 10 12 1 10 12 1 10 12 1 1 10 12 1 10 12 1 7 1 8 1 10 100 1 10 10 12 1 1 10 12 1 1 10 12 1 10 12 1 1 10 12 1 1 10 12 1 10 12 1 1 10 12 1 9 7 12 1 1 9 12 1 100 1 10 10 12 1 1 8 1 10 8 1 8 1 10 12 1 1 9 7 12 1 1 1 9 7 1 9 7 1 9 7 1 9 9 7 1 9 7 1 9 7 1 10 12 1 1 10 12 1 1 10 12 1 1 10 12 1 1 5 0 5 0 9 12 1 1 10 12 1 10 12 1 10 12 1 1 10 12 1 1 10 12 1 8 1 3 10 12 1 1 10 12 1 1 10 12 1 10 12 1 1 10 12 1 1 10 12 1 10 12 1 10 12 1 10 12 1 10 12 1 10 12 1 1 10 12 1 1 10 12 1 10 12 1 10 12 1 10 12 1 10 12 1 10 12 1 1 10 12 1 1 10 12 1 10 12 1 10 12 1 10 12 1 10 12 1 10 12 1 1 10 12 1 1 10 12 1 1 10 12 1 1 10 12 1 10 12 1 10 12 1 10 12 1 10 12 1 10 12 1 10 12 1 1 10 12 1 1 10 12 1 10 12 1 10 12 1 10 12 1 10 12 1 10 12 1 10 12 1 1 10 12 1 1 10 12 1 10 12 1 10 12 1 10 12 1 10 12 1 10 12 1 10 12 1 10 12 1 1 10 12 1 10 12 1 10 12 1 10 12 1 10 12 1 1 10 12 1 10 12 1 10 12 1 10 12 1 10 12 1 10 12 1 10 12 1 10 12 1 1 10 12 1 10 12 1 10 12 1 10 12 1 10 12 1 10 12 1 1 10 12 1 10 12 1 10 12 1 1 10 12 1 10 12 1 10 12 1 10 12 1 10 12 1 10 12 1 10 12 1 10 12 1 10 12 1 10 12 1 10 12 1 10 12 1 10 12 1 10 12 1 10 12 1 10 12 1 10 12 1 10 12 1 10 12 1 10 12 1 10 12 1 10 12 1 10 12 1 100 1 10 100 1 10 9 12 1 5 0 10 12 1 1 5 0 10 12 1 5 0 10 12 1 10 12 1 10 12 1 1 10 12 1 1 10 12 1 10 12 1 10 12 1 10 12 1 1 10 12 1 10 12 1 10 12 1 10 12 1 10 12 1 1 10 12 1 10 12 1 10 12 1 10 12 1 1 10 12 1 10 12 1 10 12 1 1 10 12 1 10 12 1 10 12 1 10 12 1 1 10 12 1 10 10 12 1 1 10 12 1 10 12 1 1 10 12 1 10 12 5 0 5 0 5 0 10 12 1 1 10 12 1 10 12 1 10 12 10 100 12 1 1 8 1 100 1 11 12 1 1 8 1 11 12 1 1 10 100 12 1 1 10 12 1 10 12 1 10 12 1 10 12 1 10 12 1 1 10 12 1 10 12 1 10 12 1 10 12 1 10 12 1 10 12 1 10 7 1 10 12 1 9 12 1 7 1 9 12 1 7 1 9 12 1 7 1 9 12 1 7 1 9 12 1 7 1 9 12 1 7 1 9 12 1 7 1 9 12 1 7 1 9 12 1 10 12 1 9 12 1 9 12 1 9 12 1 9 12 1 9 12 1 9 12 1 9 12 1 9 12 1 9 12 1 9 12 1 1 1 3 1 1 1 1 1 1 1 1 1 1 1 1 1 1 1 1 1 1 1 1 1 1 1 1 1 1 1 1 1 1 1 1 1 1 1 1 1 1 1 1 1 1 1 1 1 1 1 1 1 1 1 1 1 1 1 1 1 1 1 1 1 1 1 1 1 1 1 1 1 1 1 1 1 1 1 1 1 1 1 1 1 1 1 1 1 1 1 1 1 100 1 1 1 1 1 1 1 1 1 1 1 1 1 1 1 1 1 1 1 1 1 1 1 1 1 1 1 1 1 1 1 1 1 1 1 1 1 1 1 1 1 1 1 1 1 1 1 1 1 1 1 1 1 1 1 1 1 1 1 1 1 1 1 1 1 1 1 1 1 1 1 1 1 1 1 1 1 1 1 1 1 1 1 1 1 1 1 1 1 1 1 1 1 1 1 1 1 1 1 1 1 1 1 1 1 1 1 1 1 1 1 1 1 1 1 1 1 1 1 1 1 1 1 1 1 1 1 1 1 1 1 1 1 1 1 1 1 1 1 1 1 1 1 1 1 1 1 1 1 1 1 1 1 1 1 1 1 1 1 1 1 1 1 1 1 1 1 1 1 1 1 1 1 1 1 1 1 1 1 1 1 1 1 1 1 1 1 1 1 1 1 1 1 1 1 1 1 1 1 1 1 1 1 1 1 1 3 1 1 1 1 1 1 1 1 1 1 1 1 1 1 1 1 1 1 1 1 1
staticfield jdk/internal/misc/Unsafe theUnsafe Ljdk/internal/misc/Unsafe; jdk/internal/misc/Unsafe
staticfield jdk/internal/misc/Unsafe ARRAY_BOOLEAN_BASE_OFFSET I 16
staticfield jdk/internal/misc/Unsafe ARRAY_BYTE_BASE_OFFSET I 16
staticfield jdk/internal/misc/Unsafe ARRAY_SHORT_BASE_OFFSET I 16
staticfield jdk/internal/misc/Unsafe ARRAY_CHAR_BASE_OFFSET I 16
staticfield jdk/internal/misc/Unsafe ARRAY_INT_BASE_OFFSET I 16
staticfield jdk/internal/misc/Unsafe ARRAY_LONG_BASE_OFFSET I 16
staticfield jdk/internal/misc/Unsafe ARRAY_FLOAT_BASE_OFFSET I 16
staticfield jdk/internal/misc/Unsafe ARRAY_DOUBLE_BASE_OFFSET I 16
staticfield jdk/internal/misc/Unsafe ARRAY_OBJECT_BASE_OFFSET I 16
staticfield jdk/internal/misc/Unsafe ARRAY_BOOLEAN_INDEX_SCALE I 1
staticfield jdk/internal/misc/Unsafe ARRAY_BYTE_INDEX_SCALE I 1
staticfield jdk/internal/misc/Unsafe ARRAY_SHORT_INDEX_SCALE I 2
staticfield jdk/internal/misc/Unsafe ARRAY_CHAR_INDEX_SCALE I 2
staticfield jdk/internal/misc/Unsafe ARRAY_INT_INDEX_SCALE I 4
staticfield jdk/internal/misc/Unsafe ARRAY_LONG_INDEX_SCALE I 8
staticfield jdk/internal/misc/Unsafe ARRAY_FLOAT_INDEX_SCALE I 4
staticfield jdk/internal/misc/Unsafe ARRAY_DOUBLE_INDEX_SCALE I 8
staticfield jdk/internal/misc/Unsafe ARRAY_OBJECT_INDEX_SCALE I 4
staticfield jdk/internal/misc/Unsafe ADDRESS_SIZE I 8
instanceKlass org/springframework/core/DecoratingClassLoader
instanceKlass jdk/internal/reflect/DelegatingClassLoader
instanceKlass java/security/SecureClassLoader
ciInstanceKlass java/lang/ClassLoader 1 1 1108 9 7 12 1 1 1 10 7 12 1 1 1 9 12 1 1 10 7 12 1 1 1 7 1 10 12 1 1 10 12 1 1 9 12 1 1 10 12 1 1 100 1 10 12 1 10 12 1 1 10 7 12 1 1 1 100 1 8 1 10 12 1 10 7 12 1 1 1 10 7 12 1 10 7 1 10 7 1 7 1 7 1 10 12 1 10 12 1 9 12 1 1 10 10 7 12 1 1 1 9 12 1 1 9 12 1 9 12 1 1 9 12 1 9 12 1 1 9 12 1 1 7 1 10 12 1 9 12 1 1 10 12 1 1 10 7 12 1 1 1 9 12 1 9 12 1 1 9 12 1 10 12 1 1 9 12 10 12 1 1 7 1 10 8 1 10 12 1 1 10 12 1 10 7 1 7 1 10 12 1 1 10 7 12 1 1 1 8 1 10 12 1 10 12 1 10 12 1 1 10 12 1 1 10 12 1 1 10 12 1 1 10 12 1 1 10 12 1 7 1 10 12 1 10 100 12 1 1 1 10 12 1 1 10 12 1 10 12 1 10 12 1 10 12 1 10 12 1 1 10 10 12 1 10 12 1 10 100 12 1 1 10 12 1 1 10 12 1 1 10 12 1 100 1 10 12 1 7 1 10 12 1 10 7 12 1 1 1 10 10 12 1 1 10 12 1 1 7 1 8 1 10 8 1 10 12 1 10 12 1 100 1 8 1 10 12 1 1 10 12 1 1 10 10 12 1 1 10 12 1 1 10 12 1 1 10 7 1 10 12 1 1 10 12 1 1 10 12 1 1 10 12 1 1 10 12 1 1 10 12 1 1 10 12 1 10 7 12 1 1 1 10 12 1 10 12 1 10 12 1 1 10 12 1 10 12 1 10 12 1 10 12 1 1 10 12 1 10 12 1 1 8 1 9 12 1 10 12 1 1 8 1 8 1 10 7 12 1 1 100 1 10 10 12 10 12 1 10 12 1 10 12 1 10 12 1 1 10 7 12 1 1 10 12 1 10 7 1 7 1 10 12 1 1 10 12 1 10 7 1 10 12 1 100 1 18 12 1 10 100 12 1 1 1 10 100 12 1 1 1 10 7 12 1 1 10 12 1 10 12 1 100 1 10 12 1 8 1 10 10 12 1 1 10 12 1 10 12 1 1 100 1 10 12 1 10 12 1 1 10 7 12 1 1 10 12 1 8 1 100 1 10 10 12 1 9 12 1 10 7 12 1 1 10 12 1 7 1 8 1 10 12 1 10 8 1 8 1 10 12 1 1 10 12 1 1 10 12 1 1 10 7 12 1 1 7 1 100 1 10 12 1 1 7 1 7 1 10 7 12 1 1 10 12 1 10 12 1 1 10 12 1 10 12 1 1 10 12 1 1 9 100 12 1 1 1 10 12 1 1 10 12 1 10 12 1 10 12 1 1 10 12 1 8 1 7 1 18 12 1 1 10 12 1 1 10 12 1 10 12 1 10 12 1 8 1 10 12 1 10 12 1 18 12 1 11 100 12 1 1 1 100 1 10 12 1 1 10 12 1 10 11 12 1 1 10 18 10 12 1 1 11 7 12 1 18 12 1 11 12 1 1 10 12 10 12 1 1 10 12 1 1 100 1 8 1 10 10 12 1 8 1 8 1 10 100 12 1 1 10 12 1 100 1 10 10 12 1 8 1 8 1 8 1 10 12 1 10 12 1 1 10 12 1 10 7 12 1 1 1 11 7 12 1 1 100 1 10 11 10 12 1 10 12 1 10 12 1 1 9 7 12 1 1 9 12 1 1 9 12 9 12 1 9 12 1 9 12 1 8 10 12 1 1 10 7 12 1 1 1 10 12 1 1 10 12 1 1 10 12 1 10 10 12 1 11 12 1 1 10 100 12 1 1 1 100 1 10 12 1 10 12 1 10 12 1 1 1 1 1 1 1 1 1 1 1 1 1 1 1 1 1 1 1 1 1 1 1 1 1 1 1 1 100 1 1 1 1 1 1 1 1 1 1 1 1 1 1 1 1 1 1 1 1 1 100 1 1 1 1 1 1 1 1 1 1 100 1 1 1 1 1 1 1 1 1 1 1 1 1 1 1 1 1 1 1 1 1 1 1 1 1 1 1 1 1 1 1 1 1 1 1 1 1 1 1 1 1 100 1 1 1 1 1 1 1 1 1 1 1 1 1 1 1 1 1 1 1 7 1 1 1 1 1 1 1 1 1 1 1 1 1 1 1 1 1 1 1 1 1 1 1 1 1 1 1 1 1 1 1 1 1 1 1 1 1 1 1 1 1 1 1 1 1 1 1 1 1 1 100 1 1 1 1 1 1 1 1 1 1 1 1 1 1 1 1 1 1 1 1 1 1 1 1 1 1 1 1 1 1 1 1 1 1 1 1 1 1 1 1 1 1 1 1 1 1 16 1 15 10 12 16 1 16 15 10 12 16 1 16 1 15 10 12 16 15 10 12 16 15 10 12 16 15 10 7 12 1 1 1 1 1 100 1 100 1 1
staticfield java/lang/ClassLoader nocerts [Ljava/security/cert/Certificate; 0 [Ljava/security/cert/Certificate;
staticfield java/lang/ClassLoader $assertionsDisabled Z 1
ciInstanceKlass java/lang/reflect/Constructor 1 1 439 10 7 12 1 1 1 10 7 12 1 1 9 7 12 1 1 1 10 12 1 1 10 12 1 1 10 7 12 1 1 9 12 1 1 10 7 12 1 1 1 9 12 1 1 9 12 1 1 9 12 1 9 12 1 1 9 12 1 9 12 1 1 9 12 1 1 9 12 1 100 1 8 1 10 12 1 10 12 1 9 12 1 1 10 7 12 1 1 10 7 12 1 1 1 10 12 1 1 10 12 1 1 10 12 1 7 1 100 1 8 1 10 10 12 1 10 12 1 10 12 1 1 10 12 1 1 9 100 12 1 1 1 10 7 12 1 1 10 12 1 1 10 12 1 10 12 1 1 10 7 12 1 1 1 10 100 12 1 1 10 12 1 1 10 12 1 10 7 12 1 1 1 8 1 10 10 12 1 100 1 8 1 10 12 1 10 12 1 1 10 12 1 1 10 12 1 10 12 1 10 12 1 1 10 12 1 1 9 12 1 1 10 12 1 1 10 12 1 1 10 12 1 1 11 7 12 1 1 1 10 12 1 1 10 12 1 10 12 1 10 12 1 8 1 9 12 1 1 10 7 12 1 1 1 10 7 12 1 1 10 12 1 1 10 12 1 1 10 12 1 1 10 12 1 1 10 12 1 9 7 12 1 1 10 12 1 10 12 1 10 12 1 100 1 8 1 10 10 12 1 1 10 12 1 10 10 12 1 1 10 12 1 1 10 100 12 1 1 1 11 100 12 1 1 1 10 12 1 1 9 100 12 1 1 1 10 100 12 1 1 1 10 12 1 1 1 1 1 1 1 1 1 1 1 1 1 1 1 1 1 1 1 1 1 1 1 1 1 1 1 1 1 1 1 1 1 1 1 1 1 1 1 1 1 1 1 1 1 1 1 1 1 1 1 1 100 1 100 1 100 1 100 1 1 1 1 1 1 1 1 1 1 1 1 1 1 1 1 1 1 1 1 1 1 1 1 1 1 1 1 1 1 1 1 1 100 1 1
instanceKlass java/lang/reflect/Executable
instanceKlass java/lang/reflect/Field
ciInstanceKlass java/lang/reflect/AccessibleObject 1 1 402 10 7 12 1 1 1 9 100 12 1 1 1 10 7 12 1 1 1 10 7 12 1 1 10 7 12 1 1 1 10 100 12 1 1 1 10 12 1 1 10 12 1 1 9 12 1 1 7 1 10 7 12 1 1 1 11 12 1 7 1 10 12 1 7 1 100 1 10 12 1 10 12 1 1 10 12 1 1 10 12 1 1 10 12 1 1 7 1 10 7 12 1 1 1 10 12 1 1 11 10 7 12 1 1 1 10 12 1 1 10 12 1 10 12 1 10 12 1 1 10 12 1 8 1 7 1 7 1 10 10 12 1 1 8 1 10 12 1 10 12 1 8 1 8 1 8 1 8 1 8 1 8 1 8 1 8 1 8 1 100 1 10 12 1 10 12 1 9 12 1 1 10 12 1 1 10 12 1 10 7 1 100 1 8 1 10 8 1 10 12 1 8 1 10 12 1 10 12 1 1 10 100 1 8 1 10 11 7 12 1 1 1 10 12 1 1 10 12 1 1 10 12 1 1 9 12 1 1 100 1 10 12 1 7 1 10 12 1 10 12 1 1 10 100 1 10 12 1 10 12 10 12 1 10 12 1 10 12 1 1 10 12 1 9 12 1 10 100 12 1 1 8 1 10 100 12 1 1 1 8 1 10 7 12 1 1 1 9 12 1 7 1 10 7 1 10 10 7 12 1 1 1 7 1 10 10 7 12 1 1 1 7 1 9 12 1 1 1 1 1 1 1 1 1 1 1 1 1 1 1 1 1 1 1 1 1 1 1 1 1 1 1 1 1 1 1 1 1 1 1 1 1 1 1 1 1 1 1 1 1 1 1 1 1 1 1 1 1 1 1 1 1 1 1 1 1 1 1 1 1 1 1 1 1 1 1 1 1 1 1 1 1 1 1 1 1 1 1 1 1 1
staticfield java/lang/reflect/AccessibleObject reflectionFactory Ljdk/internal/reflect/ReflectionFactory; jdk/internal/reflect/ReflectionFactory
instanceKlass java/lang/reflect/Constructor
instanceKlass java/lang/reflect/Method
ciInstanceKlass java/lang/reflect/Executable 1 1 577 10 7 12 1 1 1 10 7 12 1 1 1 10 7 12 1 1 1 11 7 12 1 1 1 10 7 12 1 1 1 10 12 1 1 10 7 12 1 1 1 10 7 12 1 1 1 10 12 1 8 1 10 10 12 1 1 10 12 1 1 10 100 12 1 1 1 18 12 1 1 11 100 12 1 1 1 8 1 8 1 8 1 10 100 12 1 1 1 11 12 1 1 7 1 8 1 8 1 10 12 1 7 1 8 1 10 12 1 8 1 11 100 12 1 1 1 7 1 11 7 12 1 1 1 11 12 1 8 1 18 8 1 10 12 1 10 12 1 1 18 8 1 10 12 1 100 1 10 12 1 10 12 1 11 12 1 10 12 1 1 8 1 8 1 10 12 1 1 10 12 1 1 10 10 12 1 9 100 12 1 1 1 10 100 12 1 1 1 10 12 1 10 12 1 1 10 7 12 1 1 10 12 1 10 12 1 10 12 1 10 12 1 1 10 7 12 1 1 10 12 1 10 12 1 1 9 7 12 1 1 1 10 7 12 1 1 10 12 1 8 1 10 12 1 10 12 1 3 100 1 8 1 10 12 1 10 12 1 10 10 12 1 10 12 1 1 8 1 8 1 8 1 9 12 1 1 9 12 1 10 12 1 100 1 8 1 10 12 1 10 12 1 10 12 1 1 10 12 1 1 10 12 1 10 12 10 12 1 7 1 10 12 1 10 12 1 1 100 1 10 7 12 1 1 1 7 1 10 7 12 1 1 1 10 12 1 1 11 7 12 1 1 10 7 12 1 1 10 100 12 1 1 1 10 12 1 1 9 12 1 10 12 1 1 10 12 1 10 12 1 1 9 7 12 1 1 1 10 7 12 1 1 1 10 12 1 10 12 1 1 9 12 1 10 10 10 10 100 12 1 1 1 10 12 1 9 12 1 10 12 1 1 9 12 1 7 1 7 1 1 1 1 1 1 1 1 1 1 1 1 1 1 1 1 1 1 1 1 1 1 1 1 1 1 1 1 1 1 1 1 1 1 1 1 100 1 1 1 1 1 1 1 1 100 1 1 1 1 1 1 1 1 1 1 1 1 100 1 1 1 1 1 1 1 1 1 1 1 1 1 1 1 1 1 1 1 1 1 1 1 1 1 1 1 1 1 1 1 1 1 1 1 1 1 1 1 1 1 1 1 7 1 1 1 1 1 1 1 1 1 1 1 1 1 1 1 1 1 1 1 1 1 1 7 1 7 1 1 16 15 16 1 16 1 15 10 12 16 15 10 100 12 1 1 1 1 1 1 100 1 1 100 1 100 1 1
ciInstanceKlass java/lang/reflect/Member 1 1 37 100 1 10 12 1 1 100 1 100 1 1 1 1 3 1 3 1 1 1 1 1 1 1 1 1 1 1 1 1 1 1 1 1 1 1 1
instanceKlass org/apache/tomcat/util/threads/TaskThread
instanceKlass org/springframework/boot/tomcat/TomcatWebServer$1
instanceKlass org/springframework/boot/autoconfigure/ssl/FileWatcher$WatcherThread
instanceKlass org/springframework/context/support/AbstractApplicationContext$1
instanceKlass java/util/logging/LogManager$Cleaner
instanceKlass org/springframework/boot/devtools/restart/RestartLauncher
instanceKlass org/springframework/boot/devtools/restart/Restarter$LeakSafeThread
instanceKlass jdk/internal/misc/InnocuousThread
instanceKlass java/util/concurrent/ForkJoinWorkerThread
instanceKlass java/lang/ref/Finalizer$FinalizerThread
instanceKlass java/lang/ref/Reference$ReferenceHandler
instanceKlass java/lang/BaseVirtualThread
ciInstanceKlass java/lang/Thread 1 1 870 10 7 12 1 1 1 9 12 1 1 10 7 12 1 1 10 12 1 10 100 12 1 1 100 1 8 1 10 12 1 1 9 12 1 9 12 1 1 9 12 1 1 7 1 10 12 1 1 10 12 1 10 7 12 1 1 1 10 12 9 12 1 1 10 12 1 7 1 10 12 1 10 12 1 1 10 12 1 1 10 12 1 10 12 1 1 100 1 8 1 10 9 7 12 1 1 1 10 12 1 1 10 3 8 1 7 1 5 0 10 7 12 1 1 1 9 12 1 10 12 1 1 10 7 12 1 1 1 10 7 12 1 1 1 10 12 1 1 10 12 1 1 9 12 1 1 10 7 1 8 1 10 7 1 10 12 1 9 12 1 1 10 7 12 1 1 1 10 10 12 1 1 9 100 12 1 1 1 10 12 1 1 10 12 1 1 10 7 12 1 1 10 12 1 10 12 1 10 7 12 1 1 9 12 1 10 7 12 1 1 1 10 12 1 1 9 12 1 1 9 12 1 1 10 7 12 1 1 1 9 12 1 1 10 100 12 1 1 10 100 12 1 1 1 10 12 1 10 12 1 10 7 12 1 1 9 12 1 8 1 9 7 12 1 1 9 12 1 1 5 0 100 1 10 100 1 10 100 1 10 7 1 10 8 1 10 12 1 1 10 7 12 1 10 12 1 10 12 1 100 1 8 1 10 10 12 1 10 12 1 1 10 100 12 1 1 1 10 100 12 1 1 1 10 12 1 7 1 9 12 1 1 100 1 10 10 12 1 9 12 1 1 10 12 1 1 10 12 1 1 10 12 1 10 12 1 9 12 1 1 10 10 12 1 1 10 12 1 1 11 7 12 1 1 10 7 12 1 1 9 12 1 9 12 1 1 9 12 1 1 10 100 12 1 1 10 12 1 1 9 7 12 1 1 1 10 7 12 1 1 10 12 1 10 12 1 100 1 10 10 12 9 12 1 1 10 12 1 11 100 12 1 1 10 12 1 10 12 1 10 12 1 9 12 1 10 10 12 1 10 12 1 1 9 12 1 9 12 10 12 1 8 1 10 12 1 10 12 1 10 12 1 10 12 1 10 12 1 1 10 12 1 10 12 1 1 10 12 1 10 12 1 10 12 1 10 12 1 10 12 1 1 9 7 12 1 1 1 8 1 10 9 12 1 10 12 1 7 1 8 1 10 10 12 1 8 1 10 12 1 1 9 12 10 12 8 1 10 10 12 1 10 12 1 8 1 10 12 1 10 8 1 10 100 12 1 1 10 12 1 1 100 1 8 1 10 9 12 1 9 12 1 1 10 12 1 1 10 10 12 1 10 12 1 100 10 7 12 1 1 1 9 12 1 10 12 1 1 10 12 1 1 10 100 12 1 1 1 11 7 12 1 1 1 9 100 12 1 1 1 10 100 12 1 1 1 7 1 10 12 1 100 1 10 12 1 10 12 1 1 10 12 1 1 8 1 9 12 1 10 12 1 10 12 1 1 11 7 12 1 1 1 10 12 1 1 1 1 3 1 3 1 3 1 3 1 1 1 1 1 1 1 1 1 1 1 1 1 1 1 1 1 1 1 1 1 7 1 1 1 1 1 1 1 1 1 1 1 1 1 1 1 1 1 1 1 1 7 1 1 1 1 1 1 1 1 1 1 1 1 1 1 1 1 1 1 7 1 7 1 1 1 1 1 1 1 1 1 1 1 1 1 1 1 1 1 1 1 1 1 1 1 1 1 1 1 1 1 1 1 1 1 1 1 1 1 1 1 1 1 1 1 1 1 1 1 1 1 1 1 1 1 1 1 1 1 1 1 1 1 1 1 1 1 1 1 1 1 1 1 1 1 1 1 100 100 1 1 1 1 1 1 1 1 1 1 1 1 1 1 1 1 1 1 1 1 1 1 1 1 1 1 100 1 100 1 100 1 100 1 100 1 1 100 1 1 1 1 1 1 1 1 1 1 1 1 1 1 1
staticfield java/lang/Thread NEW_THREAD_BINDINGS Ljava/lang/Object; java/lang/Class
staticfield java/lang/Thread EMPTY_STACK_TRACE [Ljava/lang/StackTraceElement; 0 [Ljava/lang/StackTraceElement;
ciMethod java/lang/Thread interrupt ()V 0 0 68 0 -1
ciInstanceKlass java/lang/Runnable 1 0 11 100 1 100 1 1 1 1 1 1 1
ciInstanceKlass java/net/URL 1 1 771 10 7 12 1 1 1 10 12 1 10 7 12 1 1 9 12 1 1 9 12 1 10 7 12 1 1 1 10 12 1 1 10 12 1 1 9 12 1 1 10 7 12 1 1 1 8 1 10 12 1 1 7 1 10 10 12 1 1 8 1 10 12 1 1 9 12 1 7 1 8 1 10 12 1 10 12 1 8 1 9 12 1 10 12 1 1 9 12 1 10 12 1 10 12 1 9 12 1 9 12 1 8 1 9 12 1 10 12 1 1 8 1 9 12 1 1 10 12 1 1 10 7 12 1 1 1 8 1 10 12 1 7 1 10 12 1 10 12 1 10 12 1 10 12 1 1 10 12 1 1 8 1 10 12 1 1 10 12 1 8 1 9 12 1 8 1 10 12 1 10 7 12 1 1 1 7 1 10 12 1 10 12 1 1 10 7 12 1 1 1 7 1 8 1 10 10 12 1 8 1 10 12 1 1 10 12 1 10 12 1 10 12 1 10 12 1 10 12 1 10 12 1 8 1 10 12 1 8 1 10 10 100 1 10 10 12 1 8 1 10 7 12 1 1 1 10 12 1 9 100 12 1 1 1 10 7 12 1 1 1 9 12 1 1 10 12 1 10 100 12 1 1 1 100 1 100 1 10 12 1 10 12 1 10 12 1 10 12 1 10 12 1 10 12 10 10 12 1 10 12 1 10 12 1 1 8 1 9 100 12 1 1 1 10 100 12 1 1 1 10 12 1 1 9 100 12 1 1 1 10 12 1 1 100 1 10 12 1 10 12 1 10 10 12 1 1 10 12 1 1 10 12 1 10 12 1 10 12 1 10 7 12 1 1 1 10 12 1 1 10 12 1 9 12 1 1 9 12 1 1 7 1 8 1 10 10 12 1 9 12 1 1 10 7 12 1 1 8 1 10 7 12 1 1 8 1 10 12 1 1 10 12 1 8 1 8 1 10 7 12 1 1 1 7 1 10 7 12 1 1 1 10 12 1 10 12 1 7 1 10 9 7 12 1 1 1 10 7 12 1 1 10 12 1 1 10 12 1 8 1 7 1 10 10 7 12 1 1 1 10 12 1 8 9 100 12 1 1 1 10 12 1 1 10 12 1 10 12 1 1 10 100 12 1 1 11 7 12 1 1 10 12 1 10 12 1 9 12 1 10 12 1 1 10 100 12 1 1 10 100 12 1 1 1 8 10 100 12 1 1 100 1 10 8 8 10 12 1 8 8 8 100 1 10 12 1 9 12 1 1 10 12 1 10 12 1 1 10 12 1 10 12 10 12 1 1 10 12 1 1 10 10 10 12 1 10 12 1 10 12 1 10 12 1 10 12 1 10 10 12 1 100 1 8 1 10 10 10 12 1 1 10 12 1 10 12 1 1 8 1 7 1 10 10 7 1 10 12 1 9 7 12 1 1 1 9 12 1 1 7 1 10 10 7 12 1 1 1 7 1 1 1 1 1 5 0 1 1 1 1 1 1 1 1 1 1 1 1 1 1 1 1 1 1 1 1 1 1 1 1 1 1 1 1 1 1 1 1 1 1 1 1 1 1 1 1 1 1 1 1 1 1 1 1 7 1 1 1 1 1 1 1 1 1 1 1 1 1 1 1 1 1 1 1 1 1 1 1 1 1 1 1 1 1 1 1 1 1 1 1 1 1 100 1 1 1 1 1 1 1 1 1 1 1 1 1 1 1 1 1 100 1 1 1 1 1 1 1 1 1 1 1 1 1 1 1 1 1 1 1
staticfield java/net/URL defaultFactory Ljava/net/URLStreamHandlerFactory; java/net/URL$DefaultFactory
staticfield java/net/URL handlers Ljava/util/Hashtable; java/util/Hashtable
staticfield java/net/URL streamHandlerLock Ljava/lang/Object; java/lang/Object
staticfield java/net/URL serialPersistentFields [Ljava/io/ObjectStreamField; 7 [Ljava/io/ObjectStreamField;
ciMethod java/lang/System nanoTime ()J 512 0 256 0 -1
ciInstanceKlass java/lang/Module 1 1 1069 10 7 12 1 1 1 9 7 12 1 1 1 10 7 12 1 1 1 9 12 1 9 12 1 1 9 12 1 1 10 12 1 1 10 12 1 10 12 1 1 10 7 12 1 1 1 7 1 10 7 12 1 1 1 10 12 1 1 11 7 12 1 1 1 10 12 1 1 10 7 12 1 1 1 10 12 1 1 10 7 12 1 1 1 9 100 12 1 1 1 10 7 12 1 1 1 10 12 1 8 1 10 7 12 1 1 1 10 7 12 1 1 1 10 7 12 1 1 1 10 12 1 10 12 1 9 12 1 1 10 100 12 1 1 100 1 7 1 10 8 1 10 12 1 1 10 12 1 10 12 10 12 1 10 7 12 1 1 8 1 8 1 10 8 1 8 1 8 1 9 12 1 1 8 1 10 100 12 1 1 1 10 12 1 9 12 1 1 11 12 1 9 7 12 1 1 10 7 12 1 1 1 10 100 12 1 1 1 10 12 1 1 8 1 10 12 1 1 10 12 1 10 12 1 1 9 7 12 1 1 1 10 12 1 1 10 12 1 1 9 12 1 10 12 1 10 12 1 9 12 1 1 11 7 12 1 1 10 12 1 1 9 12 1 9 12 1 10 12 1 10 12 1 100 1 8 1 10 10 12 1 1 10 12 1 8 1 10 12 1 1 8 1 8 1 10 12 1 1 10 12 1 10 12 1 1 18 12 1 1 10 12 1 1 11 12 1 9 12 1 11 12 10 100 12 1 1 100 1 8 1 10 11 12 1 1 10 7 12 1 1 1 10 12 1 10 12 1 1 11 12 1 1 11 7 12 1 1 11 12 1 1 9 12 1 11 12 1 10 12 1 1 10 12 1 1 9 12 1 10 12 10 7 12 1 1 10 7 1 18 12 1 1 11 100 12 1 1 1 18 12 1 11 12 1 1 10 100 12 1 1 1 11 12 1 1 10 7 12 1 1 7 1 11 12 1 7 1 7 1 10 12 1 10 7 12 1 1 1 10 11 7 12 1 8 1 10 10 12 1 1 10 7 12 1 1 10 12 1 10 12 1 7 1 10 12 1 10 11 12 1 1 10 12 10 12 1 1 9 12 1 1 100 1 10 10 12 1 1 11 7 1 10 12 1 1 11 12 1 10 10 12 1 11 10 12 1 1 10 12 1 1 10 12 1 1 10 7 12 1 1 10 12 1 10 12 1 1 10 10 12 1 1 10 12 1 18 12 1 11 12 1 18 12 1 10 12 1 10 12 1 10 12 7 1 10 12 1 10 12 1 10 12 1 9 12 1 7 1 10 10 10 10 12 1 10 12 1 10 12 1 10 12 1 1 10 12 1 1 10 12 1 9 12 1 18 12 1 1 10 7 12 1 1 1 100 1 8 1 10 12 1 1 10 12 1 1 10 7 12 1 1 7 1 10 12 1 1 7 1 8 1 100 1 9 100 12 1 1 1 11 100 12 1 1 10 12 1 1 11 12 1 1 18 12 1 1 11 12 1 1 100 1 10 12 1 10 12 1 1 7 1 7 1 10 12 8 1 10 12 1 1 10 12 1 1 10 100 12 1 1 10 12 1 1 10 12 1 10 12 10 12 1 1 7 1 10 10 12 1 1 10 7 12 1 1 1 100 1 10 12 1 1 10 7 12 1 1 8 1 18 12 1 1 100 1 100 1 9 12 1 1 9 12 1 9 12 1 11 100 12 1 1 1 100 1 11 12 1 1 100 1 10 12 1 8 1 10 12 1 10 12 10 12 1 8 1 10 10 100 12 1 1 7 1 10 10 12 1 10 7 12 1 1 9 12 1 9 12 1 9 12 1 9 12 1 10 12 11 12 1 10 12 1 7 1 1 1 1 1 1 1 1 1 1 1 1 1 1 1 1 1 1 1 100 1 1 1 1 1 1 1 1 1 1 1 1 1 1 1 1 1 1 1 1 1 1 1 1 1 1 1 1 1 1 1 1 1 1 1 1 1 1 1 1 1 1 1 1 1 1 1 1 1 1 1 1 1 1 1 1 1 1 1 1 1 1 1 1 1 1 1 1 1 1 1 1 1 1 1 1 1 1 1 1 1 1 1 1 1 1 1 1 1 1 1 100 100 1 1 1 1 1 1 1 1 1 1 1 1 1 1 1 1 1 1 1 1 1 1 1 1 1 1 1 1 1 100 1 7 1 1 1 1 1 1 1 1 1 1 1 1 1 1 1 1 1 1 1 1 100 1 1 1 1 1 1 1 1 1 1 1 1 1 1 1 1 1 1 1 1 1 1 1 16 15 10 12 16 16 15 10 12 16 16 15 10 16 1 15 10 12 16 1 15 10 12 16 1 16 15 10 12 16 16 1 15 10 12 16 15 10 7 12 1 1 1 15 10 100 12 1 1 1 1 1 1 1 1 1 1 1 1 100 1 100 1 1
staticfield java/lang/Module ALL_UNNAMED_MODULE Ljava/lang/Module; java/lang/Module
staticfield java/lang/Module ALL_UNNAMED_MODULE_SET Ljava/util/Set; java/util/ImmutableCollections$Set12
staticfield java/lang/Module EVERYONE_MODULE Ljava/lang/Module; java/lang/Module
staticfield java/lang/Module EVERYONE_SET Ljava/util/Set; java/util/ImmutableCollections$Set12
staticfield java/lang/Module $assertionsDisabled Z 1
ciInstanceKlass java/lang/Integer 1 1 442 7 1 7 1 7 1 7 1 10 12 1 1 9 12 1 1 9 12 1 1 10 7 12 1 1 1 10 12 1 1 10 100 12 1 1 1 10 10 12 1 1 10 7 12 1 1 1 10 12 1 10 12 1 1 10 7 12 1 1 1 10 12 1 1 10 12 1 1 10 12 1 10 12 1 10 12 1 1 10 10 12 1 7 1 8 1 10 12 1 8 1 7 1 10 12 1 1 10 12 1 1 8 1 10 12 1 1 8 1 10 12 1 1 10 12 1 1 10 12 1 1 3 3 10 7 12 1 1 1 11 7 1 10 12 1 1 11 10 12 1 1 10 12 1 1 8 1 10 12 1 10 12 1 8 1 7 1 10 12 1 8 1 10 12 1 1 10 12 1 8 1 10 12 1 10 12 1 7 1 9 12 1 1 9 12 1 1 10 12 1 10 7 1 9 12 1 10 12 1 10 12 1 10 12 1 1 10 7 12 1 1 1 100 1 100 1 10 12 1 1 10 12 1 1 8 1 8 1 10 12 1 1 8 1 8 1 8 1 8 1 8 1 8 1 10 12 1 10 12 1 10 12 1 5 0 3 3 3 3 10 12 1 10 12 1 3 10 12 1 10 100 12 1 1 1 10 12 1 1 10 12 1 1 8 1 10 7 12 1 1 1 9 12 1 1 7 1 7 1 7 1 1 1 1 3 1 1 1 3 1 3 1 1 5 0 1 1 1 1 1 1 1 1 1 1 100 1 1 1 1 1 1 1 1 1 1 1 1 1 1 1 1 1 1 1 1 1 1 1 1 1 1 1 1 1 1 1 1 1 1 1 1 1 3 1 1 1 1 1 1 1 1 1 1 1 1 1 1 1 1 7 1 1 1 1 1 1 1 1 1 1 1 1 1 1 1 1 1 1 1 1 1 1 1 1 1 1 1 1 1 1 1 1 1 1 1 1 1 1 1 1 1 1 1 1 1 7 1 1 1 1 1 1 1 1 1 100 1 100 1 1
staticfield java/lang/Integer TYPE Ljava/lang/Class; java/lang/Class
staticfield java/lang/Integer digits [C 36
instanceKlass java/util/concurrent/atomic/Striped64
instanceKlass java/math/BigDecimal
instanceKlass java/math/BigInteger
instanceKlass java/util/concurrent/atomic/AtomicLong
instanceKlass java/util/concurrent/atomic/AtomicInteger
instanceKlass java/lang/Long
instanceKlass java/lang/Integer
instanceKlass java/lang/Short
instanceKlass java/lang/Byte
instanceKlass java/lang/Double
instanceKlass java/lang/Float
ciInstanceKlass java/lang/Number 1 1 37 10 7 12 1 1 1 10 100 12 1 1 1 100 1 1 1 1 5 0 1 1 1 1 1 1 1 1 1 1 1 1 1 1 1 1 1
ciInstanceKlass java/lang/Character 1 1 604 7 1 7 1 100 1 9 12 1 1 8 1 9 12 1 1 7 1 9 12 1 1 10 7 12 1 1 1 10 100 12 1 1 1 10 100 12 1 1 1 10 7 12 1 1 1 9 7 12 1 1 1 10 12 1 10 12 1 1 10 12 1 1 10 7 12 1 1 10 12 1 1 3 3 3 3 3 10 12 1 1 10 12 1 3 11 7 12 1 1 1 11 12 1 1 10 12 1 1 10 12 1 1 100 1 10 10 12 1 3 10 12 1 1 10 12 1 10 12 1 1 100 1 8 1 10 12 1 1 10 12 1 10 12 1 10 12 1 10 100 12 1 1 1 10 12 1 10 12 1 10 12 1 1 10 12 1 10 7 12 1 1 10 10 12 1 10 10 12 1 10 12 1 1 10 12 1 10 10 12 1 10 12 1 10 12 1 10 12 1 10 12 1 10 12 1 10 12 1 10 12 10 10 12 10 10 12 1 10 10 12 1 10 10 12 1 10 10 12 1 10 12 1 10 12 1 10 12 1 10 12 1 10 12 1 10 12 1 10 10 12 1 10 10 12 1 10 10 12 1 1 10 10 12 1 10 5 0 10 12 1 10 12 1 10 10 12 1 10 10 12 1 1 10 10 12 1 10 10 12 1 9 12 1 1 100 1 10 10 12 1 10 12 1 1 3 10 100 12 1 1 1 10 12 1 10 100 12 1 1 7 1 10 10 12 1 1 10 12 1 1 10 12 1 1 8 1 10 12 1 9 100 12 1 1 1 10 12 1 10 10 12 1 10 12 1 1 10 12 1 10 10 12 1 1 10 10 12 1 1 7 1 8 1 10 12 1 1 10 7 12 1 1 1 8 1 10 12 1 1 9 12 1 1 7 1 7 1 7 1 1 1 1 3 1 3 1 3 1 3 1 1 1 1 1 3 1 1 3 1 3 1 3 1 3 1 3 1 3 1 3 1 3 1 3 1 3 1 3 1 3 1 3 1 3 1 3 1 3 1 3 1 3 1 3 1 3 1 3 1 3 1 3 1 3 1 3 1 3 1 3 1 3 1 1 1 1 1 1 1 1 1 1 1 1 1 1 1 1 1 1 1 3 1 1 1 1 1 1 1 3 1 1 3 1 1 1 1 1 3 1 1 5 0 1 1 1 1 1 1 1 1 1 1 1 1 1 1 1 1 1 1 1 1 1 1 1 1 1 1 1 1 1 1 1 1 1 1 1 1 1 1 1 1 1 1 1 1 1 1 1 1 1 1 1 1 1 1 1 1 1 1 1 1 1 1 1 1 1 1 1 1 1 1 1 1 1 1 1 1 1 1 1 1 1 1 1 1 1 1 1 1 1 1 100 1 100 1 1 1 1 1 1
staticfield java/lang/Character TYPE Ljava/lang/Class; java/lang/Class
staticfield java/lang/Character $assertionsDisabled Z 1
ciInstanceKlass java/util/Arrays 1 1 1012 10 7 12 1 1 1 10 100 12 1 1 1 10 7 12 1 1 1 10 12 1 10 12 1 10 12 1 10 12 1 10 12 1 10 12 1 10 100 12 1 1 1 100 1 7 1 10 8 1 10 12 1 1 10 12 1 8 1 8 1 10 12 1 1 10 12 1 100 1 10 12 1 9 100 12 1 1 1 10 7 12 1 1 100 1 10 12 1 1 10 7 12 1 1 10 7 12 1 1 1 100 1 10 12 1 10 12 1 1 7 1 9 7 12 1 1 1 10 12 1 1 10 7 12 1 1 10 12 1 10 12 1 1 10 12 1 10 12 1 1 7 1 11 12 1 1 10 12 1 10 7 12 1 1 1 10 12 10 12 1 10 12 1 10 12 10 12 1 11 100 12 1 1 1 10 7 12 1 1 1 100 1 10 12 1 10 100 1 10 12 1 10 100 1 10 12 1 10 100 1 10 12 1 10 10 12 1 1 10 12 1 10 12 1 10 12 1 10 12 1 10 12 1 10 7 12 1 1 1 10 12 1 10 7 12 1 1 1 10 12 1 10 12 1 10 7 12 1 1 1 10 12 1 10 12 1 10 12 1 10 12 1 10 12 1 10 12 1 10 12 1 10 12 1 10 12 1 10 12 1 10 12 1 10 12 1 10 12 1 10 12 1 10 12 1 10 12 1 1 10 12 1 1 10 7 12 1 1 1 10 7 1 10 100 1 10 7 1 10 100 1 10 100 1 10 100 1 10 100 1 10 100 1 10 12 1 8 1 7 1 10 12 10 7 12 1 1 1 10 12 1 1 10 7 12 1 1 10 12 10 12 1 10 12 10 12 10 12 1 1 10 12 1 1 9 7 12 1 1 1 10 12 1 9 7 1 10 12 1 9 10 12 1 9 7 1 10 12 1 9 7 1 10 12 1 9 10 12 1 9 10 12 1 10 12 1 10 12 1 9 12 1 100 1 10 10 12 1 1 10 12 1 10 12 1 10 12 1 10 12 1 10 12 1 10 12 1 10 12 1 10 12 1 10 12 1 8 1 8 1 10 12 1 10 12 1 8 1 10 12 1 10 12 1 10 12 1 10 7 12 1 1 1 3 10 100 1 10 10 12 1 1 11 100 12 1 1 10 12 1 1 10 12 1 10 12 1 10 12 1 10 12 1 10 12 1 10 12 1 10 12 1 10 12 1 11 12 1 8 1 10 11 12 1 11 100 12 1 1 1 11 100 12 1 1 1 11 12 1 1 18 12 1 1 11 12 1 1 11 100 12 1 1 1 18 12 1 11 100 12 1 1 1 18 12 1 11 100 12 1 1 1 18 12 1 100 1 10 7 12 1 1 1 10 12 1 10 12 1 10 12 1 10 12 1 10 12 1 10 12 1 10 12 1 10 12 1 1 10 12 1 10 7 12 1 1 10 12 1 10 12 1 10 12 1 1 10 12 1 10 12 1 10 12 1 1 10 12 1 10 12 1 10 12 1 1 10 12 1 10 12 1 10 12 1 10 12 1 10 12 10 12 1 10 12 10 12 10 12 1 10 12 10 12 1 10 12 1 10 12 1 1 1 1 3 1 3 1 1 1 1 1 1 1 1 1 1 1 1 1 1 1 1 1 1 1 1 1 1 1 1 1 1 1 1 1 1 1 1 1 1 1 1 1 1 1 1 1 1 1 1 1 1 1 1 1 1 1 1 1 1 1 1 1 1 1 1 1 1 1 1 1 1 1 1 1 1 1 1 1 1 1 1 1 1 1 1 1 1 1 1 1 1 1 1 1 1 1 1 1 1 1 1 1 1 1 1 1 1 1 1 1 1 1 1 1 1 1 1 1 1 1 1 1 1 1 1 1 1 1 1 1 1 1 1 1 1 1 1 1 1 1 1 1 1 1 1 1 1 1 1 1 1 1 1 1 1 1 1 1 1 1 1 1 1 1 1 1 1 1 1 1 1 1 1 1 1 1 1 1 1 1 1 1 1 1 1 1 1 1 1 1 1 1 1 1 1 1 1 1 1 1 1 1 1 1 1 1 1 1 1 1 1 1 1 1 1 1 1 1 1 1 1 1 1 1 1 1 1 1 1 1 1 1 1 1 1 1 1 1 1 1 1 1 1 1 1 1 1 1 1 1 1 1 1 1 1 1 1 1 1 1 1 1 1 1 1 100 1 1 16 15 10 12 15 10 12 15 10 12 15 10 12 15 10 100 12 1 1 1 1 1 100 1 100 1 1 1 1 100 1 1 1 1 1 1 100 1 1 100 1 1 100 1 1 1 100 1 100 1 1
staticfield java/util/Arrays $assertionsDisabled Z 1
ciInstanceKlass java/lang/OutOfMemoryError 1 1 26 10 100 12 1 1 1 10 12 1 100 1 1 1 1 5 0 1 1 1 1 1 1 1 1 1
ciInstanceKlass java/lang/Thread$FieldHolder 1 1 48 10 7 12 1 1 1 9 7 12 1 1 1 9 12 1 1 9 12 1 1 9 12 1 1 9 12 1 1 1 1 1 1 1 1 1 1 100 1 100 1 1 1 1 100 1 1 1
ciInstanceKlass java/lang/Thread$Constants 0 0 59 7 1 10 7 12 1 1 1 100 1 10 10 7 12 1 1 1 7 1 8 1 10 12 1 9 7 12 1 1 1 7 1 7 1 10 12 1 10 12 1 9 12 1 1 1 1 1 1 1 1 1 1 1 1 1 1 1 1
ciInstanceKlass java/lang/ThreadGroup 1 1 411 10 7 12 1 1 1 9 7 12 1 1 1 8 1 9 12 1 1 7 1 9 12 1 1 9 12 1 1 10 7 12 1 1 1 10 12 1 1 10 12 1 10 12 1 10 12 1 10 12 1 1 10 12 1 1 10 12 1 10 12 1 1 10 12 1 10 12 1 10 100 12 1 1 1 10 12 1 1 18 12 1 1 11 7 12 1 1 1 10 7 12 1 1 1 10 7 12 1 10 12 1 1 10 12 1 1 10 12 1 1 10 7 12 1 1 1 10 12 1 11 12 1 1 11 7 12 1 1 11 12 1 1 10 12 1 1 10 12 1 10 12 1 11 12 1 11 12 1 1 100 1 10 10 12 1 100 1 10 18 12 1 1 11 7 12 1 1 1 11 12 1 1 9 12 1 1 10 12 1 1 8 1 10 7 12 1 1 1 10 100 12 1 1 1 10 12 1 1 11 12 10 12 1 1 10 12 1 1 11 7 1 9 12 1 7 1 10 8 1 10 12 1 1 10 12 1 1 8 1 10 12 1 10 7 12 1 1 1 10 12 1 1 10 7 1 8 1 10 8 1 10 12 1 10 12 1 8 1 9 12 1 1 9 12 1 10 100 12 1 1 1 100 9 12 1 1 7 1 9 12 1 10 12 10 12 1 1 100 10 12 9 12 1 10 12 1 100 1 10 11 12 1 1 7 1 10 10 12 1 10 12 1 1 1 1 1 1 1 1 1 1 1 1 1 1 1 1 1 1 3 1 1 1 1 1 1 1 1 1 1 1 1 100 1 1 1 1 1 1 1 1 1 1 1 1 1 1 1 1 1 1 1 1 1 1 1 1 1 1 1 1 1 1 1 1 1 1 1 1 1 1 1 1 1 1 1 16 15 10 12 16 16 15 10 12 16 15 10 100 12 1 1 1 1 1 100 1 100 1 1
staticfield java/lang/ThreadGroup $assertionsDisabled Z 1
ciInstanceKlass java/lang/Thread$UncaughtExceptionHandler 1 0 16 100 1 100 1 1 1 1 1 1 1 1 100 1 1 1
ciInstanceKlass java/security/AccessControlContext 1 1 375 9 7 12 1 1 1 9 12 1 1 10 100 12 1 1 1 8 1 10 100 12 1 1 1 10 7 12 1 1 1 9 12 1 9 12 1 1 9 12 1 1 10 7 12 1 1 7 1 10 12 1 11 7 12 1 1 1 11 12 1 11 12 1 11 12 1 1 7 1 11 12 1 1 10 12 1 10 7 12 1 1 1 9 100 12 1 1 1 10 7 12 1 1 1 11 100 12 1 1 1 10 7 1 100 1 8 1 10 12 1 10 12 1 1 7 1 10 7 12 1 1 1 9 12 1 9 12 1 9 12 1 9 12 1 1 9 12 1 1 9 12 1 9 12 1 10 7 12 1 1 1 9 12 1 10 12 1 1 10 12 1 1 8 1 10 12 1 1 10 12 1 1 10 7 12 1 1 1 7 1 10 10 12 1 1 10 7 12 1 1 1 10 8 1 10 7 12 1 1 8 1 10 7 12 1 1 8 1 8 1 10 12 1 8 1 10 12 1 8 1 10 12 1 10 12 1 10 12 1 1 8 1 8 1 100 1 10 12 1 10 12 1 1 100 1 10 12 1 8 1 10 12 1 10 12 1 10 8 1 10 12 1 1 10 12 1 1 10 12 1 1 10 12 1 1 10 12 1 10 12 1 11 10 12 1 10 12 1 1 10 10 10 12 1 1 1 1 1 1 1 1 1 1 1 1 1 1 1 1 1 1 1 1 1 1 1 1 100 1 1 1 1 1 1 1 1 1 1 1 1 1 1 1 1 1 1 1 1 1 1 1 1 1 1 1 1 1 1 1 1 1 1 1 1 1 1 1 1 1 1 1 1 1 1 1 1 1 1 1 1 1 3 1 1
instanceKlass java/lang/ThreadBuilders$BoundVirtualThread
instanceKlass java/lang/VirtualThread
ciInstanceKlass java/lang/BaseVirtualThread 0 0 36 10 100 12 1 1 1 100 1 1 1 1 1 1 1 1 1 1 1 1 1 1 1 1 1 1 1 1 100 1 100 1 1 100 1 1
ciInstanceKlass java/lang/VirtualThread 0 0 910 9 7 12 1 1 1 10 7 12 1 1 1 10 100 12 1 1 1 10 7 12 1 1 1 9 12 1 1 9 12 1 1 100 1 10 12 1 9 12 1 1 18 12 1 1 9 12 1 1 10 12 1 1 100 1 10 12 1 10 12 1 1 10 12 1 1 10 12 1 1 10 12 1 10 7 12 1 10 12 1 10 12 1 10 12 1 10 12 1 11 100 12 1 1 1 100 1 10 12 1 1 10 100 12 1 1 1 10 100 12 1 1 1 10 12 1 100 1 10 10 12 1 10 12 1 1 9 12 1 1 10 12 1 1 9 12 1 1 10 12 1 9 12 1 1 9 12 1 100 1 10 10 12 1 10 100 12 1 1 10 9 10 10 12 1 1 10 12 1 1 10 100 12 1 1 10 100 1 10 9 10 10 12 1 7 1 10 12 1 1 10 12 1 10 12 1 10 12 1 1 9 12 1 10 12 1 10 12 1 9 12 1 1 10 12 1 10 12 1 9 12 1 1 10 12 1 10 12 1 10 12 1 11 100 12 1 1 10 12 1 1 10 12 1 1 10 12 1 1 9 12 1 10 100 1 10 12 1 1 10 12 1 1 10 12 1 10 12 1 10 12 1 10 12 9 12 1 1 10 100 12 1 1 10 12 1 10 12 1 1 10 100 12 1 1 10 12 1 100 1 8 1 10 12 1 10 12 1 1 10 12 1 10 12 1 10 100 12 1 1 10 12 1 10 12 1 1 10 12 1 10 12 1 1 10 7 12 1 1 10 12 1 1 10 12 1 1 100 1 10 10 12 1 7 1 9 12 1 1 10 7 12 1 1 10 9 12 1 1 18 9 100 12 1 1 1 11 100 12 1 1 1 11 100 1 11 12 10 12 1 10 12 1 10 12 1 1 10 12 1 100 1 10 10 12 1 10 12 1 1 10 12 1 1 10 12 1 10 12 1 10 12 1 9 12 1 1 11 100 12 1 1 10 12 9 100 12 1 1 1 9 12 1 10 12 1 1 9 12 1 9 12 1 9 12 1 7 1 10 10 12 1 1 10 12 1 10 12 7 1 7 1 10 8 1 10 12 1 1 10 12 1 10 12 1 10 10 12 1 8 1 10 10 12 1 10 12 1 10 7 12 1 1 8 1 8 1 10 9 100 12 1 1 1 10 12 1 1 10 12 1 10 10 10 12 9 12 1 10 12 1 1 9 12 1 10 12 1 1 9 12 1 10 12 1 1 18 12 1 1 18 12 1 10 7 12 1 1 1 8 1 10 100 12 1 1 1 10 7 12 1 1 1 18 12 1 10 100 12 1 1 1 100 1 10 12 1 8 1 10 12 1 8 1 10 12 1 1 8 1 8 1 10 100 12 1 1 8 1 10 12 1 8 1 8 1 10 100 12 1 1 1 10 12 1 10 12 1 1 10 12 1 18 12 1 1 18 12 1 1 5 0 9 12 1 10 12 1 18 12 1 100 1 10 12 10 7 12 1 1 10 12 1 1 7 1 8 1 10 10 12 1 10 12 1 1 10 12 1 9 12 1 8 10 12 1 1 8 8 9 12 1 8 10 12 1 1 3 1 3 1 3 1 3 1 3 1 3 1 3 1 3 1 3 1 3 1 3 1 3 3 1 3 1 1 1 1 1 1 1 1 1 1 1 1 1 1 7 1 1 1 1 1 1 1 1 1 1 1 1 1 1 7 1 1 1 1 1 1 1 1 1 1 1 7 1 1 1 1 1 1 1 1 1 1 1 1 1 1 1 1 1 1 1 1 1 1 1 1 1 1 1 1 1 1 1 1 1 1 1 1 1 1 1 100 1 1 1 1 1 1 1 1 1 1 1 1 1 1 1 1 1 1 1 1 1 1 1 1 1 1 1 1 1 1 1 1 1 1 1 100 1 1 1 1 1 1 1 1 1 1 1 1 1 1 100 1 1 16 15 10 12 15 16 15 10 12 16 15 10 12 16 16 15 10 12 16 15 10 12 16 15 10 12 16 15 10 12 16 1 15 10 100 12 1 1 1 1 1 1 1 7 1 1 100 1 100 1 1
ciInstanceKlass java/lang/ThreadBuilders$BoundVirtualThread 0 0 132 10 7 12 1 1 1 9 7 12 1 1 1 10 7 12 1 1 1 9 12 1 1 10 12 1 1 10 12 1 1 9 12 1 1 10 7 12 1 1 1 10 12 1 1 7 1 8 1 10 12 1 10 12 1 1 10 12 1 1 10 12 1 1 10 7 12 1 1 1 8 1 10 12 1 8 1 10 12 1 1 10 100 12 1 1 9 100 12 1 1 1 10 12 1 1 10 10 12 1 1 1 1 1 1 1 1 1 1 1 1 1 1 1 1 1 1 1 1 1 1 1 1 1 1 1 1 100 1 1 1 1
ciInstanceKlass jdk/internal/vm/ContinuationScope 0 0 50 10 100 12 1 1 1 10 100 12 1 1 1 100 1 9 100 12 1 1 1 10 12 1 1 10 100 12 1 1 1 10 12 1 1 10 12 1 1 1 1 1 1 1 1 1 1 1 1 1
ciInstanceKlass jdk/internal/vm/StackChunk 0 0 34 10 100 12 1 1 1 9 100 12 1 1 1 9 12 1 1 9 12 1 9 12 1 1 1 1 1 1 1 1 1 1 1 1
ciInstanceKlass java/lang/Float 1 1 279 7 1 7 1 10 100 12 1 1 1 10 100 12 1 1 1 4 7 1 10 12 1 1 10 12 1 1 8 1 8 1 10 7 12 1 1 1 10 12 1 1 10 12 1 1 10 100 1 4 10 7 12 1 1 9 12 1 1 10 12 1 1 10 12 1 10 10 12 1 1 10 12 1 10 12 1 3 3 100 1 4 4 4 3 10 12 1 1 9 12 1 1 100 1 10 3 3 4 4 10 12 1 3 3 3 10 12 1 1 10 12 1 1 10 12 1 10 100 12 1 1 1 10 12 1 1 10 12 1 1 10 7 12 1 1 1 8 1 10 12 1 1 9 12 1 1 7 1 7 1 7 1 1 1 1 4 1 4 1 1 1 4 1 1 3 1 3 1 3 1 3 1 3 1 1 1 1 5 0 1 1 1 1 1 1 1 1 1 1 100 1 1 1 1 1 1 1 1 1 1 1 1 1 3 1 1 1 1 1 1 1 1 1 1 1 1 1 1 1 1 1 1 1 1 1 1 1 1 1 1 1 1 1 1 1 1 1 1 1 1 1 1 1 1 1 1 1 1 1 1 1 1 1 1 1 1 1 1 1 1 1 1 1 1 1 7 1 1 1 1 1 1 1 100 1 100 1 1
staticfield java/lang/Float TYPE Ljava/lang/Class; java/lang/Class
staticfield java/lang/Float $assertionsDisabled Z 1
ciInstanceKlass java/lang/Double 1 1 290 7 1 7 1 10 7 12 1 1 1 10 12 1 1 10 7 1 10 12 1 1 10 7 12 1 1 1 6 0 8 1 10 12 1 1 8 1 10 12 1 1 8 1 6 0 10 12 1 1 100 1 5 0 5 0 8 1 8 1 10 7 12 1 1 1 10 7 12 1 1 1 8 1 10 12 1 1 8 1 8 1 8 1 10 12 1 1 10 12 1 10 12 1 1 10 12 1 10 12 1 10 12 1 1 10 12 1 10 7 1 6 0 10 7 12 1 1 9 12 1 1 10 12 1 10 12 1 10 12 1 10 12 1 10 12 1 5 0 10 12 1 1 10 12 1 10 12 1 10 100 12 1 1 1 10 12 1 1 10 12 1 1 8 1 10 7 12 1 1 1 9 12 1 1 7 1 7 1 7 1 1 1 6 0 1 6 0 1 6 0 1 1 1 6 0 1 1 3 1 3 1 3 1 3 1 3 1 1 1 1 5 0 1 1 1 1 1 1 1 1 1 1 1 1 1 1 1 1 100 1 1 1 1 1 1 1 1 1 1 1 1 3 1 1 1 1 1 1 1 1 1 1 1 1 1 1 1 1 1 1 1 1 1 1 1 1 1 1 1 1 1 1 1 1 1 1 7 1 1 1 1 1 1 1 100 1 100 1 1
staticfield java/lang/Double TYPE Ljava/lang/Class; java/lang/Class
ciInstanceKlass java/lang/Byte 1 1 213 7 1 100 1 10 7 12 1 1 1 9 12 1 1 8 1 9 12 1 1 7 1 10 12 1 1 10 12 1 1 10 100 12 1 1 1 10 100 12 1 1 1 9 7 12 1 1 1 10 12 1 1 100 1 7 1 10 12 1 1 8 1 10 12 1 1 8 1 10 12 1 10 12 1 10 12 1 10 12 1 1 10 12 1 10 12 1 10 12 1 1 10 8 1 8 1 10 7 1 9 12 1 1 10 12 1 1 10 12 1 1 10 12 1 1 10 12 1 5 0 10 12 1 1 8 1 10 7 12 1 1 1 9 12 1 1 7 1 7 1 1 1 3 1 3 1 1 1 1 3 1 3 1 1 5 0 1 1 1 1 1 1 1 1 1 1 1 1 1 1 1 1 1 1 1 1 1 1 1 1 1 1 1 1 1 1 1 1 1 1 1 1 1 1 1 1 1 1 1 1 1 1 1 1 1 1 1 1 1 1 1 1
staticfield java/lang/Byte TYPE Ljava/lang/Class; java/lang/Class
ciInstanceKlass java/lang/Short 1 1 222 7 1 7 1 100 1 10 7 12 1 1 1 10 12 1 1 100 1 7 1 10 12 1 1 8 1 10 12 1 1 8 1 10 12 1 10 12 1 10 12 1 10 12 1 1 10 12 1 1 10 12 1 9 12 1 1 8 1 9 12 1 1 7 1 10 12 1 1 10 12 1 10 100 12 1 1 1 10 100 12 1 1 1 9 7 12 1 1 1 10 12 1 10 12 1 1 10 8 1 8 1 10 7 1 9 12 1 1 10 12 1 1 10 12 1 1 10 12 1 1 10 12 1 3 3 5 0 10 12 1 1 8 1 10 7 12 1 1 1 9 12 1 1 7 1 7 1 1 1 3 1 3 1 1 1 1 3 1 3 1 1 5 0 1 1 1 1 1 1 1 1 1 1 1 1 1 1 1 1 1 1 1 1 1 1 1 1 1 1 1 3 1 1 1 1 1 1 1 1 1 1 1 1 1 1 1 1 1 1 1 1 1 1 1 1 1 1 1 1 1 1
staticfield java/lang/Short TYPE Ljava/lang/Class; java/lang/Class
ciInstanceKlass java/lang/Long 1 1 506 7 1 7 1 7 1 7 1 10 12 1 1 9 12 1 1 9 7 12 1 1 1 10 7 12 1 1 1 10 12 1 1 10 100 12 1 1 1 10 10 12 10 12 1 10 12 1 10 12 1 5 0 5 0 7 1 10 12 1 1 10 12 1 1 10 12 1 10 12 1 10 12 1 10 12 1 1 10 100 12 1 1 10 12 1 10 12 1 1 10 12 1 1 10 12 1 1 10 12 1 1 10 7 12 1 1 1 10 12 1 1 10 12 1 10 12 1 10 12 1 10 12 1 1 10 10 12 1 5 0 7 1 8 1 10 12 1 8 1 7 1 10 12 1 10 12 1 1 8 1 10 12 1 1 8 1 10 12 1 1 10 12 1 1 10 12 1 1 5 0 5 0 10 100 12 1 1 1 11 7 1 10 12 1 1 11 10 12 1 1 10 12 1 1 8 1 5 0 10 12 1 1 10 12 1 1 8 1 8 1 10 12 1 8 1 10 12 1 10 12 1 5 0 5 0 9 7 12 1 1 1 10 12 1 10 12 1 1 8 1 8 1 10 12 1 1 8 1 8 1 8 1 8 1 8 1 8 1 10 12 1 10 12 1 10 7 1 9 12 1 1 10 12 1 10 12 1 1 10 12 1 1 10 7 12 1 1 1 100 1 100 1 10 12 1 1 10 12 1 10 12 1 10 12 1 5 0 5 0 5 0 10 12 1 1 10 12 1 5 0 5 0 10 12 10 12 1 10 100 12 1 1 1 10 12 1 1 10 12 1 1 8 1 10 7 12 1 1 1 9 12 1 1 7 1 7 1 7 1 1 1 1 5 0 1 1 1 1 3 1 3 1 5 0 1 1 1 1 1 1 1 1 1 1 100 1 1 1 1 1 1 1 1 1 1 1 1 1 1 1 1 1 1 1 1 1 1 1 1 1 1 1 1 1 1 1 1 1 1 1 1 1 1 1 1 1 1 1 1 1 3 1 1 1 1 1 1 1 1 1 1 1 1 1 1 1 7 1 1 1 1 1 1 1 1 1 1 1 1 1 1 1 1 1 1 1 1 1 1 1 1 1 1 1 1 1 1 1 1 1 1 1 1 1 1 1 1 1 1 1 7 1 1 1 1 1 1 1 1 1 100 1 100 1 1
staticfield java/lang/Long TYPE Ljava/lang/Class; java/lang/Class
ciInstanceKlass jdk/internal/vm/vector/VectorSupport 0 0 575 100 1 10 100 12 1 1 1 9 12 1 1 10 12 1 1 100 1 10 12 1 11 100 12 1 1 1 11 100 12 1 1 1 11 100 12 1 1 11 100 12 1 1 11 100 12 1 1 1 11 100 12 1 1 11 100 12 1 1 11 100 12 1 1 11 100 12 1 1 11 100 12 1 1 11 100 12 1 1 11 100 12 1 1 1 11 100 12 1 1 11 100 12 1 1 1 11 100 12 1 1 1 11 100 12 1 1 11 100 12 1 1 1 11 100 12 1 1 100 1 10 12 1 1 11 100 12 1 1 11 100 12 1 1 11 100 12 1 1 11 100 12 1 1 11 100 12 1 1 11 100 12 1 1 9 12 1 1 10 100 12 1 1 11 100 12 1 1 10 12 1 1 10 100 12 1 1 1 10 12 1 10 12 1 1 10 12 1 1 1 1 1 3 1 3 1 3 1 3 1 3 1 3 1 3 1 3 1 3 1 3 1 3 1 3 1 3 1 3 1 3 1 3 1 3 1 3 1 3 1 3 1 3 1 3 1 3 1 3 1 3 1 3 1 3 1 3 1 3 1 3 1 3 1 3 1 3 1 3 1 3 1 3 1 3 1 3 1 3 1 3 1 3 1 3 1 3 1 3 1 3 1 3 1 3 1 3 1 3 1 3 1 3 1 3 1 3 1 1 1 1 1 1 1 1 1 1 1 1 1 1 1 1 1 1 1 1 1 1 1 1 1 1 1 1 1 1 1 1 1 1 1 1 1 1 1 1 1 1 1 1 1 1 1 1 1 1 1 1 1 1 1 1 1 1 1 1 1 1 1 1 1 1 1 1 1 1 1 1 1 1 1 1 1 1 1 1 1 1 1 1 1 1 1 1 1 1 1 1 1 1 1 1 1 1 1 1 1 1 1 1 1 1 1 1 1 1 1 1 1 1 1 1 1 1 1 1 1 1 1 1 1 1 1 1 1 1 1 1 1 1 1 1 1 1 1 1 1 1 1 1 1 1 1 1 1 1 1 1 1 1 1 1 1 1 1 1 1 1 1 1 1 1 1 1 1 1 1 1 1 1 1 1 1 1 1 1 1 1 1 1 1 1 1 1 1 1 1 1 1 1 1 1 1 1 1 1 1 1 1 1 1 1 1 1 1 1 1 1 1 1 1 1 1 1 1 1 1 1 1 1 1 1 1 1 1 1 1 1 1 1 1 1 1 100 1 100 1 100 1 100 1 100 1 1 1 1 1 1 1 1 1 1 1 1 1 1 1 1 1 1 1 1 1 1 1 1 1 1 1 1 1 1 1
instanceKlass jdk/internal/vm/vector/VectorSupport$VectorShuffle
instanceKlass jdk/internal/vm/vector/VectorSupport$VectorMask
instanceKlass jdk/internal/vm/vector/VectorSupport$Vector
ciInstanceKlass jdk/internal/vm/vector/VectorSupport$VectorPayload 0 0 32 10 100 12 1 1 1 9 100 12 1 1 1 10 100 12 1 1 1 1 1 1 1 1 1 1 1 1 1 1 1 1
ciInstanceKlass jdk/internal/vm/vector/VectorSupport$Vector 0 0 28 10 100 12 1 1 1 100 1 1 1 1 1 1 1 1 1 1 1 1 1 1 1 100 1 1 1 1
ciInstanceKlass jdk/internal/vm/vector/VectorSupport$VectorMask 0 0 28 10 100 12 1 1 1 100 1 1 1 1 1 1 1 1 1 1 1 1 1 1 1 100 1 1 1 1
ciInstanceKlass jdk/internal/vm/vector/VectorSupport$VectorShuffle 0 0 28 10 100 12 1 1 1 100 1 1 1 1 1 1 1 1 1 1 1 1 1 1 1 100 1 1 1 1
ciInstanceKlass jdk/internal/vm/FillerObject 0 0 16 10 100 12 1 1 1 100 1 1 1 1 1 1 1 1
instanceKlass java/lang/ref/PhantomReference
instanceKlass java/lang/ref/FinalReference
instanceKlass java/lang/ref/WeakReference
instanceKlass java/lang/ref/SoftReference
ciInstanceKlass java/lang/ref/Reference 1 1 190 9 7 12 1 1 1 9 7 12 1 1 10 12 1 1 10 12 1 1 9 12 1 1 10 12 1 1 9 12 1 1 9 12 1 1 7 1 10 12 1 10 7 12 1 1 10 12 1 10 12 1 1 10 12 1 7 1 8 1 10 12 1 1 7 1 10 12 1 1 10 12 1 1 10 12 1 9 12 1 10 12 1 1 10 12 1 10 12 1 9 12 1 7 1 100 1 10 12 9 12 1 9 12 1 100 1 10 10 12 1 10 10 7 12 1 1 7 1 10 10 7 12 1 1 1 1 1 1 1 1 1 1 1 1 1 1 1 1 1 1 1 7 1 1 1 100 1 1 1 1 1 1 1 1 1 1 1 1 1 1 1 1 1 1 1 1 1 1 1 1 1 1 1 1 1 1 1 1 1 1 1 7 1 7 1 7 1 1 1
staticfield java/lang/ref/Reference processPendingLock Ljava/lang/Object; java/lang/Object
staticfield java/lang/ref/Reference $assertionsDisabled Z 1
ciMethod java/lang/ref/Reference get ()Ljava/lang/Object; 0 0 1 0 -1
instanceKlass java/io/ClassCache$CacheRef
instanceKlass java/util/ResourceBundle$BundleReference
instanceKlass sun/util/locale/provider/LocaleResources$ResourceReference
instanceKlass sun/util/resources/Bundles$BundleReference
instanceKlass sun/util/locale/LocaleObjectCache$CacheEntry
instanceKlass org/springframework/util/ConcurrentReferenceHashMap$SoftEntryReference
instanceKlass java/lang/invoke/LambdaFormEditor$Transform
ciInstanceKlass java/lang/ref/SoftReference 1 1 47 10 7 12 1 1 1 9 7 12 1 1 1 9 12 1 10 12 1 10 12 1 1 1 1 1 1 1 1 1 1 1 1 1 1 1 1 1 1 1 1 100 1 1 1 1 1
ciMethod java/lang/ref/SoftReference get ()Ljava/lang/Object; 524 0 6469 0 184
instanceKlass java/beans/WeakIdentityMap$Entry
instanceKlass org/apache/tomcat/util/collections/ManagedConcurrentWeakHashMap$Key
instanceKlass java/util/ResourceBundle$KeyElementReference
instanceKlass java/util/logging/LogManager$LoggerWeakRef
instanceKlass java/util/logging/Level$KnownLevel
instanceKlass java/lang/WeakPairMap$WeakRefPeer
instanceKlass java/lang/ClassValue$Entry
instanceKlass org/apache/commons/logging/impl/WeakHashtable$WeakKey
instanceKlass jdk/internal/util/WeakReferenceKey
instanceKlass java/lang/ThreadLocal$ThreadLocalMap$Entry
instanceKlass java/util/WeakHashMap$Entry
ciInstanceKlass java/lang/ref/WeakReference 1 1 31 10 7 12 1 1 1 10 12 1 100 1 1 1 1 1 1 1 1 1 1 1 1 1 1 1 1 1 1 1 1
instanceKlass java/lang/ref/Finalizer
ciInstanceKlass java/lang/ref/FinalReference 1 1 50 10 7 12 1 1 1 10 7 12 1 1 1 10 12 1 1 7 1 8 1 10 12 1 1 1 1 1 1 1 1 1 1 1 1 1 1 1 1 1 1 1 1 1 1 1 1 1 7 1
instanceKlass jdk/internal/ref/PhantomCleanable
instanceKlass jdk/internal/ref/Cleaner
ciInstanceKlass java/lang/ref/PhantomReference 1 1 39 10 100 12 1 1 1 10 7 12 1 1 1 1 1 1 1 1 1 1 1 1 1 1 1 1 1 1 1 1 1 1 1 1 1 1 1 1 1
ciInstanceKlass java/lang/ref/Finalizer 1 1 155 9 7 12 1 1 1 10 7 12 1 1 1 9 12 1 1 9 12 1 1 9 12 1 9 12 1 9 12 1 1 10 12 1 7 1 8 1 10 12 1 10 12 1 1 9 12 1 100 1 10 12 1 7 1 11 100 12 1 1 10 12 1 7 1 10 12 1 7 1 10 12 1 10 7 12 1 1 1 10 7 12 1 1 1 7 1 10 10 12 1 7 1 10 12 1 7 1 10 12 1 1 10 12 1 1 10 12 1 10 7 12 1 1 1 7 1 10 7 1 10 10 12 1 1 1 1 1 1 1 1 1 1 1 1 1 1 1 1 1 1 1 1 1 1 1 1 1 1 1 1 1 1 1 1
staticfield java/lang/ref/Finalizer lock Ljava/lang/Object; java/lang/Object
staticfield java/lang/ref/Finalizer ENABLED Z 1
staticfield java/lang/ref/Finalizer $assertionsDisabled Z 1
instanceKlass tools/jackson/core/StreamReadCapability
instanceKlass tools/jackson/databind/util/AccessPattern
instanceKlass com/fasterxml/jackson/annotation/JsonProperty$Access
instanceKlass com/fasterxml/jackson/annotation/JsonCreator$Mode
instanceKlass tools/jackson/databind/AnnotationIntrospector$ReferenceProperty$Type
instanceKlass org/unbescape/uri/UriEscapeUtil$UriEscapeType
instanceKlass org/thymeleaf/util/NumberPointType
instanceKlass org/thymeleaf/engine/IteratedGatheringModelProcessable$IterationWhiteSpaceHandling
instanceKlass org/springframework/web/util/HierarchicalUriComponents$EncodeState
instanceKlass org/springframework/web/util/UriComponentsBuilder$EncodingHint
instanceKlass org/springframework/web/util/RfcUriParser$State
instanceKlass org/springframework/web/util/UriComponentsBuilder$ParserType
instanceKlass org/springframework/expression/spel/support/ReflectionHelper$ArgumentsMatchKind
instanceKlass tools/jackson/core/JsonParser$NumberType
instanceKlass tools/jackson/core/StreamWriteCapability
instanceKlass com/fasterxml/jackson/annotation/JsonFormat$Feature
instanceKlass org/springframework/web/servlet/mvc/method/annotation/AbstractMessageConverterMethodArgumentResolver$ConverterType
instanceKlass org/springframework/expression/spel/standard/TokenKind
instanceKlass org/unbescape/html/HtmlEscapeLevel
instanceKlass org/unbescape/html/HtmlEscapeType
instanceKlass org/thymeleaf/linkbuilder/StandardLinkBuilder$LinkType
instanceKlass org/thymeleaf/model/AttributeValueQuotes
instanceKlass org/thymeleaf/templateparser/reader/BlockAwareReader$BlockAction
instanceKlass org/thymeleaf/engine/TemplateModelController$SkipBody
instanceKlass java/nio/file/FileVisitResult
instanceKlass java/net/Proxy$Type
instanceKlass org/springframework/boot/web/server/GracefulShutdownResult
instanceKlass org/springframework/boot/devtools/filewatch/ChangedFile$Type
instanceKlass org/springframework/boot/web/error/ErrorAttributeOptions$Include
instanceKlass org/attoparser/config/ParseConfiguration$UniqueRootElementPresence
instanceKlass org/attoparser/config/ParseConfiguration$PrologPresence
instanceKlass org/attoparser/config/ParseConfiguration$ElementBalancing
instanceKlass org/attoparser/config/ParseConfiguration$ParsingMode
instanceKlass org/thymeleaf/engine/HTMLElementType
instanceKlass org/thymeleaf/standard/processor/AbstractStandardMultipleAttributeModifierTagProcessor$ModificationType
instanceKlass org/springframework/web/context/request/async/StandardServletAsyncWebRequest$State
instanceKlass org/springframework/http/server/observation/ServerHttpObservationDocumentation$HighCardinalityKeyNames
instanceKlass org/springframework/http/server/observation/ServerHttpObservationDocumentation
instanceKlass org/springframework/http/server/observation/ServerHttpObservationDocumentation$LowCardinalityKeyNames
instanceKlass org/springframework/web/context/request/async/WebAsyncManager$State
instanceKlass org/apache/tomcat/util/log/UserDataHelper$Mode
instanceKlass org/apache/coyote/ActionCode
instanceKlass jakarta/servlet/http/MappingMatch
instanceKlass org/apache/tomcat/util/buf/UEncoder$SafeCharsSet
instanceKlass org/apache/tomcat/util/http/parser/HttpParser$DomainParseState
instanceKlass org/apache/tomcat/util/http/parser/SkipResult
instanceKlass org/apache/tomcat/util/http/parser/HttpHeaderParser$HeaderParseStatus
instanceKlass org/apache/tomcat/util/net/SendfileState
instanceKlass org/apache/tomcat/util/net/AbstractEndpoint$Handler$SocketState
instanceKlass org/apache/coyote/http11/filters/ChunkedInputFilter$ParseState
instanceKlass org/apache/tomcat/util/http/parser/HttpHeaderParser$HeaderParsePosition
instanceKlass org/apache/tomcat/util/log/UserDataHelper$Config
instanceKlass org/apache/coyote/AsyncStateMachine$AsyncState
instanceKlass org/apache/coyote/ErrorState
instanceKlass org/apache/tomcat/util/net/SocketWrapperBase$CompletionHandlerCall
instanceKlass org/apache/tomcat/util/net/SocketWrapperBase$CompletionState
instanceKlass com/sun/beans/util/Cache$Kind
instanceKlass org/springframework/core/ResolvableType$WildcardBounds$Kind
instanceKlass org/apache/tomcat/util/net/Acceptor$AcceptorState
instanceKlass java/net/StandardProtocolFamily
instanceKlass jdk/internal/util/OperatingSystem
instanceKlass org/springframework/boot/availability/LivenessState
instanceKlass org/springframework/boot/availability/ReadinessState
instanceKlass org/springframework/util/ConcurrentLruCache$CacheEntryState
instanceKlass org/springframework/util/ConcurrentLruCache$DrainStatus
instanceKlass sun/reflect/annotation/TypeAnnotation$TypeAnnotationTarget
instanceKlass org/springframework/core/Nullness
instanceKlass tools/jackson/core/JsonToken
instanceKlass com/fasterxml/jackson/annotation/JsonTypeInfo$As
instanceKlass tools/jackson/databind/DefaultTyping
instanceKlass tools/jackson/databind/cfg/ConstructorDetector$SingleArgConstructor
instanceKlass org/springframework/boot/jackson/JacksonComponent$Scope
instanceKlass com/fasterxml/jackson/annotation/PropertyAccessor
instanceKlass org/springframework/http/HttpStatus
instanceKlass org/springframework/http/HttpStatus$Series
instanceKlass jakarta/websocket/CloseReason$CloseCodes
instanceKlass jakarta/servlet/DispatcherType
instanceKlass jakarta/servlet/SessionTrackingMode
instanceKlass org/apache/tomcat/util/net/SocketEvent
instanceKlass org/apache/catalina/WebResourceRoot$ArchiveIndexStrategy
instanceKlass org/apache/coyote/ContinueResponseTiming
instanceKlass org/apache/tomcat/util/net/AbstractEndpoint$BindState
instanceKlass org/apache/tomcat/util/buf/EncodedSolidusHandling
instanceKlass org/springframework/boot/webmvc/autoconfigure/WebMvcProperties$MatchingStrategy
instanceKlass org/springframework/boot/convert/DurationStyle$Unit
instanceKlass org/springframework/boot/convert/DurationStyle
instanceKlass org/springframework/boot/autoconfigure/web/ErrorProperties$IncludeAttribute
instanceKlass org/springframework/boot/web/server/servlet/Session$SessionTrackingMode
instanceKlass org/springframework/boot/servlet/autoconfigure/ServletEncodingProperties$HttpMessageType
instanceKlass org/springframework/boot/tomcat/autoconfigure/TomcatServerProperties$UseApr
instanceKlass org/springframework/boot/web/server/Shutdown
instanceKlass org/springframework/boot/web/server/autoconfigure/ServerProperties$ForwardHeadersStrategy
instanceKlass org/springframework/boot/jackson/autoconfigure/JacksonProperties$ConstructorDetectorStrategy
instanceKlass org/springframework/boot/autoconfigure/web/WebProperties$LocaleResolver
instanceKlass org/springframework/boot/autoconfigure/task/TaskExecutionProperties$Mode
instanceKlass org/springframework/validation/DefaultMessageCodesResolver$Format
instanceKlass org/springframework/boot/thread/Threading
instanceKlass org/springframework/context/annotation/Bean$Bootstrap
instanceKlass org/springframework/boot/autoconfigure/condition/SearchStrategy
instanceKlass org/springframework/boot/autoconfigure/condition/ConditionalOnWebApplication$Type
instanceKlass org/thymeleaf/templatemode/TemplateMode
instanceKlass org/springframework/boot/autoconfigure/condition/ConditionMessage$Style
instanceKlass org/springframework/boot/autoconfigure/condition/FilteringSpringBootCondition$ClassNameFilter
instanceKlass tools/jackson/core/JsonEncoding
instanceKlass org/apache/catalina/authenticator/AuthenticatorBase$AllowCorsPreflight
instanceKlass org/apache/catalina/authenticator/AuthenticatorBase$SsoReauthenticationMode
instanceKlass org/springframework/web/bind/annotation/RequestMethod
instanceKlass org/apache/catalina/LifecycleState
instanceKlass java/nio/file/FileTreeWalker$EventType
instanceKlass java/nio/file/FileVisitOption
instanceKlass java/util/Comparators$NaturalOrderComparator
instanceKlass org/apache/tomcat/util/http/CookiesWithoutEquals
instanceKlass org/apache/tomcat/util/http/SameSiteCookies
instanceKlass org/springframework/context/annotation/ConfigurationCondition$ConfigurationPhase
instanceKlass org/springframework/beans/factory/support/DefaultListableBeanFactory$PreInstantiation
instanceKlass org/springframework/expression/spel/SpelCompilerMode
instanceKlass tools/jackson/databind/cfg/DateTimeFeature
instanceKlass tools/jackson/databind/cfg/JsonNodeFeature
instanceKlass tools/jackson/databind/cfg/EnumFeature
instanceKlass tools/jackson/databind/cfg/CoercionInputShape
instanceKlass tools/jackson/databind/cfg/CoercionAction
instanceKlass tools/jackson/databind/type/LogicalType
instanceKlass com/fasterxml/jackson/annotation/JsonFormat$Shape
instanceKlass com/fasterxml/jackson/annotation/Nulls
instanceKlass org/springframework/context/annotation/FilterType
instanceKlass com/fasterxml/jackson/annotation/JsonAutoDetect$Visibility
instanceKlass com/fasterxml/jackson/annotation/JsonInclude$Include
instanceKlass tools/jackson/core/json/JsonWriteFeature
instanceKlass tools/jackson/core/json/JsonReadFeature
instanceKlass tools/jackson/core/StreamWriteFeature
instanceKlass tools/jackson/core/StreamReadFeature
instanceKlass tools/jackson/core/TokenStreamFactory$Feature
instanceKlass com/fasterxml/jackson/annotation/JsonTypeInfo$Id
instanceKlass tools/jackson/core/Base64Variant$PaddingReadBehaviour
instanceKlass java/math/RoundingMode
instanceKlass org/springframework/context/annotation/ScopedProxyMode
instanceKlass org/springframework/core/annotation/MergedAnnotation$Adapt
instanceKlass sun/util/locale/provider/LocaleProviderAdapter$Type
instanceKlass tools/jackson/databind/util/internal/PrivateMaxEntriesMap$DrainStatus
instanceKlass tools/jackson/core/util/Separators$Spacing
instanceKlass tools/jackson/databind/DeserializationFeature
instanceKlass tools/jackson/databind/SerializationFeature
instanceKlass tools/jackson/databind/MapperFeature
instanceKlass org/springframework/boot/Banner$Mode
instanceKlass ch/qos/logback/core/pattern/parser/TokenStream$TokenizerState
instanceKlass ch/qos/logback/core/subst/Node$Type
instanceKlass ch/qos/logback/core/subst/Token$Type
instanceKlass ch/qos/logback/core/subst/Tokenizer$TokenizerState
instanceKlass org/springframework/boot/ansi/AnsiBackground
instanceKlass org/springframework/boot/ansi/AnsiStyle
instanceKlass org/springframework/boot/logging/logback/RollingPolicySystemProperty
instanceKlass jdk/internal/org/jline/terminal/Attributes$ControlFlag
instanceKlass jdk/internal/org/jline/terminal/Attributes$OutputFlag
instanceKlass jdk/internal/org/jline/terminal/Attributes$ControlChar
instanceKlass jdk/internal/org/jline/terminal/Terminal$Signal
instanceKlass jdk/internal/org/jline/terminal/MouseEvent$Modifier
instanceKlass jdk/internal/org/jline/terminal/MouseEvent$Button
instanceKlass jdk/internal/org/jline/terminal/MouseEvent$Type
instanceKlass jdk/internal/org/jline/utils/InfoCmp$Capability
instanceKlass jdk/internal/org/jline/terminal/Attributes$InputFlag
instanceKlass jdk/internal/org/jline/terminal/Attributes$LocalFlag
instanceKlass java/nio/file/AccessMode
instanceKlass jdk/internal/org/jline/terminal/spi/TerminalProvider$Stream
instanceKlass jdk/internal/org/jline/terminal/TerminalBuilder$SystemOutput
instanceKlass org/springframework/boot/logging/LoggingSystemProperty
instanceKlass org/springframework/boot/ansi/AnsiColor
instanceKlass org/springframework/boot/ansi/AnsiOutput$Enabled
instanceKlass org/springframework/boot/context/config/Profiles$Type
instanceKlass java/lang/invoke/MethodHandleImpl$ArrayAccess
instanceKlass org/springframework/boot/context/config/LocationResourceLoader$ResourceType
instanceKlass org/springframework/boot/bootstrap/BootstrapRegistry$Scope
instanceKlass org/springframework/boot/context/config/ConfigDataEnvironmentContributor$ImportPhase
instanceKlass org/springframework/boot/context/config/ConfigDataEnvironmentContributor$Kind
instanceKlass org/springframework/boot/context/config/ConfigData$Option
instanceKlass org/springframework/boot/context/properties/source/ConfigurationPropertyState
instanceKlass org/springframework/boot/context/config/ConfigDataNotFoundAction
instanceKlass org/springframework/boot/context/properties/bind/BindMethod
instanceKlass org/springframework/boot/context/config/ConfigDataEnvironmentContributors$BinderOption
instanceKlass java/util/stream/MatchOps$MatchKind
instanceKlass org/springframework/boot/context/properties/source/ConfigurationPropertyName$Form
instanceKlass org/springframework/boot/cloud/CloudPlatform
instanceKlass java/security/DrbgParameters$Capability
instanceKlass sun/security/util/KnownOIDs
instanceKlass org/springframework/core/NativeDetector$Context
instanceKlass java/nio/file/attribute/PosixFilePermission
instanceKlass java/time/Month
instanceKlass org/springframework/format/annotation/DurationFormat$Style
instanceKlass java/time/format/FormatStyle
instanceKlass org/springframework/format/datetime/standard/DateTimeFormatterRegistrar$Type
instanceKlass sun/util/logging/PlatformLogger$Level
instanceKlass java/lang/System$Logger$Level
instanceKlass jdk/internal/logger/BootstrapLogger$LoggingBackend
instanceKlass java/lang/annotation/ElementType
instanceKlass org/springframework/core/annotation/IntrospectionFailureLogger
instanceKlass org/springframework/boot/devtools/restart/FailureHandler$Outcome
instanceKlass java/util/stream/Collector$Characteristics
instanceKlass org/springframework/boot/context/properties/bind/Bindable$BindRestriction
instanceKlass org/springframework/boot/context/properties/source/ConfigurationPropertyName$ToStringFormat
instanceKlass org/springframework/boot/context/properties/source/ConfigurationPropertyName$ElementType
instanceKlass java/lang/reflect/ProxyGenerator$PrimitiveTypeInfo
instanceKlass java/lang/annotation/RetentionPolicy
instanceKlass org/springframework/core/annotation/MergedAnnotations$SearchStrategy
instanceKlass org/springframework/boot/logging/LogLevel
instanceKlass ch/qos/logback/core/spi/FilterReply
instanceKlass org/springframework/util/ConcurrentReferenceHashMap$TaskOption
instanceKlass org/springframework/util/ConcurrentReferenceHashMap$Restructure
instanceKlass org/springframework/util/ConcurrentReferenceHashMap$ReferenceType
instanceKlass org/springframework/boot/WebApplicationType
instanceKlass org/slf4j/helpers/Reporter$Level
instanceKlass org/slf4j/helpers/Reporter$TargetChoice
instanceKlass ch/qos/logback/core/util/ReentryGuardFactory$GuardType
instanceKlass java/time/format/TextStyle
instanceKlass java/time/format/DateTimeFormatterBuilder$SettingsParser
instanceKlass java/time/format/ResolverStyle
instanceKlass java/time/format/SignStyle
instanceKlass java/time/temporal/JulianFields$Field
instanceKlass java/time/temporal/IsoFields$Unit
instanceKlass java/time/temporal/IsoFields$Field
instanceKlass java/time/temporal/ChronoUnit
instanceKlass java/time/temporal/ChronoField
instanceKlass ch/qos/logback/core/joran/spi/ConsoleTarget
instanceKlass ch/qos/logback/classic/spi/Configurator$ExecutionStatus
instanceKlass java/util/Locale$Category
instanceKlass java/util/stream/StreamShape
instanceKlass java/lang/StackStreamFactory$WalkerState
instanceKlass java/lang/StackWalker$ExtendedOption
instanceKlass java/lang/StackWalker$Option
instanceKlass java/util/regex/Pattern$Qtype
instanceKlass org/apache/logging/log4j/spi/StandardLevel
instanceKlass java/util/stream/StreamOpFlag$Type
instanceKlass java/util/stream/StreamOpFlag
instanceKlass java/lang/invoke/VarHandle$AccessType
instanceKlass java/lang/invoke/VarHandle$AccessMode
instanceKlass java/lang/invoke/MethodHandles$Lookup$ClassOption
instanceKlass java/lang/invoke/MethodHandleImpl$Intrinsic
instanceKlass java/lang/invoke/LambdaForm$BasicType
instanceKlass java/lang/invoke/LambdaForm$Kind
instanceKlass sun/invoke/util/Wrapper
instanceKlass java/util/zip/ZipCoder$Comparison
instanceKlass java/nio/file/LinkOption
instanceKlass sun/nio/fs/WindowsPathType
instanceKlass java/nio/file/StandardOpenOption
instanceKlass java/util/concurrent/TimeUnit
instanceKlass java/io/File$PathStatus
instanceKlass java/lang/module/ModuleDescriptor$Requires$Modifier
instanceKlass java/lang/reflect/AccessFlag$Location
instanceKlass java/lang/reflect/AccessFlag
instanceKlass java/lang/module/ModuleDescriptor$Modifier
instanceKlass java/util/HexFormat$Case
instanceKlass java/lang/reflect/ClassFileFormatVersion
instanceKlass java/lang/Thread$State
ciInstanceKlass java/lang/Enum 1 1 204 9 7 12 1 1 1 9 12 1 1 10 7 12 1 1 1 9 12 1 10 7 12 1 1 1 100 1 10 10 12 1 1 10 12 1 7 1 10 10 7 12 1 1 10 12 1 1 18 12 1 1 10 100 12 1 1 1 10 12 1 1 11 7 12 1 1 1 100 1 8 1 10 12 1 7 1 7 1 10 8 1 10 12 1 1 10 12 1 1 8 1 10 12 1 10 100 1 8 1 10 10 12 1 1 10 100 12 1 1 1 7 1 7 1 7 1 1 1 1 1 1 1 1 1 1 1 1 1 1 1 1 1 1 1 1 1 1 1 1 1 1 1 1 1 1 1 1 1 1 1 1 1 1 1 1 1 1 1 1 1 1 1 3 1 1 1 1 100 1 7 1 1 100 1 1 1 1 1 1 1 1 1 1 1 16 15 10 12 16 15 10 100 12 1 1 1 1 1 100 1 100 1 1
instanceKlass java/lang/ref/ReferenceQueue$Null
instanceKlass java/lang/ref/NativeReferenceQueue
ciInstanceKlass java/lang/ref/ReferenceQueue 1 1 183 9 7 12 1 1 1 11 7 12 1 1 1 11 12 1 9 7 12 1 1 1 11 12 1 10 7 12 1 1 9 12 1 1 7 1 10 9 12 1 1 10 12 1 1 9 7 12 1 1 1 9 12 1 9 12 1 9 12 1 1 100 1 10 9 12 1 1 9 12 1 7 1 10 100 12 1 1 1 10 12 1 10 12 1 1 10 7 12 1 1 1 10 12 1 5 0 10 10 12 10 12 1 1 10 12 1 10 12 1 1 100 1 8 1 10 12 1 10 12 1 10 12 1 1 10 12 11 100 12 1 1 1 10 7 12 1 1 7 1 10 1 1 1 1 1 1 1 1 1 1 100 1 1 1 1 1 1 1 1 1 1 1 1 1 1 1 7 1 1 1 1 1 1 1 1 1 1 1 1 1 1 1
staticfield java/lang/ref/ReferenceQueue NULL Ljava/lang/ref/ReferenceQueue; java/lang/ref/ReferenceQueue$Null
staticfield java/lang/ref/ReferenceQueue ENQUEUED Ljava/lang/ref/ReferenceQueue; java/lang/ref/ReferenceQueue$Null
staticfield java/lang/ref/ReferenceQueue $assertionsDisabled Z 1
ciInstanceKlass java/lang/reflect/Method 1 1 472 9 7 12 1 1 1 10 7 12 1 1 1 10 7 12 1 1 9 12 1 1 10 12 1 1 10 12 1 1 10 7 12 1 1 10 7 12 1 1 1 9 12 1 1 9 12 1 9 12 1 1 9 12 1 9 12 1 9 12 1 1 9 12 1 9 12 1 1 9 12 1 9 12 1 9 12 1 1 100 1 8 1 10 12 1 10 12 1 9 12 1 1 8 1 10 7 12 1 1 10 7 12 1 1 1 10 12 1 1 10 12 1 1 10 12 1 10 12 1 1 10 12 1 1 9 7 12 1 1 1 10 12 1 1 10 12 10 7 12 1 1 10 12 1 1 10 12 1 10 12 1 10 12 1 10 7 12 1 1 1 10 12 1 1 10 7 1 10 7 12 1 1 1 10 7 12 1 1 10 12 1 1 10 12 1 1 10 12 1 10 7 12 1 1 1 10 12 1 10 8 1 10 12 1 10 12 1 7 1 8 1 8 1 8 1 10 12 1 10 12 1 1 10 12 1 1 10 10 12 1 1 10 12 1 11 7 1 10 12 1 9 12 1 1 10 12 1 1 10 12 1 10 12 1 1 10 12 1 1 11 7 12 1 1 1 11 12 1 9 12 1 1 10 12 1 10 12 1 10 12 1 10 12 1 10 12 1 10 12 1 9 12 1 1 10 7 12 1 1 1 10 7 12 1 1 10 12 1 1 10 7 12 1 1 1 10 7 12 1 1 1 10 7 12 1 1 1 11 7 12 1 1 1 10 7 12 1 1 1 7 1 100 1 100 1 10 12 1 10 12 1 1 10 12 1 100 1 8 1 10 12 1 10 10 12 1 1 10 12 1 1 10 12 1 1 10 12 1 1 8 1 10 12 1 1 1 1 1 1 1 1 1 1 1 1 1 1 1 1 1 1 1 1 1 1 1 1 1 1 1 1 1 1 1 1 1 1 1 1 1 1 1 1 1 1 1 1 1 1 1 1 1 1 1 1 1 100 1 100 1 100 1 1 1 1 1 1 1 1 1 1 1 1 1 1 1 1 1 1 1 1 1 1 1 1 1 1 1 1 1 1
ciInstanceKlass java/lang/reflect/Field 1 1 457 9 7 12 1 1 1 10 12 1 1 10 100 12 1 1 1 10 100 12 1 1 9 12 1 1 10 12 1 1 10 12 1 1 10 100 12 1 1 10 7 12 1 1 1 9 12 1 1 9 12 1 9 12 1 9 12 1 1 9 12 1 1 9 12 1 9 12 1 1 9 12 1 1 100 1 8 1 10 12 1 10 12 1 9 12 1 1 9 12 1 10 12 1 10 7 12 1 1 10 12 1 1 10 12 1 1 10 12 1 10 12 1 1 9 100 12 1 1 1 10 100 12 1 1 1 7 1 10 12 1 1 10 12 1 1 10 12 1 1 10 12 1 10 12 1 10 7 1 10 7 12 1 1 7 1 10 8 1 10 12 1 1 10 12 1 1 8 1 10 12 10 12 1 8 1 8 1 10 11 7 1 9 12 1 10 12 1 1 10 12 1 1 11 7 12 1 1 1 10 12 1 11 12 1 1 11 12 1 1 11 12 1 1 11 12 1 1 11 12 1 1 11 12 1 1 11 12 1 1 11 12 1 1 11 12 1 1 11 12 1 1 11 12 1 1 11 12 1 1 11 12 1 1 11 12 1 1 11 12 1 1 11 12 1 1 11 12 1 1 10 12 1 10 7 12 1 1 10 12 1 10 12 1 10 12 1 9 12 1 1 10 7 12 1 1 1 10 12 1 1 10 12 1 10 7 12 1 1 10 12 1 1 11 7 1 10 12 1 7 1 10 100 12 1 1 1 10 7 12 1 1 1 9 12 1 10 7 12 1 1 1 11 7 12 1 1 1 10 12 1 1 10 12 1 1 9 100 12 1 1 10 100 12 1 1 1 10 12 1 1 7 1 1 1 1 1 1 1 1 1 1 1 1 1 1 1 1 1 1 1 1 1 1 1 1 1 1 1 1 1 1 1 1 1 1 1 1 1 1 1 100 1 1 1 1 1 1 1 1 1 1 1 1 1 1 1 1 1 1 1 1 1 1 1 1 1 1 1 1 1 1 1 1 7 1 1 1 1 1 1 1 1 1 100 1 1
ciInstanceKlass java/lang/reflect/Parameter 1 1 243 10 7 12 1 1 1 9 7 12 1 1 1 9 12 1 1 9 12 1 1 9 12 1 10 12 1 1 10 12 1 1 10 7 12 1 1 1 7 1 10 10 12 1 1 11 7 12 1 1 1 10 12 1 10 100 12 1 1 1 10 12 1 1 10 12 1 10 12 1 8 1 8 1 10 7 12 1 1 1 10 12 1 10 12 9 100 12 1 1 1 10 100 12 1 1 1 10 12 1 8 1 10 12 1 9 12 1 1 10 12 1 1 9 12 1 1 10 12 1 1 10 12 1 1 10 12 1 1 10 12 1 10 10 12 1 10 100 12 1 1 1 10 12 1 1 11 7 12 1 1 10 7 12 1 1 7 1 10 100 12 1 1 1 10 12 1 1 10 12 1 1 10 12 1 1 10 12 1 1 9 12 1 100 1 10 11 12 1 1 11 12 1 1 7 1 1 1 1 1 1 1 1 1 1 1 1 1 1 1 1 1 1 1 1 1 1 1 1 1 1 1 1 1 1 1 1 1 1 1 1 1 1 1 1 1 100 1 1 1 1 1 1
ciInstanceKlass java/lang/reflect/RecordComponent 0 0 196 10 7 12 1 1 1 9 7 12 1 1 1 9 12 1 1 9 12 1 10 12 1 1 10 12 1 1 10 100 12 1 1 1 10 12 1 1 9 12 1 1 10 12 1 1 10 12 1 1 10 12 1 10 100 12 1 1 10 100 12 1 1 9 12 1 1 10 100 12 1 1 1 11 100 12 1 1 1 10 9 100 12 1 1 1 10 100 12 1 1 1 9 12 1 1 10 100 12 1 1 1 10 12 1 1 11 7 12 1 1 10 7 12 1 1 7 1 9 12 1 9 12 1 1 9 12 1 10 100 12 1 1 1 10 12 1 1 10 12 1 1 7 1 10 10 12 1 10 12 1 1 8 1 10 12 1 10 12 1 9 12 1 7 1 1 1 1 1 1 1 1 1 1 1 1 1 1 1 1 1 1 1 1 1 1 7 1 1 1 1 1 1 100 1 1
ciInstanceKlass java/lang/StringBuffer 1 1 483 10 7 12 1 1 1 10 12 1 10 12 1 10 12 1 1 9 7 12 1 1 1 10 12 1 1 10 12 1 10 12 1 1 9 12 1 1 10 12 1 10 12 1 1 10 12 1 1 10 12 1 10 12 1 1 10 12 1 10 12 1 1 10 12 1 1 10 7 12 1 1 1 10 12 1 1 10 12 1 10 12 1 10 12 1 10 12 1 10 12 1 10 12 1 10 12 1 10 12 1 10 12 1 10 12 1 10 12 1 10 12 1 10 12 1 10 12 1 1 10 12 1 10 12 1 1 10 12 1 1 10 10 12 1 1 10 12 1 10 12 1 10 12 1 10 12 1 10 12 1 10 12 1 10 12 10 12 1 10 12 1 10 12 1 10 12 1 1 10 12 1 10 12 1 10 10 12 1 1 10 12 1 10 12 1 10 12 1 10 10 100 12 1 1 1 10 10 12 1 1 9 12 1 1 10 100 12 1 1 10 100 1 8 10 100 12 1 1 1 8 10 12 1 8 1 10 12 1 10 12 1 10 100 12 1 1 1 10 100 12 1 1 1 7 1 10 12 100 1 8 1 10 10 12 1 1 10 12 1 1 10 12 1 10 12 1 10 12 1 1 10 12 1 10 12 1 10 12 1 10 12 1 10 12 1 10 12 10 12 1 10 12 1 10 12 1 10 12 1 10 12 1 10 12 1 10 12 1 10 12 1 10 12 1 10 12 1 10 12 10 12 10 12 1 10 12 1 10 12 1 10 12 10 12 1 10 12 1 10 12 1 10 12 1 10 12 1 10 12 1 10 12 1 10 12 1 10 12 1 10 12 1 10 12 1 7 1 10 12 1 9 7 12 1 1 1 9 7 1 9 12 1 1 7 1 7 1 7 1 7 1 1 1 1 5 0 1 1 1 1 1 1 1 1 1 1 1 1 1 1 1 1 1 1 1 1 1 1 1 1 1 1 1 1 1 1 1 1 1 1 1 1 1 1 1 1 1 1 1 1 1 1 1 1 1 1 1 1 1 1 1 1 1 1 1 1 1 100 1 1 1 1 1 7 1 1 1 1 1 1 1 1 1 1 1 1 1 1 1 1 1 1
staticfield java/lang/StringBuffer serialPersistentFields [Ljava/io/ObjectStreamField; 3 [Ljava/io/ObjectStreamField;
instanceKlass jdk/internal/loader/BuiltinClassLoader
instanceKlass java/net/URLClassLoader
ciInstanceKlass java/security/SecureClassLoader 1 1 102 10 7 12 1 1 1 7 1 10 12 1 9 7 12 1 1 1 10 12 1 10 12 1 10 12 1 1 10 12 1 1 10 12 1 7 1 10 7 1 10 12 1 7 1 10 12 1 11 7 12 1 1 1 7 1 11 12 1 10 12 1 1 1 1 1 1 1 1 1 1 1 1 1 1 1 1 1 1 1 1 1 1 1 1 1 1 1 1 1 1 1 1 1 1 1 1 100 1 1 1 1
instanceKlass org/apache/catalina/loader/WebappClassLoaderBase
instanceKlass org/springframework/boot/devtools/restart/classloader/RestartClassLoader
ciInstanceKlass java/net/URLClassLoader 1 1 600 10 7 12 1 1 1 7 1 10 12 1 9 7 12 1 1 1 10 7 12 1 1 1 9 12 1 1 7 1 10 12 1 9 12 1 1 10 12 1 10 10 12 1 10 7 12 1 1 1 10 12 1 1 10 7 12 1 1 1 10 7 12 1 1 1 7 1 10 12 1 1 10 12 1 1 10 12 1 1 7 1 100 1 10 7 12 1 1 1 100 1 8 1 10 12 1 10 7 12 1 1 1 10 12 1 1 10 12 1 1 11 7 12 1 1 1 11 7 12 1 1 1 11 12 1 1 7 1 11 12 1 11 7 12 1 1 10 12 1 11 12 1 11 12 1 1 11 10 12 1 1 10 12 1 1 10 12 1 1 7 1 10 12 1 10 12 1 1 7 1 100 1 10 12 1 1 7 1 10 10 12 1 1 10 7 12 1 1 10 12 1 100 1 7 1 10 8 1 10 12 1 1 8 1 10 12 1 1 10 10 12 1 8 1 8 1 10 12 1 1 10 7 12 1 1 1 10 7 12 1 1 1 10 12 1 1 10 12 1 1 10 12 1 1 10 12 1 10 12 1 100 1 100 1 8 1 10 12 1 10 12 1 1 10 12 1 1 7 1 10 12 1 10 7 12 1 1 1 10 12 1 1 10 12 1 1 10 12 1 1 10 12 1 10 100 12 1 1 1 10 12 1 1 8 1 10 12 1 1 11 100 12 1 1 1 9 100 12 1 1 1 10 100 12 1 1 1 9 12 1 9 12 1 9 12 1 9 12 1 9 12 1 9 12 1 10 7 12 1 1 1 8 1 10 12 1 1 7 1 10 10 12 1 10 12 1 1 10 12 1 1 100 1 10 12 1 10 12 1 1 10 12 1 10 12 1 1 7 1 10 7 12 1 1 9 7 12 1 1 1 10 12 1 8 1 100 1 8 1 10 12 1 10 12 1 8 1 10 12 1 10 12 1 9 12 1 1 10 100 12 1 1 10 12 1 10 12 1 10 100 1 8 1 10 100 1 10 12 1 10 7 12 1 100 1 10 12 1 10 12 1 100 1 10 10 7 12 1 1 1 1 1 1 1 1 1 1 1 1 1 1 1 1 1 1 1 1 1 1 1 1 1 1 1 1 1 1 1 1 1 1 1 1 1 7 1 100 1 7 1 7 1 1 1 1 1 1 1 1 1 1 1 1 1 1 1 1 1 1 1 1 1 1 1 1 1 1 1 1 1 1 1 1 1 1 1 1 1 1 1 1 1 1 1 1 1 1 100 1 1 1 1 1 1 1 1 1 1 1 1 1 1 1 1 1 1 1 1 1 1 1 1 1 1 1 1 1 1 1 1 1 1 1 1 1 100 1 1 1
ciInstanceKlass java/util/jar/Manifest 1 1 339 10 7 12 1 1 1 7 1 10 9 7 12 1 1 1 7 1 10 9 12 1 1 9 12 1 1 10 12 1 10 12 1 1 10 12 1 1 10 12 1 1 10 12 1 1 11 7 1 11 12 1 1 10 12 1 1 10 100 12 1 1 1 100 1 7 1 10 8 1 10 12 1 1 10 12 1 1 10 12 1 10 12 1 11 100 1 10 12 1 10 12 1 1 11 12 1 1 10 12 1 11 12 1 1 11 100 12 1 1 1 11 7 12 1 1 11 12 1 1 100 1 10 12 1 8 1 11 12 1 7 1 10 12 1 1 11 12 1 10 12 1 10 12 1 10 7 12 1 1 1 8 1 10 12 1 1 10 9 7 12 1 1 1 10 12 1 1 10 100 12 1 10 12 1 10 12 1 9 100 12 1 1 1 8 1 10 12 1 8 1 8 1 7 1 10 12 1 10 12 1 10 12 1 1 100 1 8 1 10 12 1 1 8 1 10 10 12 1 1 8 1 10 12 1 1 10 7 12 1 1 1 10 12 1 10 11 12 1 1 10 12 1 10 7 12 1 1 1 10 12 1 1 10 12 1 10 12 1 1 11 10 12 1 11 10 12 1 7 1 1 1 1 1 1 1 1 1 1 1 1 1 1 1 1 1 1 1 1 1 1 1 1 1 1 1 1 1 1 1 1 1 1 1 1 1 1 1 1 1 1 1 100 1 1 1 1 1 1 1 1 1 1 1 1 1 1 7 1 1 1 1 1 1 1 1 1 1 1
ciInstanceKlass java/io/ByteArrayInputStream 1 1 135 10 7 12 1 1 1 9 7 12 1 1 1 9 12 1 1 9 12 1 9 12 1 10 100 12 1 1 1 10 7 12 1 1 1 10 7 12 1 1 1 10 100 12 1 1 1 10 12 1 1 10 100 12 1 1 1 100 1 100 1 100 1 3 10 100 1 10 100 12 1 1 1 9 12 1 1 100 1 10 10 7 12 1 1 1 1 1 1 1 1 1 1 1 1 1 1 1 1 1 1 1 1 1 1 1 1 1 1 1 1 1 1 1 1 1 1 1 100 1 100 1 1 1 1 1 1 1 1 1 1 1 1 1 1
staticfield java/io/ByteArrayInputStream $assertionsDisabled Z 1
instanceKlass java/nio/IntBuffer
instanceKlass java/nio/LongBuffer
instanceKlass java/nio/CharBuffer
instanceKlass java/nio/ByteBuffer
ciInstanceKlass java/nio/Buffer 1 1 256 100 1 10 7 12 1 1 1 9 7 12 1 1 1 9 12 1 9 12 1 1 9 12 1 9 12 1 1 10 12 1 1 10 12 1 1 10 12 100 1 7 1 10 8 1 10 12 1 1 10 12 1 8 1 8 1 10 12 1 1 10 12 1 8 1 9 12 1 1 100 1 8 1 10 12 1 8 1 8 1 9 12 10 12 1 8 1 8 1 8 1 10 12 1 8 1 8 1 8 1 100 1 10 100 1 10 100 1 10 9 12 1 1 10 7 12 1 1 1 100 1 10 12 1 1 10 12 1 10 100 12 1 1 10 7 12 1 1 1 10 7 12 1 1 1 9 12 1 1 10 7 12 1 1 1 9 12 1 1 7 1 10 10 12 1 1 7 1 10 10 7 12 1 1 1 1 1 3 1 1 1 1 1 1 1 1 1 1 1 1 1 1 100 1 1 1 1 1 1 1 7 1 1 1 1 1 1 1 1 1 1 1 1 1 1 1 1 1 1 1 1 1 1 1 1 1 1 1 1 1 1 1 1 1 1 1 1 1 1 1 100 1 100 1 100 1 100 1 100 1 100 1 100 1 1
staticfield java/nio/Buffer UNSAFE Ljdk/internal/misc/Unsafe; jdk/internal/misc/Unsafe
staticfield java/nio/Buffer SCOPED_MEMORY_ACCESS Ljdk/internal/misc/ScopedMemoryAccess; jdk/internal/misc/ScopedMemoryAccess
staticfield java/nio/Buffer IOOBE_FORMATTER Ljava/util/function/BiFunction; jdk/internal/util/Preconditions$4
staticfield java/nio/Buffer $assertionsDisabled Z 1
instanceKlass java/util/AbstractSequentialList
instanceKlass java/util/Collections$CopiesList
instanceKlass sun/security/jca/ProviderList$3
instanceKlass java/util/Vector
instanceKlass java/util/ArrayList$SubList
instanceKlass java/util/Collections$SingletonList
instanceKlass java/util/Arrays$ArrayList
instanceKlass java/util/Collections$EmptyList
instanceKlass java/util/ArrayList
ciInstanceKlass java/util/AbstractList 1 1 218 10 7 12 1 1 1 9 7 12 1 1 1 10 12 1 1 10 12 1 1 100 1 10 10 12 1 1 11 7 12 1 1 1 11 12 1 1 11 12 1 10 7 12 1 1 1 10 12 1 11 12 1 11 12 1 11 12 1 10 12 1 1 10 12 1 1 11 7 12 1 1 1 11 7 1 11 7 1 10 12 1 7 1 10 12 1 10 12 1 1 7 1 100 1 10 12 1 100 1 10 100 1 7 1 10 8 1 10 12 1 1 10 12 1 10 12 1 1 10 12 1 8 1 100 1 8 1 8 1 8 1 10 7 1 11 10 10 12 1 11 12 1 10 12 1 1 8 1 8 1 1 1 1 1 1 1 1 1 1 1 1 1 1 1 1 1 1 1 1 1 1 1 1 1 1 1 1 1 1 1 1 1 1 1 1 1 1 1 1 1 1 1 1 1 1 1 1 1 1 1 1 1 1 1 1 1 1 100 1 100 1 1 1 1 1 1 1
ciInstanceKlass java/lang/Iterable 1 1 62 10 7 12 1 1 1 11 7 12 1 1 1 11 7 12 1 1 1 11 12 1 1 11 7 12 1 1 1 10 7 12 1 1 1 100 1 1 1 1 1 1 1 1 1 1 1 1 1 1 1 1 1 1 1 1 1 1 1 1 1 1
ciInstanceKlass java/util/Collection 1 1 115 11 100 12 1 1 1 100 1 11 7 12 1 1 1 10 7 12 1 1 1 11 12 1 1 11 7 12 1 1 1 11 12 1 1 11 7 12 1 1 1 11 12 1 1 10 100 12 1 1 1 11 12 1 10 7 12 1 1 1 100 1 100 1 1 1 1 1 1 1 1 1 1 1 1 1 1 1 1 1 1 1 1 1 1 1 1 1 1 1 1 1 1 1 1 1 1 1 1 1 1 1 1 1 1 1 1 1 1 1 1 1 1 1 1
ciInstanceKlass java/util/SequencedCollection 1 1 109 100 1 10 12 1 1 11 7 12 1 1 1 11 7 12 1 1 1 11 12 1 1 11 12 1 7 1 7 1 1 1 1 1 1 1 1 1 1 1 1 1 1 1 1 1 1 1 1 1 1 1 1 1 1 1 1 1 100 1 8 1 1 12 10 1 1 1 8 1 1 1 8 1 1 1 8 1 1 1 8 1 1 8 1 1 1 8 1 1 8 1 1 1 8 1 1 8 1 1 1 8 1 1 8 1 1 8 1
ciInstanceKlass java/util/List 1 1 251 10 100 12 1 1 1 11 100 12 1 1 1 11 100 12 1 1 1 11 12 1 1 11 100 12 1 1 11 12 1 1 11 12 1 1 10 100 12 1 1 1 7 1 7 1 10 12 1 1 100 1 10 100 12 1 1 1 11 12 1 1 11 12 1 11 12 1 100 1 10 12 1 11 12 1 1 11 12 1 1 11 12 1 10 100 12 1 1 1 9 7 12 1 1 1 7 1 10 12 10 12 1 7 1 10 12 1 1 10 12 1 10 12 1 1 11 12 1 1 100 1 1 1 1 1 1 1 1 1 1 1 1 1 1 1 1 1 1 1 1 1 1 1 1 1 1 1 1 1 1 1 1 1 1 1 1 1 1 1 1 1 1 1 1 100 1 100 1 1 1 1 1 1 1 1 1 1 1 1 1 1 1 1 1 1 1 1 1 1 1 1 1 1 1 1 1 1 1 1 1 1 1 1 1 1 1 1 1 1 1 1 1 1 1 1 1 1 1 1 1 1 1 1 1 1 1 1 1 1 1 1 1 1 1 1 1 1 1 1 1 1 1 1 100 1 1 100 1 1 1
instanceKlass org/springframework/boot/web/servlet/ServletContextInitializerBeans
instanceKlass java/util/TreeMap$Values
instanceKlass tools/jackson/databind/util/internal/LinkedDeque
instanceKlass java/util/concurrent/ConcurrentLinkedDeque
instanceKlass java/util/LinkedHashMap$LinkedValues
instanceKlass java/util/IdentityHashMap$Values
instanceKlass java/util/AbstractQueue
instanceKlass java/util/HashMap$Values
instanceKlass java/util/ArrayDeque
instanceKlass java/util/AbstractSet
instanceKlass java/util/ImmutableCollections$AbstractImmutableCollection
instanceKlass java/util/AbstractList
ciInstanceKlass java/util/AbstractCollection 1 1 160 10 7 12 1 1 1 10 7 12 1 1 1 10 12 1 1 11 7 12 1 1 1 11 12 1 1 10 12 1 1 10 100 12 1 1 1 10 12 1 1 10 12 1 1 10 7 12 1 1 10 7 12 1 1 1 7 1 10 7 12 1 1 1 10 100 12 1 1 1 100 1 10 11 12 1 11 7 1 10 12 1 10 12 1 10 7 12 1 1 1 11 8 1 7 1 10 10 12 1 1 8 1 10 12 1 10 12 1 1 1 1 1 1 1 1 1 1 1 1 1 1 1 1 1 1 1 1 1 1 1 1 1 1 1 1 1 1 1 1 1 1 1 1 1 1 1 1 1 1 1 1 1 1 1 1 1 1 1 1
ciMethod java/util/AbstractCollection add (Ljava/lang/Object;)Z 0 0 1 0 -1
ciInstanceKlass java/lang/AssertionStatusDirectives 0 0 24 10 100 12 1 1 1 100 1 1 1 1 1 1 1 1 1 1 1 1 1 1 1 1
instanceKlass org/springframework/expression/spel/InternalParseException
instanceKlass java/lang/invoke/WrongMethodTypeException
instanceKlass org/springframework/boot/diagnostics/FailureAnalyzedException
instanceKlass org/springframework/boot/context/properties/source/MutuallyExclusiveConfigurationPropertiesException
instanceKlass org/springframework/boot/context/properties/bind/validation/BindValidationException
instanceKlass org/springframework/boot/context/properties/IncompatibleConfigurationException
instanceKlass org/thymeleaf/exceptions/TemplateAssertionException
instanceKlass java/nio/BufferOverflowException
instanceKlass org/springframework/validation/method/MethodValidationException
instanceKlass org/thymeleaf/exceptions/TemplateEngineException
instanceKlass org/apache/tomcat/util/threads/StopPooledThreadException
instanceKlass java/nio/BufferUnderflowException
instanceKlass org/apache/coyote/ProtocolException
instanceKlass java/lang/WrongThreadException
instanceKlass javax/management/JMRuntimeException
instanceKlass org/springframework/boot/autoconfigure/ssl/BundleContentNotWatchableException
instanceKlass org/springframework/boot/ssl/NoSuchSslBundleException
instanceKlass org/springframework/boot/web/server/WebServerException
instanceKlass org/springframework/context/NoSuchMessageException
instanceKlass org/springframework/boot/autoconfigure/condition/OnBeanCondition$BeanTypeDeductionException
instanceKlass java/security/ProviderException
instanceKlass org/apache/juli/logging/LogConfigurationException
instanceKlass org/springframework/expression/ExpressionException
instanceKlass java/util/concurrent/CompletionException
instanceKlass java/lang/reflect/MalformedParametersException
instanceKlass java/nio/file/FileSystemNotFoundException
instanceKlass tools/jackson/core/JacksonException
instanceKlass jdk/internal/org/jline/reader/EndOfFileException
instanceKlass jdk/internal/org/jline/terminal/impl/jna/LastErrorException
instanceKlass org/springframework/boot/context/properties/bind/UnboundConfigurationPropertiesException
instanceKlass org/springframework/boot/context/properties/bind/BindException
instanceKlass org/springframework/boot/context/config/ConfigDataException
instanceKlass java/time/DateTimeException
instanceKlass org/springframework/boot/context/properties/source/InvalidConfigurationPropertyValueException
instanceKlass java/util/MissingResourceException
instanceKlass org/springframework/cglib/core/ClassNameReader$EarlyExitException
instanceKlass org/springframework/boot/devtools/restart/SilentExitExceptionHandler$SilentExitException
instanceKlass java/lang/reflect/InaccessibleObjectException
instanceKlass java/util/concurrent/RejectedExecutionException
instanceKlass org/springframework/core/NestedRuntimeException
instanceKlass java/lang/TypeNotPresentException
instanceKlass org/springframework/boot/context/properties/source/InvalidConfigurationPropertyNameException
instanceKlass java/lang/reflect/UndeclaredThrowableException
instanceKlass java/io/UncheckedIOException
instanceKlass ch/qos/logback/core/LogbackException
instanceKlass java/lang/IndexOutOfBoundsException
instanceKlass java/lang/UnsupportedOperationException
instanceKlass java/util/ConcurrentModificationException
instanceKlass java/util/NoSuchElementException
instanceKlass org/apache/logging/log4j/util/InternalException
instanceKlass org/apache/logging/log4j/LoggingException
instanceKlass java/lang/SecurityException
instanceKlass org/apache/commons/logging/LogConfigurationException
instanceKlass java/lang/IllegalStateException
instanceKlass org/springframework/boot/SpringApplication$AbandonedRunException
instanceKlass org/springframework/boot/AotInitializerNotFoundException
instanceKlass java/lang/IllegalArgumentException
instanceKlass java/lang/ArithmeticException
instanceKlass java/lang/NullPointerException
instanceKlass java/lang/IllegalMonitorStateException
instanceKlass java/lang/ArrayStoreException
instanceKlass java/lang/ClassCastException
ciInstanceKlass java/lang/RuntimeException 1 1 40 10 7 12 1 1 1 10 12 1 10 12 1 10 12 1 10 12 1 100 1 1 1 1 5 0 1 1 1 1 1 1 1 1 1 1 1 1 1 1
instanceKlass org/springframework/expression/spel/support/ReflectivePropertyAccessor$InvokerPair
instanceKlass org/springframework/expression/spel/support/ReflectivePropertyAccessor$PropertyCacheKey
instanceKlass jdk/internal/misc/ThreadTracker$ThreadRef
instanceKlass org/apache/catalina/session/ManagerBase$SessionTiming
instanceKlass org/springframework/web/util/RfcUriParser$UriRecord
instanceKlass org/springframework/expression/spel/ast/MethodReference$CachedMethodExecutor
instanceKlass org/springframework/expression/spel/ast/MethodReference$MethodExecutorSearchResult
instanceKlass org/apache/catalina/core/ContainerBase$StopChild
instanceKlass org/apache/catalina/core/ApplicationMapping$MappingImpl
instanceKlass jdk/net/UnixDomainPrincipal
instanceKlass org/springframework/context/support/DefaultLifecycleProcessor$LifecycleGroupMember
instanceKlass org/springframework/util/ConcurrentLruCache$CacheEntry
instanceKlass org/apache/catalina/mapper/WrapperMappingInfo
instanceKlass org/apache/tomcat/util/threads/TaskThread$WrappingRunnable
instanceKlass org/apache/catalina/core/StandardContext$NoPluggabilityServletContext
instanceKlass org/apache/tomcat/websocket/server/WsSessionListener
instanceKlass org/apache/catalina/core/DefaultInstanceManager$AnnotationCacheEntry
instanceKlass org/apache/catalina/core/ContainerBase$StartChild
instanceKlass org/springframework/boot/autoconfigure/ssl/BundleContentProperty
instanceKlass org/springframework/boot/autoconfigure/ssl/SslPropertiesBundleRegistrar$Bundle
instanceKlass org/springframework/boot/web/server/Ssl$ServerNameSslBundle
instanceKlass org/springframework/aop/framework/autoproxy/AbstractAutoProxyCreator$ComposedCacheKey
instanceKlass org/springframework/util/PlaceholderParser$ParsedValue
instanceKlass org/springframework/util/PlaceholderParser$ParsedSection
instanceKlass org/springframework/boot/autoconfigure/condition/OnBeanCondition$BeanType
instanceKlass java/nio/DirectByteBuffer$Deallocator
instanceKlass org/springframework/boot/context/properties/bind/JavaBeanBinder$Bean$CacheKey
instanceKlass org/springframework/boot/autoconfigure/preinitialize/BackgroundPreinitializingApplicationListener$Runner
instanceKlass org/springframework/boot/SpringApplicationShutdownHook$Handler
instanceKlass java/lang/reflect/Executable$ParameterData
instanceKlass org/springframework/boot/context/properties/bind/ValueObjectBinder$ValueObject$CacheKey
instanceKlass org/springframework/boot/context/properties/source/SoftReferenceConfigurationPropertyCache$ActiveCacheOverride
instanceKlass org/springframework/boot/context/properties/source/SpringIterableConfigurationPropertySource$Cache$Data
instanceKlass org/springframework/boot/support/SpringFactoriesEnvironmentPostProcessorsFactory$Adapter
instanceKlass java/util/stream/Collectors$CollectorImpl
instanceKlass java/lang/reflect/Proxy$ProxyBuilder$ProxyClassContext
instanceKlass org/springframework/core/io/support/SpringFactoriesLoader$Factories
instanceKlass java/security/SecureClassLoader$CodeSourceKey
instanceKlass jdk/internal/reflect/ReflectionFactory$Config
instanceKlass jdk/internal/foreign/abi/UpcallLinker$CallRegs
instanceKlass jdk/internal/foreign/abi/VMStorage
ciInstanceKlass java/lang/Record 1 1 22 10 7 12 1 1 1 100 1 1 1 1 1 1 1 1 1 1 1 1 1 1
ciInstanceKlass java/lang/invoke/MethodType 1 1 780 7 1 10 7 12 1 1 1 9 12 1 1 9 12 1 1 9 12 1 1 10 7 12 1 1 1 9 7 12 1 1 8 1 10 100 12 1 1 1 9 7 1 9 7 1 10 12 1 1 7 1 10 8 1 10 12 1 1 10 12 1 10 12 1 1 7 1 8 1 10 12 1 100 1 10 10 12 1 10 12 1 1 10 12 1 1 11 7 12 1 1 1 9 12 1 11 12 1 1 7 10 12 1 1 10 12 1 1 7 1 7 1 10 7 12 1 1 1 10 12 1 10 12 1 9 12 1 1 10 7 12 1 1 10 12 1 1 10 7 12 1 1 1 10 7 12 1 1 1 10 12 1 9 12 1 1 10 12 1 1 10 12 1 1 10 12 1 1 10 12 1 1 10 12 1 1 10 12 1 10 12 1 10 12 1 1 10 12 1 8 1 8 1 10 12 1 1 9 12 1 1 100 1 10 10 12 1 1 10 12 1 10 12 1 1 10 12 1 1 10 12 1 10 12 1 10 12 1 8 1 10 12 1 1 10 7 12 1 1 1 10 12 1 10 12 1 1 10 12 1 10 12 1 10 12 1 1 10 12 1 10 12 1 9 12 1 10 12 1 10 10 12 1 1 10 12 1 9 12 1 1 10 12 1 1 11 12 1 1 10 12 1 1 10 12 1 10 12 1 100 1 8 1 8 1 8 1 10 12 1 10 12 1 10 12 1 1 10 10 12 1 11 12 1 1 11 12 1 10 100 12 1 1 1 9 12 1 10 12 1 10 12 1 1 10 12 1 1 10 12 1 10 12 1 10 100 12 1 1 1 10 12 1 1 10 12 1 10 12 1 10 12 1 10 9 12 1 1 7 1 10 12 1 10 12 1 1 9 100 12 1 1 1 10 7 12 1 1 1 10 7 12 1 1 1 10 12 1 1 10 7 12 1 1 1 10 12 1 1 8 1 10 7 12 1 1 1 11 12 1 1 9 12 1 1 10 12 1 1 10 12 1 10 12 1 1 10 12 1 1 10 100 12 1 1 100 1 10 12 1 1 11 100 12 1 1 18 12 1 1 11 12 1 1 18 12 1 11 12 1 100 1 11 100 12 1 1 10 12 1 100 1 10 12 1 10 100 12 1 1 10 12 1 1 9 12 1 1 9 100 12 1 1 1 10 7 12 1 1 1 9 12 1 10 100 12 1 1 10 12 1 100 10 12 1 1 10 12 1 7 1 10 10 12 1 1 7 1 7 1 9 12 1 1 7 1 7 1 7 1 1 1 5 0 1 1 1 1 1 1 1 3 1 3 1 3 1 1 1 1 1 1 1 1 1 1 1 1 1 1 1 1 1 1 1 1 1 1 1 1 1 1 1 1 1 1 1 1 1 1 1 1 1 1 1 1 1 1 1 1 1 1 1 1 1 1 1 1 1 1 1 1 1 1 1 1 1 1 1 1 1 1 1 1 1 1 1 1 1 1 1 1 1 1 1 1 1 1 1 1 1 1 1 1 1 1 1 1 1 1 1 1 1 1 1 1 1 1 1 1 1 1 1 1 1 1 1 1 1 1 1 1 1 1 1 1 1 1 1 1 1 1 1 1 1 1 100 1 100 1 1 1 1 1 1 1 1 1 1 1 1 1 100 1 1 1 7 1 1 1 1 1 1 1 1 1 1 1 1 1 1 1 1 1 1 1 1 1 1 16 15 10 12 16 16 15 10 12 16 15 10 100 12 1 1 1 1 1 7 1 1 7 1 1 100 1 100 1 1
staticfield java/lang/invoke/MethodType internTable Ljdk/internal/util/ReferencedKeySet; jdk/internal/util/ReferencedKeySet
staticfield java/lang/invoke/MethodType NO_PTYPES [Ljava/lang/Class; 0 [Ljava/lang/Class;
staticfield java/lang/invoke/MethodType objectOnlyTypes [Ljava/lang/invoke/MethodType; 20 [Ljava/lang/invoke/MethodType;
staticfield java/lang/invoke/MethodType METHOD_HANDLE_ARRAY [Ljava/lang/Class; 1 [Ljava/lang/Class;
staticfield java/lang/invoke/MethodType serialPersistentFields [Ljava/io/ObjectStreamField; 0 [Ljava/io/ObjectStreamField;
staticfield java/lang/invoke/MethodType $assertionsDisabled Z 1
ciInstanceKlass java/lang/invoke/TypeDescriptor$OfMethod 1 0 43 100 1 100 1 100 1 1 1 1 1 1 1 1 1 1 1 1 1 1 1 1 1 1 1 1 1 1 1 1 1 1 1 1 1 1 1 1 1 1 100 1 1
instanceKlass java/lang/IllegalAccessException
instanceKlass java/lang/InstantiationException
instanceKlass java/lang/reflect/InvocationTargetException
instanceKlass java/lang/NoSuchFieldException
instanceKlass java/lang/NoSuchMethodException
instanceKlass java/lang/ClassNotFoundException
ciInstanceKlass java/lang/ReflectiveOperationException 1 1 34 10 7 12 1 1 1 10 12 1 10 12 1 10 12 1 100 1 1 1 1 5 0 1 1 1 1 1 1 1 1 1 1 1
instanceKlass java/lang/invoke/DelegatingMethodHandle
instanceKlass java/lang/invoke/BoundMethodHandle
instanceKlass java/lang/invoke/DirectMethodHandle
ciInstanceKlass java/lang/invoke/MethodHandle 1 1 736 100 1 9 7 12 1 1 1 10 7 12 1 1 1 10 7 12 1 1 1 7 1 7 1 10 12 1 1 9 12 1 1 10 12 1 10 12 1 1 10 12 1 1 10 100 12 1 1 1 10 12 1 1 10 12 1 1 11 7 12 1 1 1 10 12 1 1 10 12 1 10 12 1 10 12 1 1 9 12 1 1 9 12 1 1 10 7 12 1 1 1 10 12 1 1 10 12 1 10 12 1 100 1 7 1 10 8 1 10 12 1 1 10 12 1 8 1 10 12 1 1 10 12 1 10 7 12 1 1 1 10 12 1 1 10 12 1 1 10 12 1 1 10 7 12 1 1 1 10 12 1 1 10 12 1 1 10 12 1 10 12 1 1 10 7 12 1 1 10 7 12 1 1 10 12 1 10 12 1 10 12 1 1 10 12 1 1 10 12 1 1 10 12 1 1 10 7 12 1 1 1 10 7 12 1 1 1 10 12 1 1 10 12 1 1 10 12 1 1 8 1 10 7 12 1 1 1 8 1 10 12 1 10 12 1 1 10 12 1 1 10 12 1 8 1 10 12 1 1 8 1 10 12 1 8 1 10 7 12 1 1 1 9 12 1 1 100 1 10 9 7 12 1 1 1 9 7 1 8 1 10 12 1 1 10 12 1 10 12 1 1 10 12 1 10 12 1 1 10 12 1 10 12 1 1 10 12 1 10 12 1 1 10 12 1 1 8 1 10 12 1 1 8 1 10 12 1 10 12 1 1 10 12 1 10 12 1 10 12 1 1 9 100 12 1 1 1 10 12 1 1 11 12 1 10 12 1 10 12 1 1 10 100 12 1 1 100 1 11 12 1 10 100 1 11 12 1 7 1 10 12 1 11 12 1 9 100 12 1 1 1 11 12 1 1 11 100 12 1 1 1 10 12 1 1 9 12 1 11 12 1 9 12 1 9 12 1 9 12 1 11 12 1 1 9 12 1 9 12 1 9 12 1 9 12 1 9 12 1 9 12 1 9 12 1 8 1 10 12 1 10 12 1 8 1 10 12 1 10 12 1 10 12 1 1 10 10 10 7 12 1 1 10 12 1 1 100 1 100 1 8 1 8 1 10 10 12 1 1 10 12 1 10 12 1 7 1 10 100 12 1 1 1 10 9 7 12 1 1 1 10 12 1 1 10 12 1 1 8 1 8 1 10 7 12 1 1 9 12 1 9 12 1 1 9 12 1 1 10 12 1 7 1 10 12 1 10 12 1 1 9 12 1 1 9 12 1 1 10 7 12 1 1 1 11 7 12 1 1 9 12 1 10 12 1 1 10 12 1 9 12 1 10 12 1 8 10 12 1 1 8 1 1 1 1 1 1 1 1 7 1 1 1 1 1 1 1 1 1 1 1 1 1 1 1 1 1 1 1 1 1 1 1 1 1 1 1 1 1 1 100 1 1 1 1 1 1 1 1 1 1 1 1 1 1 1 1 1 1 1 1 1 1 1 1 1 1 1 1 1 1 1 1 1 1 1 1 1 1 1 1 1 1 1 1 1 1 1 1 1 1 1 1 1 1 1 1 1 1 1 1 1 1 1 1 1 1 1 1 1 1 1 1 1 1 1 1 1 1 1 1 1 1 1 1 1 1 100 1 1 100 1 7 1 100 1 1 100 1 1 100 1 1 1 1
staticfield java/lang/invoke/MethodHandle FORM_OFFSET J 20
staticfield java/lang/invoke/MethodHandle UPDATE_OFFSET J 13
staticfield java/lang/invoke/MethodHandle $assertionsDisabled Z 1
instanceKlass tools/jackson/core/util/InternCache
ciInstanceKlass java/util/concurrent/ConcurrentHashMap 1 1 1210 7 1 7 1 3 10 12 1 1 3 7 1 10 7 12 1 1 1 7 1 10 7 12 1 1 1 100 1 11 12 1 1 11 12 1 11 12 1 1 9 12 1 1 9 12 1 1 9 12 1 10 7 12 1 1 1 7 1 10 12 1 1 10 12 1 1 10 7 12 1 1 1 4 10 12 1 9 12 1 10 12 1 1 100 1 10 5 0 10 12 1 10 12 1 1 5 0 10 12 1 1 10 12 1 9 12 1 1 10 12 1 1 9 12 1 9 12 1 1 10 12 1 1 9 12 1 10 12 1 1 9 12 1 1 10 12 1 1 100 1 10 7 1 10 12 1 10 12 1 1 10 12 1 1 10 12 1 1 10 12 1 10 12 1 1 10 12 1 1 100 1 10 12 1 1 7 1 100 1 8 1 10 12 1 10 12 1 1 10 12 1 1 11 7 12 1 1 10 12 1 1 11 12 1 1 11 7 12 1 1 1 11 7 12 1 1 1 11 12 1 7 1 11 12 1 11 12 1 10 12 1 1 10 12 1 1 9 12 1 1 10 100 12 1 1 1 9 10 12 1 1 9 12 1 10 12 1 1 5 0 9 12 1 1 7 1 10 12 1 9 12 1 1 7 1 10 12 1 9 12 1 7 1 10 7 1 10 10 12 1 1 8 1 10 12 1 10 12 1 1 11 100 1 10 12 1 10 100 12 1 1 1 8 1 10 100 12 1 1 1 8 1 10 12 1 8 1 10 12 1 10 12 1 1 10 100 12 1 1 10 12 1 10 12 1 10 12 1 9 12 1 9 10 12 1 9 12 1 1 11 7 12 1 1 1 11 7 12 1 1 1 100 1 10 12 11 100 12 1 1 10 11 7 12 1 10 12 1 100 1 10 12 1 100 1 10 10 9 7 12 1 1 1 10 12 3 10 7 12 1 1 9 12 1 10 12 1 1 9 12 1 1 9 12 1 10 12 1 1 10 7 12 1 1 9 12 1 9 7 12 1 1 10 12 1 1 10 12 1 3 9 12 1 9 12 1 10 12 1 1 7 1 9 3 9 12 1 7 1 10 12 1 9 12 1 10 12 1 9 12 1 10 12 1 9 12 1 10 100 12 1 1 1 100 10 12 1 7 1 5 0 10 100 12 1 1 100 1 10 12 1 1 10 12 1 10 12 1 100 1 10 12 1 10 100 1 100 1 10 10 12 1 10 100 1 10 12 1 10 100 1 10 12 1 10 7 1 10 12 1 1 100 1 10 12 1 10 10 12 1 100 1 10 12 1 10 10 12 1 100 1 10 12 1 10 100 1 10 12 1 10 100 1 10 12 1 10 100 1 10 12 1 10 100 1 10 12 1 10 100 1 10 12 1 10 100 1 10 12 1 10 100 1 10 12 1 10 100 1 10 10 100 1 10 10 100 1 10 10 100 1 10 12 1 10 100 1 10 12 1 10 100 1 10 12 1 10 100 1 10 12 1 10 100 1 10 12 1 10 100 1 10 10 100 1 10 10 100 1 10 10 100 1 10 12 1 10 100 1 10 12 1 10 100 1 10 12 1 10 100 1 10 12 1 10 100 1 10 12 1 10 10 12 1 10 7 12 1 1 1 10 12 1 7 1 7 1 10 12 1 9 12 1 1 9 12 1 1 10 12 1 1 8 10 12 1 1 8 8 8 8 7 10 12 1 1 10 12 1 100 1 8 1 10 7 1 7 1 7 1 1 1 5 0 1 1 3 1 3 1 1 1 1 3 1 3 1 3 1 1 1 1 1 3 1 3 1 3 1 1 1 1 1 1 1 1 1 1 1 1 1 1 1 1 1 1 1 1 1 1 1 1 1 100 1 1 1 1 1 1 1 1 1 1 1 1 1 1 1 1 1 1 1 1 1 1 1 1 1 1 1 1 1 1 1 1 1 1 1 1 1 1 1 1 1 1 1 1 1 1 1 1 1 1 1 1 1 1 1 1 1 1 1 1 1 1 1 1 1 1 1 1 1 1 1 1 1 1 1 1 1 1 1 1 1 1 1 1 100 1 1 1 1 1 1 1 1 1 1 1 7 1 1 1 1 1 1 1 1 1 1 1 1 1 1 1 1 1 1 1 1 1 1 1 1 1 1 1 1 1 1 1 1 1 1 1 1 1 1 1 1 1 1 1 1 1 1 1 1 1 1 1 1 1 1 1 1 1 1 1 1 1 1 1 1 1 1 1 1 1 1 1 1 1 1 1 1 1 1 1 1 1 1 1 1 1 1 1 1 1 1 1 1 1 1 1 1 1 1 1 1 1 1 1 1 1 1 1 1 1 1 1 1 1 1 1 1 1 1 1 1 1 1 1 1 1 1 1 1 1 1 1 1 1 1 1 1 1 1 1 1 1 1 1 1 1 1 1 1 1 1 1 1 1 1 1 1 1 1 1 1 1 1 1 1 1 1 1 1 1 1 1 1 1 1 1 1 1 1 1 1 1 1 1 1 1 1 1 1 1 1 1 1 1 1 1 1 1 1 1 1 1 1 1 1 1 1 1 1 1 1 1 1 1 1 1 1 1 1 1 1 1 1 1 100 1 100 1 100 1 100 1 100 1 100 1 100 1 100 1 100 1 1 1 1 1 1 1 1 1 1 1 1 1 1 1 1 1 1 1 1 1 1 1 1 1 1 1 1 1 1 1 1 1 1 1 1 1 1 1 1 1 1 1 1 1 1 1 1 1 1 1 1 1 1 1 1 1 1
staticfield java/util/concurrent/ConcurrentHashMap NCPU I 8
staticfield java/util/concurrent/ConcurrentHashMap serialPersistentFields [Ljava/io/ObjectStreamField; 3 [Ljava/io/ObjectStreamField;
staticfield java/util/concurrent/ConcurrentHashMap U Ljdk/internal/misc/Unsafe; jdk/internal/misc/Unsafe
staticfield java/util/concurrent/ConcurrentHashMap SIZECTL J 20
staticfield java/util/concurrent/ConcurrentHashMap TRANSFERINDEX J 32
staticfield java/util/concurrent/ConcurrentHashMap BASECOUNT J 24
staticfield java/util/concurrent/ConcurrentHashMap CELLSBUSY J 36
staticfield java/util/concurrent/ConcurrentHashMap CELLVALUE J 144
staticfield java/util/concurrent/ConcurrentHashMap ABASE I 16
staticfield java/util/concurrent/ConcurrentHashMap ASHIFT I 2
instanceKlass org/apache/tomcat/util/collections/ManagedConcurrentWeakHashMap
instanceKlass java/util/concurrent/ConcurrentSkipListMap
instanceKlass tools/jackson/databind/util/internal/PrivateMaxEntriesMap
instanceKlass org/springframework/util/ConcurrentReferenceHashMap
instanceKlass java/util/Collections$SingletonMap
instanceKlass java/util/EnumMap
instanceKlass java/util/TreeMap
instanceKlass java/util/IdentityHashMap
instanceKlass java/util/WeakHashMap
instanceKlass java/util/Collections$EmptyMap
instanceKlass sun/util/PreHashedMap
instanceKlass java/util/HashMap
instanceKlass java/util/ImmutableCollections$AbstractImmutableMap
instanceKlass java/util/concurrent/ConcurrentHashMap
ciInstanceKlass java/util/AbstractMap 1 1 198 10 7 12 1 1 1 10 7 12 1 1 1 11 7 12 1 1 1 10 11 12 1 1 11 7 12 1 1 1 11 12 1 1 7 1 11 12 1 10 12 1 1 11 12 1 100 1 10 11 12 1 11 7 1 10 12 1 1 11 12 1 9 12 1 1 7 1 10 12 1 9 12 1 1 100 1 10 11 11 12 1 1 11 12 1 7 1 100 1 11 12 1 8 1 7 1 10 10 12 1 1 8 1 10 12 1 10 12 1 1 10 12 1 1 1 1 1 1 1 1 1 1 1 1 1 1 1 1 1 1 1 1 1 1 1 1 1 1 1 1 1 1 1 1 1 1 1 1 1 1 1 1 7 1 1 1 1 1 1 1 7 1 1 1 1 1 1 1 1 1 100 1 1 1 1 1 1 1 1 1 100 1 100 1 100 1 100 1 100 1 1 1 1 1 1 1 1
ciInstanceKlass java/util/concurrent/ConcurrentMap 1 1 208 11 7 12 1 1 1 10 100 12 1 1 11 12 1 1 11 100 12 1 1 1 11 7 12 1 1 1 11 12 1 1 100 1 11 12 1 11 12 1 100 1 11 100 12 1 1 1 18 12 1 11 12 1 1 11 100 12 1 1 11 12 1 1 11 100 12 1 11 12 1 1 11 12 1 1 7 1 7 1 1 1 1 1 1 1 1 1 1 1 1 1 1 1 1 1 1 1 1 1 1 1 1 1 1 1 1 1 1 1 1 1 1 1 1 1 1 1 1 1 1 1 1 1 1 1 1 1 1 1 1 1 1 1 1 1 1 1 1 16 15 11 12 15 10 100 12 1 1 1 1 1 100 1 100 1 1 1 100 1 8 1 1 12 10 1 1 1 8 1 1 1 8 1 1 8 1 1 1 8 1 1 1 8 1 1 1 8 1 1 1 8 1 1 1 8 1 1 1 8 1 1 1 8 1 1 8 1
ciInstanceKlass jdk/internal/loader/ClassLoaders 1 1 183 10 7 12 1 1 1 10 7 12 1 1 1 10 12 1 1 10 100 12 1 1 1 9 7 12 1 1 1 9 12 1 1 9 12 1 1 7 1 11 100 12 1 1 1 100 1 11 12 1 1 11 12 1 1 10 100 12 1 1 1 10 100 12 1 1 1 100 1 100 1 10 7 12 1 1 1 9 12 1 1 10 12 1 1 7 1 10 12 1 1 10 12 1 7 1 8 1 10 7 12 1 1 1 10 12 1 1 7 1 10 12 1 10 12 1 10 12 1 8 1 10 7 12 1 1 8 1 8 1 10 12 1 7 1 10 12 1 10 12 1 10 12 1 1 1 1 1 1 1 1 1 1 1 1 1 1 1 1 1 1 1 1 7 1 1 1 1 1 1 1 1 1 1 1 1 1 1 1 1 1 1 1
staticfield jdk/internal/loader/ClassLoaders JLA Ljdk/internal/access/JavaLangAccess; java/lang/System$2
staticfield jdk/internal/loader/ClassLoaders BOOT_LOADER Ljdk/internal/loader/ClassLoaders$BootClassLoader; jdk/internal/loader/ClassLoaders$BootClassLoader
staticfield jdk/internal/loader/ClassLoaders PLATFORM_LOADER Ljdk/internal/loader/ClassLoaders$PlatformClassLoader; jdk/internal/loader/ClassLoaders$PlatformClassLoader
staticfield jdk/internal/loader/ClassLoaders APP_LOADER Ljdk/internal/loader/ClassLoaders$AppClassLoader; jdk/internal/loader/ClassLoaders$AppClassLoader
instanceKlass jdk/internal/loader/ClassLoaders$BootClassLoader
instanceKlass jdk/internal/loader/ClassLoaders$PlatformClassLoader
instanceKlass jdk/internal/loader/ClassLoaders$AppClassLoader
ciInstanceKlass jdk/internal/loader/BuiltinClassLoader 1 1 737 9 7 12 1 1 1 10 7 12 1 1 1 10 7 12 1 1 1 9 12 1 1 9 12 1 1 7 1 10 12 1 9 12 1 10 12 1 9 12 1 10 7 12 1 1 1 10 7 12 1 1 1 10 7 12 1 1 1 11 7 12 1 1 1 7 1 7 1 10 10 12 1 1 8 1 10 12 1 10 12 7 1 10 12 1 10 12 1 1 11 7 12 1 1 1 11 7 12 1 1 1 11 12 1 1 7 1 8 1 8 1 10 9 12 1 1 10 7 12 1 1 11 12 1 1 10 12 1 1 10 12 1 1 10 12 1 1 10 7 12 1 1 1 10 12 1 10 7 12 1 1 1 10 12 1 1 11 7 12 1 1 1 10 7 12 1 1 7 1 10 7 12 1 1 1 10 12 1 100 1 8 1 10 12 1 1 10 8 1 10 12 1 1 10 12 1 1 10 12 1 1 11 7 12 1 1 11 12 1 7 1 10 11 12 1 1 11 10 12 1 1 7 1 10 12 1 10 7 12 1 10 12 1 7 1 10 12 1 10 7 12 1 1 1 100 1 10 12 1 1 11 12 1 100 1 100 1 10 12 1 10 12 1 1 100 1 100 1 10 12 1 10 12 1 18 12 1 1 10 12 1 10 12 1 1 18 100 1 10 7 12 1 1 1 7 1 10 10 12 1 1 10 12 1 1 10 12 1 1 10 12 1 9 12 1 1 100 1 10 10 12 1 1 10 12 1 1 10 12 1 10 12 10 12 1 1 10 12 1 1 10 12 1 1 10 12 1 10 12 1 1 18 12 1 7 1 10 12 1 1 10 12 1 10 12 1 1 10 12 1 100 1 10 12 1 7 1 10 12 1 10 7 12 1 1 1 10 12 1 11 12 1 7 1 10 12 1 7 1 100 1 10 12 1 10 12 1 11 12 1 1 10 12 1 1 10 12 1 1 10 12 1 1 10 12 1 1 10 12 1 10 12 1 10 12 1 10 12 1 8 1 10 12 1 1 10 7 12 1 1 10 12 1 100 1 8 1 8 1 10 10 12 1 8 1 8 1 10 7 12 1 1 1 11 7 12 1 1 1 9 7 12 1 1 1 10 7 12 1 1 1 9 12 1 9 12 1 9 12 1 9 12 1 9 12 1 9 12 1 10 7 12 1 1 1 8 1 10 12 1 7 1 10 12 1 1 10 12 1 7 1 10 11 12 1 1 10 12 10 12 1 10 12 1 100 1 10 12 1 10 12 1 10 10 12 1 10 7 12 1 1 8 1 10 7 12 1 1 10 12 1 1 1 1 1 1 1 1 1 1 1 1 1 1 1 1 1 1 1 1 1 1 1 1 1 1 1 1 1 1 1 1 1 1 1 1 1 1 1 1 1 1 1 1 1 1 1 1 1 1 1 1 1 1 1 1 7 1 1 1 1 1 1 1 1 1 1 1 1 1 1 1 1 1 1 7 1 7 1 1 1 1 1 1 1 1 1 1 1 1 1 1 1 1 1 1 1 1 1 1 1 1 1 1 1 1 1 1 1 1 1 1 1 1 1 1 1 1 1 1 1 1 1 1 1 1 1 1 1 100 1 1 16 15 10 12 16 15 10 12 16 15 10 12 16 1 15 10 100 12 1 1 1 1 1 100 1 1 1 1 1 100 1 100 1 1
staticfield jdk/internal/loader/BuiltinClassLoader packageToModule Ljava/util/Map; java/util/concurrent/ConcurrentHashMap
staticfield jdk/internal/loader/BuiltinClassLoader $assertionsDisabled Z 1
ciInstanceKlass jdk/internal/loader/ClassLoaders$AppClassLoader 1 1 119 8 1 10 7 12 1 1 1 10 7 12 1 1 1 10 7 12 1 1 1 10 12 1 1 10 7 12 1 1 1 10 12 1 1 10 12 1 1 7 1 8 1 10 12 10 7 12 1 1 1 10 7 12 1 1 10 12 1 1 10 12 1 1 10 7 12 1 1 1 7 1 10 12 1 1 1 1 1 1 1 1 1 1 1 1 1 1 1 1 1 1 1 1 1 7 1 1 1 1 1 1 1 1 1 1 1 1 1 1 1 1 1 1 1 7 1 1 1
ciInstanceKlass jdk/internal/loader/ClassLoaders$PlatformClassLoader 1 1 42 8 1 10 7 12 1 1 1 10 7 12 1 1 1 7 1 10 12 1 7 1 1 1 1 1 1 1 1 1 1 1 1 1 1 7 1 1 1 100 1 1
ciInstanceKlass java/lang/ArithmeticException 1 1 26 10 100 12 1 1 1 10 12 1 100 1 1 1 1 5 0 1 1 1 1 1 1 1 1 1
ciInstanceKlass java/lang/ArrayStoreException 1 1 26 10 100 12 1 1 1 10 12 1 100 1 1 1 1 5 0 1 1 1 1 1 1 1 1 1
ciInstanceKlass java/lang/ClassCastException 1 1 26 10 100 12 1 1 1 10 12 1 100 1 1 1 1 5 0 1 1 1 1 1 1 1 1 1
ciInstanceKlass java/lang/ClassNotFoundException 1 1 96 7 1 10 7 12 1 1 1 10 12 1 10 12 1 1 10 100 12 1 1 1 8 1 10 100 12 1 1 1 10 7 12 1 1 10 100 12 1 1 1 10 100 12 1 1 1 10 12 1 1 7 1 10 12 1 9 12 1 1 1 1 1 5 0 1 1 1 1 1 1 1 1 1 1 1 1 1 1 1 1 1 1 100 1 1 1 1 1 1 1 1 1 1 1 1
staticfield java/lang/ClassNotFoundException serialPersistentFields [Ljava/io/ObjectStreamField; 1 [Ljava/io/ObjectStreamField;
ciInstanceKlass java/lang/IllegalMonitorStateException 1 1 26 10 100 12 1 1 1 10 12 1 100 1 1 1 1 5 0 1 1 1 1 1 1 1 1 1
ciMethod java/lang/IllegalMonitorStateException <init> ()V 0 0 1 0 -1
ciInstanceKlass java/lang/BootstrapMethodError 0 0 45 10 100 12 1 1 1 10 12 1 10 12 1 10 100 12 1 1 1 10 100 12 1 1 1 1 1 1 5 0 1 1 1 1 1 1 1 1 1 1 1 100 1 1 1
instanceKlass java/lang/ExceptionInInitializerError
instanceKlass java/lang/ClassFormatError
instanceKlass java/lang/IncompatibleClassChangeError
instanceKlass java/lang/BootstrapMethodError
instanceKlass java/lang/NoClassDefFoundError
ciInstanceKlass java/lang/LinkageError 1 1 31 10 7 12 1 1 1 10 12 1 10 12 1 100 1 1 1 1 5 0 1 1 1 1 1 1 1 1 1 1 1
ciInstanceKlass java/lang/NullPointerException 1 1 52 10 100 12 1 1 1 10 12 1 9 100 12 1 1 1 10 12 1 1 9 12 1 1 10 12 1 1 10 12 1 1 1 1 5 0 1 1 1 1 1 1 1 1 100 1 100 1 100 1 1 1
ciInstanceKlass java/lang/NoClassDefFoundError 1 1 26 10 7 12 1 1 1 10 12 1 100 1 1 1 1 5 0 1 1 1 1 1 1 1 1 1
ciInstanceKlass java/lang/StackOverflowError 1 1 26 10 100 12 1 1 1 10 12 1 100 1 1 1 1 5 0 1 1 1 1 1 1 1 1 1
ciInstanceKlass java/lang/StackTraceElement 1 1 235 10 7 12 1 1 1 10 7 12 1 1 9 12 1 1 9 12 1 1 9 12 1 9 12 1 8 1 10 7 12 1 1 1 7 1 9 12 1 8 1 9 12 1 9 12 1 9 12 1 1 10 12 1 1 10 12 1 8 1 10 7 12 1 1 1 7 1 10 12 1 10 12 1 1 10 12 1 10 12 1 1 10 12 1 10 12 1 10 10 12 1 8 1 10 12 1 10 12 1 1 10 12 1 1 10 12 1 10 12 1 10 12 1 9 12 1 1 10 7 12 1 1 1 10 12 1 1 7 1 10 12 1 1 10 7 12 1 1 10 7 12 1 1 1 10 7 12 1 1 10 7 12 1 1 10 10 12 1 1 10 12 1 1 10 12 1 1 10 12 1 7 1 1 1 1 1 1 1 3 1 3 1 1 5 0 1 1 1 1 1 1 1 1 1 1 1 1 1 1 1 1 1 1 1 1 1 1 1 1 1 1 1 1 1 7 1 7 1 1 1 1 1 1 1 100 1 1 1 1 1 1 1 1 1
instanceKlass java/util/concurrent/locks/AbstractQueuedSynchronizer
ciInstanceKlass java/util/concurrent/locks/AbstractOwnableSynchronizer 1 1 32 10 7 12 1 1 1 9 7 12 1 1 1 100 1 1 1 1 5 0 1 1 1 1 1 1 1 1 1 1 1 1
ciMethod java/util/concurrent/locks/AbstractOwnableSynchronizer setExclusiveOwnerThread (Ljava/lang/Thread;)V 1388 0 694 0 0
ciMethod java/util/concurrent/locks/AbstractOwnableSynchronizer getExclusiveOwnerThread ()Ljava/lang/Thread; 1348 0 674 0 0
ciInstanceKlass jdk/internal/vm/Continuation 0 0 549 9 100 12 1 1 1 9 12 1 9 12 1 100 1 7 1 10 12 1 1 8 1 10 12 1 1 10 12 1 10 12 1 1 10 12 1 9 7 12 1 1 1 11 100 12 1 1 1 10 7 1 9 12 1 1 9 12 1 1 10 8 1 10 12 1 9 12 1 1 10 11 12 1 1 100 1 10 100 12 1 1 1 10 12 1 1 10 12 1 10 12 1 1 11 12 1 1 9 12 1 1 10 12 1 1 18 12 1 1 10 7 12 1 1 1 100 1 10 12 1 11 100 12 1 1 1 10 12 1 9 12 1 10 12 1 1 100 1 8 1 10 12 1 10 12 1 1 9 12 1 1 11 12 1 1 9 12 1 1 8 1 10 11 12 1 1 11 12 1 1 10 12 1 1 10 12 1 1 9 12 1 10 12 1 10 10 12 1 8 1 10 12 1 8 1 8 1 10 7 12 1 1 1 10 7 12 1 1 1 10 12 1 9 12 1 11 12 1 7 1 10 12 1 10 12 1 1 9 12 1 1 7 1 10 12 1 1 9 12 1 1 10 12 1 10 12 1 11 7 12 1 1 10 7 1 10 12 1 8 1 9 12 1 10 12 1 1 9 12 1 1 10 7 12 1 1 8 1 8 1 8 1 8 1 10 12 1 1 10 12 1 10 12 1 10 12 1 10 12 1 1 10 12 1 1 8 1 10 12 1 1 9 12 1 1 10 12 1 1 9 12 1 8 1 10 7 12 1 1 1 10 12 1 8 1 100 1 8 1 10 9 12 1 1 8 1 10 7 12 1 1 10 100 12 1 1 8 1 8 1 10 12 10 100 12 1 1 1 10 7 1 10 7 12 1 1 1 18 11 100 12 1 1 1 18 12 1 11 12 1 1 7 1 10 7 12 1 1 10 12 1 1 8 10 12 1 1 10 100 12 1 1 1 10 100 12 1 1 10 12 1 8 1 10 12 1 7 1 7 1 10 12 1 1 1 1 1 1 1 1 1 1 1 1 1 1 1 1 1 1 1 1 1 1 1 1 1 1 1 1 1 1 1 1 1 1 1 1 1 1 1 1 1 1 1 1 1 1 1 1 1 1 1 1 1 1 1 1 1 1 1 1 1 1 1 1 1 1 1 1 1 1 1 1 1 1 1 100 1 1 16 1 15 10 12 16 15 11 7 12 1 1 1 16 1 16 1 15 10 12 16 15 10 100 12 1 1 1 1 1 1 1 1 100 1 100 1 1
ciInstanceKlass jdk/internal/misc/UnsafeConstants 1 1 34 10 100 12 1 1 1 9 7 12 1 1 1 9 12 1 9 12 1 1 9 12 1 9 12 1 1 1 1 1 1 1 1 1
staticfield jdk/internal/misc/UnsafeConstants ADDRESS_SIZE0 I 8
staticfield jdk/internal/misc/UnsafeConstants PAGE_SIZE I 4096
staticfield jdk/internal/misc/UnsafeConstants BIG_ENDIAN Z 0
staticfield jdk/internal/misc/UnsafeConstants UNALIGNED_ACCESS Z 1
staticfield jdk/internal/misc/UnsafeConstants DATA_CACHE_LINE_FLUSH_SIZE I 0
ciInstanceKlass java/lang/invoke/LambdaForm 1 1 1060 7 1 100 1 10 7 12 1 1 1 9 12 1 1 9 12 1 9 12 1 9 12 1 1 9 12 1 1 9 12 1 1 9 12 1 1 9 12 1 1 9 12 1 10 7 12 1 1 9 12 1 10 12 1 1 100 1 10 10 12 1 1 10 12 1 10 12 1 10 12 1 1 10 12 1 9 12 1 9 12 1 10 12 1 1 10 7 12 1 1 1 10 12 1 1 9 100 12 1 1 1 10 12 1 1 9 7 12 1 1 10 12 1 10 12 1 1 10 12 1 1 10 12 1 1 7 1 10 7 12 1 1 1 10 12 1 1 10 12 1 10 12 1 1 9 12 1 1 9 12 1 9 12 1 1 10 12 1 9 12 1 10 100 12 1 1 1 10 12 1 1 7 1 10 12 1 9 12 1 1 10 7 12 1 1 1 10 12 1 10 12 1 7 1 10 12 1 10 12 1 10 12 1 1 10 12 1 1 10 12 1 10 12 1 10 12 1 10 12 1 1 8 1 10 12 1 10 12 1 10 10 12 1 8 1 8 1 9 12 1 9 12 1 1 10 12 1 1 10 12 1 9 12 1 10 12 1 1 10 7 12 1 1 1 10 12 1 1 10 12 1 10 12 1 10 100 12 1 1 1 9 12 1 10 12 1 8 1 8 1 8 1 8 1 8 1 8 1 8 1 8 1 10 12 1 9 12 1 7 1 10 12 1 1 9 12 1 10 12 1 10 12 1 1 10 12 10 12 1 10 12 1 1 10 12 1 1 10 10 12 1 1 10 12 1 1 7 1 8 1 10 12 1 1 10 12 1 10 12 1 1 10 8 1 10 12 1 1 8 1 8 1 8 1 10 12 1 10 12 1 10 12 1 1 100 1 10 12 1 1 10 12 1 1 10 7 12 1 1 1 10 12 1 1 9 12 1 1 8 1 10 100 12 1 1 1 10 7 12 1 1 10 12 10 12 1 1 10 12 1 1 9 12 1 8 10 12 1 1 100 1 10 12 1 1 10 12 1 9 7 12 1 1 9 7 12 1 1 1 8 1 10 100 12 1 1 10 12 1 1 7 1 7 1 10 10 12 1 1 10 12 1 1 8 1 8 1 7 1 8 1 10 12 10 12 1 10 12 1 10 12 1 1 8 1 8 1 10 12 1 10 12 1 1 8 1 8 1 8 1 7 1 8 1 7 1 8 1 7 1 8 1 10 12 1 8 1 9 10 7 12 1 1 1 10 12 1 9 12 1 1 10 12 1 10 10 12 1 10 12 1 10 12 1 10 12 1 1 10 12 1 10 12 1 1 10 12 1 1 10 12 1 1 10 12 1 1 8 1 100 10 12 1 10 12 1 9 12 1 1 10 7 12 1 1 8 1 8 1 7 1 8 1 8 1 8 1 8 1 8 1 8 1 8 1 8 1 10 12 1 1 10 12 1 1 10 12 1 10 12 1 10 12 1 10 12 1 8 1 8 1 8 1 10 12 1 8 1 10 12 1 8 1 8 1 8 1 8 1 8 1 10 12 1 10 12 1 10 12 1 1 10 7 12 1 1 1 10 12 1 10 12 1 10 12 1 10 12 1 10 12 1 10 12 1 10 12 1 9 12 1 1 8 1 10 12 1 1 9 12 1 1 10 12 1 1 9 12 1 9 12 1 1 9 12 1 9 12 1 1 7 1 10 7 12 1 1 1 9 12 1 10 12 1 10 12 1 8 1 10 12 1 9 12 1 1 7 1 10 7 12 1 1 1 8 1 100 1 10 12 1 9 12 1 9 12 1 10 12 1 10 12 1 10 7 12 1 1 1 10 12 1 9 7 12 1 1 10 12 1 1 10 12 1 10 12 1 10 12 1 9 12 10 12 1 10 10 12 1 9 12 1 9 9 12 1 7 9 12 1 1 10 12 1 1 9 12 1 10 12 1 10 7 1 9 1 1 1 1 3 1 3 1 1 3 1 3 1 1 1 1 1 1 1 1 1 1 1 1 1 1 1 1 1 1 1 1 1 1 1 1 1 1 1 1 1 1 1 1 1 1 1 1 1 1 1 1 1 1 1 1 1 1 1 1 1 1 1 100 1 1 1 1 1 1 1 1 1 1 1 1 1 1 1 1 1 1 1 1 1 1 1 1 1 1 1 1 1 1 1 1 1 1 1 1 1 1 1 1 1 1 1 1 1 1 1 1 1 1 1 1 1 1 1 1 1 1 1 1 1 1 1 100 1 1 1 1 1 1 1 1 1 1 1 1 1 1 1 1 1 1 1 1 1 1 1 1 1 1 1 1 1 1 1 1 1 1 7 1 1 1 1 1 1 1 1 1 1 1 1 1 1 1 1 1 1 1 1 1 1 100 1 1 1 100 1 1 7 1 1 1 1 1 1 1 1 1 1 1
staticfield java/lang/invoke/LambdaForm DEFAULT_CUSTOMIZED Ljava/lang/invoke/MethodHandle; null
staticfield java/lang/invoke/LambdaForm DEFAULT_KIND Ljava/lang/invoke/LambdaForm$Kind; java/lang/invoke/LambdaForm$Kind
staticfield java/lang/invoke/LambdaForm COMPILE_THRESHOLD I 0
staticfield java/lang/invoke/LambdaForm INTERNED_ARGUMENTS [[Ljava/lang/invoke/LambdaForm$Name; 5 [[Ljava/lang/invoke/LambdaForm$Name;
staticfield java/lang/invoke/LambdaForm IMPL_NAMES Ljava/lang/invoke/MemberName$Factory; java/lang/invoke/MemberName$Factory
staticfield java/lang/invoke/LambdaForm LF_identity [Ljava/lang/invoke/LambdaForm; 6 [Ljava/lang/invoke/LambdaForm;
staticfield java/lang/invoke/LambdaForm LF_zero [Ljava/lang/invoke/LambdaForm; 6 [Ljava/lang/invoke/LambdaForm;
staticfield java/lang/invoke/LambdaForm NF_identity [Ljava/lang/invoke/LambdaForm$NamedFunction; 6 [Ljava/lang/invoke/LambdaForm$NamedFunction;
staticfield java/lang/invoke/LambdaForm NF_zero [Ljava/lang/invoke/LambdaForm$NamedFunction; 6 [Ljava/lang/invoke/LambdaForm$NamedFunction;
staticfield java/lang/invoke/LambdaForm createFormsLock Ljava/lang/Object; java/lang/Object
staticfield java/lang/invoke/LambdaForm DEBUG_NAME_COUNTERS Ljava/util/HashMap; null
staticfield java/lang/invoke/LambdaForm DEBUG_NAMES Ljava/util/HashMap; null
staticfield java/lang/invoke/LambdaForm TRACE_INTERPRETER Z 0
staticfield java/lang/invoke/LambdaForm $assertionsDisabled Z 1
ciInstanceKlass java/lang/invoke/MemberName 1 1 729 7 1 7 1 100 1 9 12 1 1 10 7 12 1 1 1 9 12 1 1 10 12 1 1 10 12 1 1 10 12 1 1 10 12 1 10 12 1 1 10 7 12 1 1 1 10 12 1 9 7 12 1 1 10 12 1 7 1 7 1 10 12 1 8 1 10 12 1 1 10 12 1 10 12 1 1 10 12 1 9 12 1 1 8 1 10 100 12 1 1 1 7 1 10 10 12 1 1 7 1 7 1 10 12 1 9 12 1 1 100 1 8 1 10 12 1 10 12 1 10 12 1 10 12 1 10 12 1 1 10 12 1 10 12 1 10 12 1 1 8 1 8 1 10 12 1 8 1 9 12 1 1 3 10 12 1 10 12 1 10 12 1 10 10 7 12 1 1 1 10 12 1 10 12 1 10 12 1 10 12 1 7 1 8 10 12 1 1 10 12 1 1 8 1 9 7 1 8 9 7 1 10 12 1 1 10 12 1 10 12 1 8 1 10 12 1 1 10 12 1 10 12 1 10 12 1 10 12 1 1 7 1 10 12 1 1 10 12 1 8 1 10 12 1 10 12 1 8 1 10 12 1 1 10 12 1 1 7 1 10 12 1 1 10 12 8 1 8 1 7 1 10 12 1 10 100 12 1 1 1 100 1 10 12 10 12 1 10 12 1 10 12 1 10 12 1 10 10 12 1 10 12 1 10 12 1 3 10 12 1 3 10 12 1 3 3 3 3 3 3 10 12 1 3 9 12 1 10 12 1 1 3 10 12 1 10 10 7 12 1 1 1 10 12 1 1 10 7 12 1 1 10 10 12 1 10 12 1 1 10 12 1 10 10 12 1 1 10 12 1 10 12 1 10 12 1 7 1 10 10 10 12 100 1 10 10 10 12 1 1 10 12 1 1 10 10 12 1 8 10 7 1 10 12 1 10 7 1 10 12 1 10 12 1 10 12 1 10 10 12 1 10 12 1 1 10 12 1 1 10 12 1 10 12 1 10 12 1 100 1 10 12 1 1 100 1 8 1 10 7 1 10 12 1 10 12 10 12 1 1 10 12 1 10 12 1 8 1 8 1 8 1 8 1 10 12 1 10 12 1 10 7 12 1 1 1 8 1 8 1 10 12 1 8 1 10 10 10 12 1 10 12 1 8 1 8 1 10 10 12 1 8 1 10 100 12 1 1 1 8 1 100 1 10 12 1 10 12 1 1 10 12 1 8 1 8 1 8 1 8 1 100 1 10 8 1 8 1 8 1 8 1 10 12 1 100 1 100 1 100 1 10 100 1 10 7 1 10 7 12 1 1 1 9 7 12 1 1 1 7 1 7 1 1 1 1 1 1 1 3 1 3 1 3 1 3 1 3 1 3 1 1 1 1 1 1 1 1 3 1 3 1 1 1 1 1 1 1 1 1 1 1 1 1 1 1 1 1 1 1 1 1 1 1 1 1 1 1 1 1 1 1 1 1 1 1 1 1 1 1 1 1 1 1 1 1 1 1 1 1 1 1 1 1 1 1 1 1 1 1 1 1 1 1 1 1 1 1 1 1 1 1 1 1 1 1 1 1 1 1 1 1 1 1 1 1 1 1 1 1 1 1 1 1 1 1 1 1 1 1 1 7 1 1 1 1 1 1 1 1 1 1 1 1 1 1 1 1
staticfield java/lang/invoke/MemberName $assertionsDisabled Z 1
instanceKlass java/lang/invoke/VarHandleLongs$FieldInstanceReadOnly
instanceKlass java/lang/invoke/VarHandleReferences$Array
instanceKlass java/lang/invoke/VarHandleLongs$Array
instanceKlass java/lang/invoke/VarHandleBooleans$FieldInstanceReadOnly
instanceKlass java/lang/invoke/VarHandleByteArrayAsDoubles$ByteArrayViewVarHandle
instanceKlass java/lang/invoke/VarHandleByteArrayAsLongs$ByteArrayViewVarHandle
instanceKlass java/lang/invoke/VarHandleByteArrayAsFloats$ByteArrayViewVarHandle
instanceKlass java/lang/invoke/VarHandleByteArrayAsInts$ByteArrayViewVarHandle
instanceKlass java/lang/invoke/VarHandleByteArrayAsChars$ByteArrayViewVarHandle
instanceKlass java/lang/invoke/VarHandleByteArrayAsShorts$ByteArrayViewVarHandle
instanceKlass java/lang/invoke/VarHandleInts$FieldInstanceReadOnly
instanceKlass java/lang/invoke/VarHandleReferences$FieldInstanceReadOnly
ciInstanceKlass java/lang/invoke/VarHandle 1 1 474 10 7 12 1 1 1 10 7 12 1 1 9 12 1 1 9 12 1 1 10 12 1 1 8 1 10 12 1 1 10 7 12 1 1 1 10 12 1 1 10 7 12 1 1 1 9 100 12 1 1 1 10 12 1 1 10 7 12 1 1 1 10 12 1 1 9 12 1 10 12 1 9 12 1 1 10 100 12 1 1 10 12 1 9 100 12 1 1 1 9 12 1 1 10 12 1 1 100 1 7 1 10 8 1 10 12 1 1 10 12 1 8 1 10 12 1 10 12 1 9 12 1 1 9 12 1 10 12 1 10 12 1 1 10 12 1 10 10 100 12 1 1 1 10 12 1 1 10 12 1 1 10 7 12 1 1 1 10 100 12 1 1 1 10 100 12 1 1 1 9 12 1 1 9 10 12 1 10 12 1 1 10 12 1 1 10 12 1 10 7 12 1 1 1 9 12 1 1 10 12 1 1 9 12 1 10 12 1 10 12 1 10 7 12 1 1 100 1 10 9 7 12 1 1 1 9 12 1 1 10 7 12 1 1 1 10 12 1 10 12 1 10 12 1 10 12 1 10 12 1 10 12 1 1 8 10 12 1 1 7 1 10 12 1 1 7 1 1 1 1 1 1 1 1 1 1 1 1 1 1 1 1 1 1 1 1 1 1 1 1 1 1 1 1 1 1 1 1 1 1 1 1 1 1 1 1 1 1 1 1 1 1 1 1 1 1 1 1 1 1 1 1 1 1 1 1 1 1 1 1 1 100 1 1 1 1 1 1 1 1 100 1 1 1 1 1 1 1 1 1 1 1 1 100 1 100 1 1 100 1 100 1 100 1 100 1 100 1 100 1 100 1 100 1 100 1 100 1 100 1 100 1 100 1 100 1 100 1 100 1 100 1 100 1 100 1 100 1 100 1 100 1 100 1 100 1 100 1 100 1 100 1 100 1 100 1 100 1 100 1 100 1 100 1 100 1 100 1 100 1 1 1 1 1 1 100 1 1 1 100 1 1 100 1 100 1 100 1 100 1 100 1 100 1 1 1 1 100 1 100 1 100 1 100 1 100 1 100 1 100 1 100 1
staticfield java/lang/invoke/VarHandle VFORM_OFFSET J 16
staticfield java/lang/invoke/VarHandle $assertionsDisabled Z 1
ciInstanceKlass java/util/Collections 1 1 933 10 7 12 1 1 1 11 7 12 1 1 1 7 1 11 12 1 1 7 1 10 12 1 1 10 12 1 11 12 1 1 7 1 11 12 1 1 11 12 1 1 10 12 1 11 100 12 1 1 11 12 1 1 11 12 1 10 12 1 10 12 1 10 12 11 100 12 1 1 1 10 12 1 1 11 12 1 11 12 1 1 9 12 1 1 100 1 10 10 12 1 1 10 12 1 11 100 12 1 1 1 11 12 1 1 10 12 1 11 12 1 100 1 8 1 10 12 1 11 7 12 1 1 1 11 7 1 11 12 1 1 10 12 1 1 10 12 1 10 12 1 1 10 12 1 11 12 1 1 10 12 1 1 10 12 1 1 10 12 1 1 11 12 1 1 7 1 10 12 1 11 7 1 100 1 10 12 1 11 7 1 7 1 10 12 1 11 100 1 100 1 10 12 1 11 100 1 100 1 10 12 1 11 100 1 100 1 10 12 1 11 7 1 11 7 1 10 12 10 11 7 1 7 1 10 12 1 11 100 1 100 1 10 11 100 1 100 1 10 12 1 11 100 1 100 1 10 12 1 100 1 10 10 12 1 7 1 10 10 12 1 100 1 10 100 1 10 100 1 10 100 1 10 10 12 1 10 7 1 10 100 1 10 100 1 10 100 1 10 12 1 10 100 12 1 1 1 100 1 100 1 10 12 1 100 1 10 12 1 100 1 10 12 1 100 1 10 12 1 100 1 10 12 1 100 1 10 100 1 10 12 1 100 1 10 12 1 100 1 10 12 1 9 7 12 1 1 1 9 100 12 1 1 9 7 12 1 1 1 9 12 1 1 9 12 1 1 9 12 1 1 9 12 1 1 9 12 1 1 7 1 10 12 7 1 10 7 1 10 7 1 10 7 1 10 12 1 100 1 7 1 10 8 1 10 12 1 1 10 12 1 10 12 1 1 10 7 1 10 12 1 9 7 12 1 1 1 9 7 12 1 1 1 7 1 9 12 1 1 10 12 7 1 10 7 1 10 11 7 12 1 1 11 12 1 10 12 1 11 11 12 1 11 11 12 1 8 1 7 1 10 11 100 1 10 12 1 100 1 10 100 12 1 1 1 100 1 10 12 1 7 1 10 7 1 10 7 1 10 1 1 1 3 1 3 1 3 1 3 1 3 1 3 1 3 1 3 1 1 1 1 1 1 1 1 1 1 1 1 1 1 1 1 1 1 1 1 1 1 1 1 1 1 1 1 1 1 1 1 1 1 1 1 1 1 1 1 1 1 1 1 1 1 1 1 1 1 1 1 1 1 1 1 1 1 1 1 1 1 1 1 1 1 1 1 1 1 1 1 1 1 1 1 1 1 1 1 1 1 1 1 1 1 1 1 1 1 1 1 1 1 1 1 1 1 1 1 1 1 1 1 1 1 1 1 1 1 1 1 1 1 1 1 1 1 1 1 1 1 1 1 1 1 1 1 1 1 1 1 1 1 1 1 1 1 1 1 1 1 1 1 1 1 1 1 1 1 1 1 1 1 1 1 1 1 1 1 1 1 1 1 1 1 1 1 1 1 1 1 1 1 1 1 1 1 1 1 1 1 1 1 1 1 1 1 1 1 1 1 1 1 1 1 1 1 1 1 1 1 1 1 1 1 1 1 1 1 1 1 1 1 1 1 1 1 1 1 1 1 1 1 1 1 1 1 1 1 1 1 1 1 1 1 1 1 1 1 1 1 1 1 1 1 1 1 1 1 1 1 1 1 1 1 1 1 1 1 1 1 1 1 1 1 1 1 1 1 1 1 1 1 1 1 1 1 1 1 1 1 1 1 1 1 1 1 1 1 1 1 1 1 1 1 1 1 1 1 1 1 1 1 1 1 1 1 1 1 1 1 1 1 1 1 1 1 1 1 1 1 1 1 1 1 1 1 1 1 1 1 100 1 100 1 100 1 100 1 100 1 100 1 100 1 100 1 100 1 100 1 100 1 100 1 100 1 1 1 1 1 1 1 1 1 1 1 1 1 1 1 1 1 1 1 1 1 1 1 1 1 1 1 1 1 1 1 1 1 1 1 1 1 1 1 1 1 1 100 1 1 1 1 1 1 1 1 1 1 1 1 1 1 1
staticfield java/util/Collections EMPTY_SET Ljava/util/Set; java/util/Collections$EmptySet
staticfield java/util/Collections EMPTY_LIST Ljava/util/List; java/util/Collections$EmptyList
staticfield java/util/Collections EMPTY_MAP Ljava/util/Map; java/util/Collections$EmptyMap
instanceKlass jdk/internal/reflect/DirectMethodHandleAccessor
ciInstanceKlass jdk/internal/reflect/MethodAccessorImpl 1 1 38 10 7 12 1 1 1 10 100 12 1 1 1 100 1 1 1 1 1 1 1 100 1 100 1 1 1 1 1 1 1 1 1 1 1 1 1 1
ciInstanceKlass jdk/internal/reflect/MethodAccessor 1 0 17 100 1 100 1 1 1 1 100 1 100 1 1 1 1 1 1
instanceKlass jdk/internal/reflect/FieldAccessorImpl
instanceKlass jdk/internal/reflect/ConstructorAccessorImpl
instanceKlass jdk/internal/reflect/MethodAccessorImpl
ciInstanceKlass jdk/internal/reflect/MagicAccessorImpl 1 1 16 10 7 12 1 1 1 100 1 1 1 1 1 1 1 1
ciInstanceKlass jdk/internal/reflect/DelegatingClassLoader 0 0 18 10 100 12 1 1 1 100 1 1 1 1 1 1 1 1 1 1
ciInstanceKlass jdk/internal/reflect/CallerSensitive 0 0 17 100 1 100 1 100 1 1 1 1 1 1 1 1 1 1 1
ciInstanceKlass jdk/internal/reflect/DirectConstructorHandleAccessor$NativeAccessor 1 1 44 10 7 12 1 1 1 9 7 12 1 1 1 10 12 1 1 1 1 1 1 1 1 1 1 1 1 1 1 1 1 1 100 1 100 1 1 1 1 1 100 1 1 1
ciInstanceKlass jdk/internal/reflect/ConstructorAccessor 1 0 16 100 1 100 1 1 1 1 100 1 100 1 100 1 1 1
instanceKlass jdk/internal/reflect/DirectConstructorHandleAccessor
instanceKlass jdk/internal/reflect/SerializationConstructorAccessorImpl
instanceKlass jdk/internal/reflect/DirectConstructorHandleAccessor$NativeAccessor
ciInstanceKlass jdk/internal/reflect/ConstructorAccessorImpl 1 1 27 10 7 12 1 1 1 100 1 100 1 1 1 1 1 1 1 1 1 100 1 100 1 100 1 1 1
ciInstanceKlass jdk/internal/reflect/SerializationConstructorAccessorImpl 0 0 16 10 100 12 1 1 1 100 1 1 1 1 1 1 1 1
ciInstanceKlass jdk/internal/reflect/ConstantPool 1 1 142 10 7 12 1 1 1 9 7 12 1 1 1 10 12 1 1 10 12 1 1 10 12 1 10 12 1 1 10 12 1 1 10 12 1 10 12 1 1 10 12 1 10 12 1 1 10 12 1 10 12 1 10 12 1 10 12 1 1 10 12 1 1 10 12 1 1 10 12 1 1 10 12 1 10 12 1 1 10 100 12 1 1 1 8 11 7 12 1 1 1 10 7 12 1 1 1 1 1 1 1 1 1 1 1 1 1 1 1 1 1 1 1 1 1 1 1 1 1 1 1 1 1 1 1 1 1 1 1 1 1 1 1 1 1 1 1 1 1 1 1 1
instanceKlass java/lang/invoke/VolatileCallSite
instanceKlass java/lang/invoke/MutableCallSite
instanceKlass java/lang/invoke/ConstantCallSite
ciInstanceKlass java/lang/invoke/CallSite 1 1 308 10 7 12 1 1 1 10 7 12 1 1 1 9 7 12 1 1 1 10 12 1 1 9 12 1 1 10 7 12 1 1 1 10 12 1 7 1 10 12 1 1 10 12 1 1 9 100 12 1 1 1 10 7 12 1 1 10 12 1 1 100 1 7 1 10 10 7 12 1 1 1 10 12 1 1 8 1 10 12 1 10 12 1 1 10 12 1 10 12 1 1 10 12 1 1 10 10 100 12 1 1 10 12 1 1 9 12 1 9 100 12 1 1 1 8 1 10 7 12 1 1 1 10 12 1 1 7 1 10 12 1 1 9 12 1 8 1 100 1 10 12 1 10 12 1 100 1 8 1 10 10 12 1 10 12 1 1 100 1 10 12 1 1 10 12 1 10 12 1 10 12 1 1 10 12 1 1 9 12 1 1 8 10 12 1 1 9 12 1 1 100 1 10 10 12 1 10 7 12 1 1 1 10 12 1 1 10 12 1 1 10 12 1 10 7 12 1 1 1 7 1 8 1 10 10 12 10 12 1 1 7 1 7 1 7 1 8 1 10 12 1 10 7 12 1 1 1 1 1 1 1 1 1 1 1 1 1 1 1 1 1 1 1 1 1 1 1 1 1 1 1 1 1 1 1 1 1 1 1 1 1 1 1 1 1 1 1 1 1 1 1 1 1 1 1 1 1 1 1 1 7 1 7 1 1 1 1
staticfield java/lang/invoke/CallSite $assertionsDisabled Z 1
ciInstanceKlass java/lang/invoke/ConstantCallSite 1 1 65 10 7 12 1 1 1 9 7 12 1 1 1 9 12 1 1 10 7 12 1 1 1 10 12 1 100 1 10 12 9 12 1 1 100 1 10 10 12 1 1 10 12 1 1 1 1 1 1 1 1 1 1 1 1 1 100 1 1 1 1 1 1 1 1
staticfield java/lang/invoke/ConstantCallSite UNSAFE Ljdk/internal/misc/Unsafe; jdk/internal/misc/Unsafe
instanceKlass java/lang/invoke/DirectMethodHandle$StaticAccessor
instanceKlass java/lang/invoke/DirectMethodHandle$Special
instanceKlass java/lang/invoke/DirectMethodHandle$Interface
instanceKlass java/lang/invoke/DirectMethodHandle$Accessor
instanceKlass java/lang/invoke/DirectMethodHandle$Constructor
ciInstanceKlass java/lang/invoke/DirectMethodHandle 1 1 923 7 1 7 1 100 1 7 1 7 1 10 7 12 1 1 1 10 7 12 1 1 1 7 1 10 12 1 10 12 1 1 10 7 12 1 1 10 12 1 1 10 12 1 10 12 1 7 1 10 12 1 1 10 12 1 1 10 12 1 10 12 1 1 10 7 12 1 1 1 10 12 1 9 12 1 1 100 1 10 9 12 1 1 9 12 1 10 12 1 10 12 1 10 12 1 1 10 12 1 10 12 1 10 12 1 10 7 12 1 1 1 10 12 1 10 12 1 1 8 1 10 12 1 1 7 1 10 12 1 7 1 10 10 12 1 10 12 1 10 12 1 10 7 12 1 1 1 10 12 1 1 7 1 10 12 1 10 12 1 7 1 10 12 1 10 12 1 1 10 12 1 1 10 12 8 10 7 12 1 1 1 10 12 1 10 12 1 10 12 1 1 10 12 1 9 7 12 1 1 1 7 1 10 12 1 10 7 12 1 1 1 10 12 1 10 12 1 1 9 12 1 1 7 1 10 8 1 10 12 1 1 10 12 1 1 8 1 10 12 1 10 12 1 10 10 12 1 10 12 1 10 12 1 10 12 1 10 12 1 1 10 12 1 10 12 1 1 10 12 1 10 12 1 1 10 10 7 12 1 1 1 10 12 1 10 12 1 1 10 12 1 10 12 1 1 8 1 9 7 12 1 1 1 8 1 9 12 1 9 12 1 8 1 9 12 1 9 12 1 8 1 9 12 1 9 12 1 8 1 10 12 1 10 12 1 1 9 12 1 1 7 1 10 12 1 1 7 1 10 7 12 1 1 1 10 12 1 1 10 12 1 10 12 1 1 7 1 10 12 1 1 10 12 1 10 12 1 1 7 1 10 12 1 1 10 12 1 10 7 12 1 1 1 10 12 1 10 12 1 1 10 12 1 9 12 1 1 10 7 1 9 12 9 12 1 10 7 12 1 1 1 10 12 1 7 1 7 1 7 1 9 12 1 1 10 7 12 1 1 1 10 12 10 12 1 7 1 10 12 1 10 12 1 1 8 1 9 12 1 9 12 1 10 12 1 1 9 12 1 1 10 7 12 1 1 1 9 12 1 1 9 12 1 1 10 12 1 10 12 1 10 12 1 10 12 1 1 10 12 1 9 12 1 10 12 1 10 12 1 10 12 1 10 12 1 1 10 12 1 1 9 12 1 1 10 12 1 1 9 7 12 1 1 1 9 12 1 9 12 1 9 12 1 9 12 1 9 12 1 9 12 1 9 12 1 9 12 1 9 12 1 9 12 1 9 12 1 9 12 1 9 12 1 9 12 1 9 12 1 9 12 1 9 12 1 9 12 1 9 12 1 9 12 1 9 12 1 9 12 1 9 12 1 9 12 1 9 12 1 9 12 1 9 12 1 9 12 1 9 12 1 9 12 1 9 12 1 9 12 1 9 12 1 9 12 1 9 12 1 9 12 1 8 1 9 12 1 1 9 12 1 1 10 12 1 10 12 1 1 9 7 1 10 12 1 9 12 1 1 10 12 10 12 1 10 12 1 10 12 1 10 12 1 10 8 1 8 1 8 1 8 1 10 12 1 1 9 12 1 1 10 12 1 10 100 12 1 1 1 8 9 12 1 1 10 12 1 1 8 1 8 8 9 12 1 8 1 8 8 8 8 8 1 8 10 12 1 7 1 10 12 1 8 1 8 1 10 12 1 10 12 1 10 12 1 10 12 1 1 7 1 1 1 1 3 1 3 1 3 1 3 1 3 1 3 1 3 1 3 1 3 1 3 1 1 1 1 1 1 1 1 1 1 3 1 3 1 1 1 1 3 1 1 1 1 1 1 1 1 1 1 1 1 1 1 1 1 1 1 1 1 1 1 1 1 1 1 1 1 1 1 1 1 1 1 1 1 1 1 1 1 1 1 1 1 1 1 1 1 1 1 1 1 1 1 1 1 1 1 100 1 1 1 1 1 1 1 1 1 100 1 1 1 1 1 1 1 1 1 1 1 1 1 1 1 1 1 1 1 1 1 1 1 1 1 1 1 1 1 1 1 1 1 1 1 1 1 1 1 1 1 1 1 1 1 1 1 1 1 1 1 1
staticfield java/lang/invoke/DirectMethodHandle IMPL_NAMES Ljava/lang/invoke/MemberName$Factory; java/lang/invoke/MemberName$Factory
staticfield java/lang/invoke/DirectMethodHandle FT_UNCHECKED_REF I 8
staticfield java/lang/invoke/DirectMethodHandle ACCESSOR_FORMS [Ljava/lang/invoke/LambdaForm; 132 [Ljava/lang/invoke/LambdaForm;
staticfield java/lang/invoke/DirectMethodHandle ALL_WRAPPERS [Lsun/invoke/util/Wrapper; 10 [Lsun/invoke/util/Wrapper;
staticfield java/lang/invoke/DirectMethodHandle NFS [Ljava/lang/invoke/LambdaForm$NamedFunction; 12 [Ljava/lang/invoke/LambdaForm$NamedFunction;
staticfield java/lang/invoke/DirectMethodHandle OBJ_OBJ_TYPE Ljava/lang/invoke/MethodType; java/lang/invoke/MethodType
staticfield java/lang/invoke/DirectMethodHandle LONG_OBJ_TYPE Ljava/lang/invoke/MethodType; java/lang/invoke/MethodType
staticfield java/lang/invoke/DirectMethodHandle $assertionsDisabled Z 1
ciInstanceKlass java/lang/invoke/MutableCallSite 0 0 63 10 100 12 1 1 1 10 12 1 9 100 12 1 1 1 10 12 1 10 12 1 1 9 12 1 1 10 100 12 1 1 1 10 100 12 1 1 1 10 12 1 1 1 1 1 1 1 1 1 1 1 1 1 1 1 1 1 1 100 1 1 1
ciInstanceKlass java/lang/invoke/VolatileCallSite 0 0 37 10 100 12 1 1 1 10 12 1 10 100 12 1 1 1 10 12 1 10 12 1 1 1 1 1 1 1 1 1 1 1 1 1 1 1 1
ciInstanceKlass java/lang/invoke/ResolvedMethodName 1 1 25 10 100 12 1 1 1 9 7 12 1 1 1 1 1 1 1 1 1 1 1 1 1 1 1
ciInstanceKlass java/lang/invoke/MethodHandleNatives 1 1 694 100 1 10 7 12 1 1 1 9 7 12 1 1 1 10 12 1 1 100 1 10 10 12 1 1 10 12 1 10 12 1 8 1 8 1 8 1 8 1 8 1 8 1 8 1 8 1 8 1 8 1 10 12 1 1 7 1 10 7 12 1 1 1 10 7 12 1 1 1 7 1 10 10 12 1 1 8 1 10 12 1 8 1 10 12 1 1 8 1 10 12 1 1 9 7 12 1 1 1 8 1 10 100 12 1 1 1 7 1 10 12 100 1 100 1 8 1 7 1 10 10 12 1 7 1 9 7 12 1 1 10 12 1 1 10 12 1 10 7 12 1 1 1 10 12 1 1 9 12 1 8 1 10 12 1 1 10 12 1 8 1 10 12 1 1 7 1 10 12 1 10 7 12 1 1 1 10 12 1 10 12 1 1 10 12 1 1 8 1 10 12 1 1 8 1 10 12 1 8 1 8 1 8 1 7 1 10 12 1 8 1 10 7 12 1 1 1 10 12 1 1 10 7 12 1 1 10 10 12 1 1 10 12 1 10 100 12 1 1 1 100 1 8 1 10 100 12 1 1 1 7 1 8 1 10 12 1 8 1 8 1 8 1 8 1 8 1 10 12 1 1 10 12 1 1 10 12 1 10 12 1 1 10 12 1 1 7 1 10 12 1 7 1 7 1 10 12 1 10 12 1 8 1 8 1 10 10 12 1 1 10 12 1 1 8 1 10 7 12 1 1 8 1 8 1 10 12 1 1 10 7 12 1 1 1 100 1 10 12 1 1 7 1 9 12 1 1 10 7 12 1 1 1 10 10 12 1 9 12 1 10 12 1 9 12 1 9 12 1 10 12 1 1 10 12 1 10 12 1 1 7 1 7 1 10 12 1 1 10 12 1 10 12 1 1 10 7 12 1 1 1 10 12 1 8 1 10 12 1 10 12 1 10 12 1 1 10 12 1 10 7 12 1 1 1 10 12 1 1 100 1 8 1 10 9 7 12 1 1 1 10 12 1 1 10 12 1 1 7 1 10 12 1 1 10 12 1 1 100 1 100 1 10 10 100 1 100 1 10 100 1 10 10 12 1 1 10 7 1 10 12 1 10 12 1 1 10 12 1 1 10 12 1 1 10 12 1 10 12 1 1 10 8 1 10 12 1 10 12 1 10 12 1 10 12 1 10 12 1 1 10 12 1 10 12 1 10 12 1 10 10 7 12 1 1 10 12 1 1 1 1 1 1 1 1 1 1 1 1 1 7 1 1 1 1 1 1 1 1 1 1 1 1 1 1 1 1 1 1 1 1 1 1 1 1 1 1 1 1 1 1 1 1 1 1 1 1 1 1 1 1 1 1 1 1 1 1 1 1 1 1 1 1 1 1 1 1 1 1 1 1 1 1 1 1 1 100 1 1 1 1 1 1 1 1 1 1 1 1 1 1 1 1 1 1 1 1 1 1 1 1 1 1 1 1 1 1 1 1 1 1 1 100 1 1 1 1 1 1 1 1 1 1 1 1 1 1 1 1 1 1 1 1 1 1 1 1 1 1 1 1 7 1 1 1 1 1 1 1 100 1 1 1
staticfield java/lang/invoke/MethodHandleNatives $assertionsDisabled Z 1
ciInstanceKlass java/lang/invoke/MethodHandleNatives$CallSiteContext 1 1 49 10 7 12 1 1 1 7 1 10 10 7 12 1 1 1 10 7 12 1 1 1 10 7 12 1 1 1 100 1 1 1 1 1 1 1 1 1 1 1 1 1 1 1 1 1 100 1 1
ciInstanceKlass jdk/internal/foreign/abi/NativeEntryPoint 0 0 199 10 7 12 1 1 1 9 7 12 1 1 1 9 12 1 1 100 1 8 1 10 12 1 10 12 1 1 100 1 10 100 12 1 1 1 10 12 1 9 12 1 1 18 12 1 1 10 100 12 1 1 1 10 7 12 1 1 1 9 7 12 1 1 1 7 1 10 8 1 10 12 1 1 10 12 1 10 12 1 1 8 1 10 12 1 1 7 1 8 1 10 12 1 10 12 1 1 7 1 8 1 10 10 12 1 9 12 1 1 18 12 1 1 10 100 12 1 1 1 10 12 1 1 10 12 1 10 100 12 1 1 1 10 1 1 1 1 1 1 1 1 1 1 1 1 1 1 1 1 1 1 1 1 1 1 1 1 1 1 1 1 1 1 1 1 1 1 1 1 1 16 1 15 10 12 16 1 16 15 10 12 15 10 100 12 1 1 1 1 1 100 1 1 100 1 100 1 1
ciInstanceKlass jdk/internal/foreign/abi/ABIDescriptor 0 0 55 10 100 12 1 1 1 9 100 12 1 1 1 9 12 1 1 9 12 1 9 12 1 9 12 1 1 9 12 1 9 12 1 1 9 12 1 9 12 1 9 12 1 9 12 1 1 1 1 1 1 1 1 1 1
ciInstanceKlass jdk/internal/foreign/abi/VMStorage 0 0 91 10 7 12 1 1 1 9 7 12 1 1 1 9 12 1 1 9 12 1 1 9 12 1 1 7 1 10 8 1 10 12 1 1 10 12 1 10 12 1 1 10 12 1 18 12 1 18 12 1 1 18 12 1 1 1 1 1 1 1 1 1 1 1 1 1 1 1 1 1 1 1 8 1 15 15 15 15 15 10 100 12 1 1 1 1 100 1 100 1 1
ciInstanceKlass jdk/internal/foreign/abi/UpcallLinker$CallRegs 0 0 66 10 7 12 1 1 1 9 7 12 1 1 1 9 12 1 18 12 1 1 18 12 1 1 18 12 1 1 1 1 1 1 1 1 1 1 1 1 1 1 1 1 1 1 100 1 1 1 8 1 15 15 15 10 100 12 1 1 1 1 1 100 1 100 1 1
instanceKlass java/lang/StackFrameInfo
ciInstanceKlass java/lang/ClassFrameInfo 1 1 126 10 7 12 1 1 1 9 7 12 1 1 1 7 1 3 9 12 1 1 9 12 1 1 7 1 9 12 1 1 3 11 100 12 1 1 1 11 12 1 10 12 1 1 10 12 1 1 10 12 1 100 1 10 10 12 1 1 8 1 8 1 10 12 7 1 10 10 12 1 1 8 1 10 12 1 8 1 10 12 8 1 10 12 1 10 7 12 1 1 1 7 1 1 1 1 1 1 1 1 1 1 1 1 1 1 1 1 1 1 1 1 1 1 1 1 1 1 1 7 1 1 1 1 1 1
staticfield java/lang/ClassFrameInfo JLIA Ljdk/internal/access/JavaLangInvokeAccess; java/lang/invoke/MethodHandleImpl$1
ciInstanceKlass java/lang/StackWalker$StackFrame 1 1 41 100 1 10 12 1 1 100 1 100 1 1 1 1 1 1 1 1 1 1 1 1 1 1 1 1 1 1 1 1 1 1 1 1 1 1 1 100 1 1 1
ciInstanceKlass java/lang/StackWalker 1 1 259 9 7 12 1 1 1 10 7 12 1 1 1 7 1 10 7 12 1 1 1 10 12 1 1 11 7 12 1 1 1 10 12 1 1 10 12 1 1 10 12 1 1 100 1 8 1 10 12 1 10 12 1 10 12 1 10 7 12 1 1 9 12 1 1 9 12 1 1 9 12 1 1 9 12 1 1 10 12 1 1 9 12 1 1 9 12 1 1 9 12 1 1 10 7 12 1 1 1 11 12 1 1 100 1 8 1 10 10 7 12 1 1 9 12 1 1 10 12 1 1 10 7 12 1 1 1 10 7 12 1 1 1 18 12 1 1 100 1 8 1 10 8 1 10 12 1 1 10 100 12 1 1 1 10 12 1 1 10 12 1 9 7 12 1 1 11 100 12 1 1 1 10 12 1 1 1 1 1 1 1 1 1 1 1 1 1 1 1 1 1 1 1 1 1 1 1 1 1 1 1 1 1 1 1 1 1 1 1 1 1 1 1 1 1 1 1 1 1 1 1 1 1 1 1 1 1 1 1 1 1 1 7 1 1 16 15 10 12 16 1 15 10 100 12 1 1 1 1 1 1 1 1 1 100 1 100 1 1
staticfield java/lang/StackWalker DEFAULT_EMPTY_OPTION Ljava/util/EnumSet; java/util/RegularEnumSet
staticfield java/lang/StackWalker DEFAULT_WALKER Ljava/lang/StackWalker; java/lang/StackWalker
instanceKlass java/lang/LiveStackFrameInfo
ciInstanceKlass java/lang/StackFrameInfo 1 1 150 10 7 12 1 1 1 9 7 12 1 1 1 9 12 1 1 11 7 12 1 1 1 10 12 1 1 10 7 12 1 1 1 9 12 1 1 10 12 1 1 9 12 1 1 100 1 10 12 10 12 1 9 12 1 100 1 100 1 10 12 1 1 11 12 1 1 10 12 1 10 12 1 10 12 1 1 9 12 1 1 10 12 1 1 10 100 12 1 1 10 12 1 1 9 12 1 10 100 12 1 1 1 9 12 1 1 10 100 1 10 12 1 9 12 1 1 10 12 1 1 10 12 1 1 1 1 1 1 1 1 1 1 1 1 1 1 1 1 100 1 100 1 1 1 1 1 1 1 1
staticfield java/lang/StackFrameInfo $assertionsDisabled Z 1
ciInstanceKlass java/lang/LiveStackFrameInfo 0 0 97 10 7 12 1 1 1 9 7 12 1 1 1 9 12 1 9 12 1 9 12 1 9 12 1 1 7 1 10 12 1 1 10 12 1 8 1 10 12 1 1 8 1 8 1 8 1 10 100 1 10 12 1 100 1 10 12 1 7 1 7 1 1 1 3 1 3 1 1 1 1 1 1 1 1 1 1 1 1 1 1 1 1 1 1 1 1 1 1 1 1 1 1 1 100 1 1
ciInstanceKlass java/lang/LiveStackFrame 0 0 135 100 1 10 100 12 1 1 1 11 7 12 1 1 1 11 12 1 10 7 12 1 1 1 100 1 8 1 10 12 1 1 10 7 12 1 1 1 9 100 12 1 1 1 10 7 12 1 1 1 10 7 12 1 1 1 11 12 1 10 12 1 7 1 7 1 1 1 1 1 1 1 1 1 1 1 1 1 1 1 1 1 1 1 1 1 1 1 1 1 1 1 1 100 1 1 1 1 1 1 1 100 1 8 1 1 12 10 1 1 1 8 1 1 1 8 1 1 1 8 1 1 1 8 1 1 8 1 1 1 8 1 1 8 1
instanceKlass java/lang/StackStreamFactory$StackFrameTraverser
ciInstanceKlass java/lang/StackStreamFactory$AbstractStackWalker 1 1 364 7 1 7 1 3 10 7 12 1 1 1 10 7 12 1 1 10 7 12 1 1 1 9 12 1 1 9 12 1 1 9 12 1 1 9 12 1 9 12 1 10 7 12 1 1 1 10 12 1 1 10 7 12 1 1 9 12 1 1 9 12 1 1 10 12 1 1 9 12 1 1 10 7 12 1 1 1 10 12 1 1 9 12 1 1 9 7 12 1 1 1 7 1 10 8 1 10 12 1 1 10 12 1 8 1 10 12 1 1 10 100 12 1 1 1 100 1 8 1 10 12 1 8 1 10 12 10 7 12 1 1 9 12 1 1 8 1 5 0 8 1 8 1 9 12 1 1 10 12 1 1 18 12 1 1 10 7 12 1 1 1 10 12 1 1 10 12 1 10 12 1 9 7 12 1 1 1 10 12 1 1 9 12 1 10 12 1 10 12 1 10 12 1 10 12 1 10 12 1 10 12 1 1 8 1 10 12 1 10 12 1 10 12 1 10 12 1 1 8 1 10 12 1 1 10 12 1 1 10 12 1 1 10 12 1 10 12 1 10 12 1 9 12 1 8 1 10 12 1 8 1 10 12 1 10 12 1 1 10 12 1 10 12 1 10 12 1 1 10 12 1 10 12 1 10 12 1 10 12 1 10 12 1 10 12 1 1 10 12 1 10 12 1 10 12 1 10 12 1 8 1 1 1 1 1 1 1 1 1 1 1 1 1 7 1 1 1 1 1 1 7 1 1 1 1 7 1 1 1 1 1 1 1 1 1 1 1 1 1 1 1 1 1 1 16 15 15 10 100 12 1 1 1 1 1 1 1 1 100 1 100 1 1
ciInstanceKlass jdk/internal/module/Modules 1 1 507 10 7 12 1 1 1 9 7 12 1 1 1 11 7 12 1 1 1 11 12 1 1 11 12 1 1 11 12 1 1 11 12 1 11 12 1 11 12 1 11 12 1 11 12 1 11 12 1 1 10 7 12 1 1 1 10 100 12 1 1 1 18 12 1 1 10 7 12 1 1 1 7 1 10 7 12 1 1 1 10 100 12 1 1 1 10 100 12 1 1 10 12 1 1 11 12 1 9 12 1 1 11 100 12 1 1 1 10 12 1 1 10 10 12 1 10 9 12 1 1 10 7 12 1 1 10 12 1 1 10 100 12 1 1 100 1 11 100 12 1 1 1 10 100 12 1 1 1 11 100 12 1 1 10 12 1 1 10 100 12 1 1 10 100 12 1 1 1 10 12 1 1 10 12 1 1 11 12 1 1 18 12 1 1 11 100 12 1 1 10 100 12 1 1 1 11 100 12 1 1 1 7 1 11 12 1 1 11 7 12 1 1 1 11 12 1 1 10 12 1 1 10 100 12 1 1 18 12 1 1 11 12 1 1 18 12 1 1 11 12 1 1 10 12 1 18 18 10 12 1 1 9 12 1 1 11 7 12 1 1 1 100 1 10 11 12 1 11 12 1 1 11 12 1 1 10 100 1 10 12 1 1 10 100 12 1 1 10 12 1 1 11 12 10 12 1 1 7 1 10 18 12 1 10 12 1 1 7 1 8 1 10 12 1 10 100 12 1 1 18 12 1 11 11 12 10 12 1 10 10 100 1 18 12 1 10 10 10 7 12 1 1 10 7 12 1 1 1 10 12 1 1 1 1 1 1 1 1 1 1 1 1 1 1 1 1 1 1 1 1 1 1 1 1 1 1 1 1 1 1 1 1 1 100 1 1 1 1 1 1 1 1 1 1 1 1 1 1 1 1 1 1 1 1 1 1 1 1 1 1 1 1 1 1 1 1 1 1 1 7 1 1 1 1 1 1 1 1 1 1 1 1 1 1 1 1 1 1 1 1 1 1 1 16 15 10 12 1 16 16 15 10 12 1 16 1 16 1 15 10 12 1 16 1 16 1 15 10 12 16 1 15 10 16 1 15 10 12 16 1 15 10 12 16 15 10 12 16 15 10 12 15 10 100 12 1 1 1 1 1 1 100 1 100 1 1
staticfield jdk/internal/module/Modules JLA Ljdk/internal/access/JavaLangAccess; java/lang/System$2
staticfield jdk/internal/module/Modules JLMA Ljdk/internal/access/JavaLangModuleAccess; java/lang/module/ModuleDescriptor$1
staticfield jdk/internal/module/Modules $assertionsDisabled Z 1
ciInstanceKlass java/lang/invoke/Invokers$Holder 1 1 128 1 100 1 100 1 1 1 1 1 1 1 7 1 7 1 7 1 1 12 10 1 1 12 10 1 1 12 10 1 1 100 1 1 12 9 1 1 1 12 10 1 1 1 12 10 1 1 12 10 1 1 12 10 1 12 10 1 1 1 12 10 1 1 100 1 1 12 10 1 12 10 1 1 12 10 1 12 10 1 1 12 10 1 1 12 10 1 12 10 1 1 12 10 1 1 12 10 1 1 12 10 1 12 10 12 10 12 10 12 10 12 10 1 1 12 10 1 1 12 10 1 1 12 10 1 1 1
ciMethod java/lang/invoke/Invokers$Holder linkToTargetMethod (Ljava/lang/Object;)Ljava/lang/Object; 530 0 79254 0 -1
instanceKlass org/thymeleaf/standard/expression/ExpressionParsingState
instanceKlass org/springframework/beans/factory/support/ManagedList
ciInstanceKlass java/util/ArrayList 1 1 509 10 7 12 1 1 1 7 1 9 7 12 1 1 1 9 12 1 100 1 7 1 10 8 1 10 12 1 1 10 12 1 10 12 1 1 10 12 1 9 12 1 11 7 12 1 1 1 9 12 1 1 11 12 1 1 7 10 7 12 1 1 1 9 12 1 10 12 1 10 12 1 1 10 7 12 1 1 1 10 7 12 1 1 1 10 12 1 1 10 12 1 1 10 12 1 1 10 12 1 10 12 1 1 100 1 7 1 10 12 1 10 10 7 12 1 1 1 10 7 12 1 1 10 12 1 100 1 10 10 12 10 12 1 1 10 12 1 1 10 12 1 10 12 10 12 1 1 7 1 10 12 1 1 10 12 1 1 10 12 1 100 1 10 11 12 1 1 11 7 12 1 1 1 11 12 1 10 12 1 10 12 1 10 12 1 1 100 1 10 12 1 1 10 10 12 1 1 10 12 1 8 1 8 1 8 1 8 1 10 12 1 1 10 12 1 1 11 12 1 7 1 10 100 12 1 1 10 12 1 10 12 1 1 10 100 12 1 1 10 12 1 10 100 12 1 1 1 11 100 12 1 1 1 10 12 1 100 1 8 1 10 7 1 10 12 1 7 1 10 12 1 10 12 1 1 7 1 10 12 1 10 12 1 1 11 7 12 1 1 7 1 10 12 1 10 12 1 1 11 7 12 1 1 10 12 1 1 10 12 1 1 10 12 1 1 10 12 1 1 11 100 12 1 1 10 12 1 1 7 1 7 1 7 1 1 1 1 5 0 1 3 1 1 1 1 1 1 1 1 1 1 1 1 1 1 1 1 1 1 1 1 1 1 1 1 1 1 1 1 1 1 1 1 1 1 1 1 1 1 1 1 1 1 1 1 1 1 1 1 1 1 1 1 1 1 1 1 1 1 1 1 1 1 1 1 1 1 1 1 1 1 1 1 1 1 1 1 1 1 1 1 1 1 1 1 1 1 1 1 1 1 1 1 1 1 1 1 1 1 1 1 1 1 1 1 100 1 1 1 1 7 1 1 1 1 1 1 1 1 1 1 1 1 1 1 1 1 1 1 1 1 1 1 1 1 1 1 1 1 1 100 1 1 1 1 1 1 1 1 1 1 1 1 1 1 1 1 1 1 100 1 100 1 1 1 1 1 1
staticfield java/util/ArrayList EMPTY_ELEMENTDATA [Ljava/lang/Object; 0 [Ljava/lang/Object;
staticfield java/util/ArrayList DEFAULTCAPACITY_EMPTY_ELEMENTDATA [Ljava/lang/Object; 0 [Ljava/lang/Object;
ciInstanceKlass java/util/RandomAccess 1 0 7 100 1 100 1 1 1
instanceKlass java/util/LinkedHashSet
ciInstanceKlass java/util/HashSet 1 1 303 10 7 12 1 1 1 7 1 10 9 7 12 1 1 1 11 7 12 1 1 1 10 7 12 1 1 1 10 12 1 1 10 12 1 1 10 12 1 10 12 1 7 1 10 10 12 1 1 11 7 12 1 1 1 10 10 12 1 1 10 12 1 1 9 12 1 1 10 12 1 1 10 12 1 1 10 12 1 10 7 12 1 1 1 10 100 1 7 1 10 12 1 10 100 12 1 1 10 12 1 10 12 1 10 12 1 1 10 12 1 1 11 7 12 1 1 11 12 1 10 12 1 1 10 100 12 1 1 1 10 12 1 100 1 7 1 10 8 1 10 12 1 1 10 12 1 10 12 1 1 10 12 1 10 12 1 10 7 12 1 1 1 8 1 10 12 1 4 4 10 12 1 1 8 1 10 12 1 1 4 10 100 12 1 1 1 100 1 10 12 1 1 11 100 12 1 1 1 100 1 10 12 1 7 1 10 12 1 10 12 1 1 10 12 1 100 1 8 1 10 10 12 1 10 10 7 1 7 1 1 1 1 5 0 1 1 1 1 1 1 1 1 1 1 1 1 1 1 1 1 1 1 1 1 1 1 1 1 1 1 1 1 1 1 1 1 1 1 100 1 1 1 1 7 1 1 1 1 1 1 1 1 1 1 1 1 1 1 1 1 1 1 1 100 1 1 100 1 7 1 1 1
staticfield java/util/HashSet PRESENT Ljava/lang/Object; java/lang/Object
ciInstanceKlass java/util/function/Function 1 1 77 10 7 12 1 1 1 18 12 1 1 18 18 12 1 11 7 12 1 7 1 1 1 1 1 1 1 1 1 1 1 1 1 1 1 1 1 1 1 1 1 1 1 1 1 1 1 1 1 1 1 1 1 1 16 15 11 12 15 11 12 15 11 12 15 10 7 12 1 1 1 1 100 1 100 1 1
ciInstanceKlass java/lang/annotation/Annotation 1 0 17 100 1 100 1 1 1 1 1 1 1 1 1 1 1 1 1
ciMethod java/lang/annotation/Annotation annotationType ()Ljava/lang/Class; 0 0 1 0 -1
ciMethod java/util/Map computeIfAbsent (Ljava/lang/Object;Ljava/util/function/Function;)Ljava/lang/Object; 0 0 1 0 -1
instanceKlass java/util/RegularEnumSet
ciInstanceKlass java/util/EnumSet 1 1 243 10 7 12 1 1 1 9 7 12 1 1 1 9 12 1 1 10 12 1 1 7 1 7 1 10 10 12 1 1 8 1 10 12 1 10 12 1 1 10 12 1 7 1 10 12 1 100 1 10 10 12 1 1 10 12 1 10 12 1 1 11 7 12 1 1 1 100 1 8 1 10 11 12 1 1 11 7 12 1 1 1 7 1 10 12 1 1 11 12 1 10 12 1 1 10 12 1 1 10 12 1 10 12 1 1 10 12 1 1 8 1 10 12 1 1 10 7 12 1 100 1 100 1 10 12 1 10 12 1 10 7 12 1 1 8 1 10 7 12 1 1 1 11 7 12 1 1 100 1 10 12 1 100 1 8 1 10 7 1 7 1 1 1 1 5 0 1 1 1 1 1 1 1 1 1 1 1 1 100 1 1 1 1 1 1 1 1 1 1 1 1 1 1 1 1 1 1 1 1 1 1 1 1 1 1 1 1 1 1 1 1 1 1 1 1 1 1 1 1 1 1 1 1 1 1 1 1 1 1 1 1 1 1 1 1 1 1 1 1 1 1 1
ciMethod java/util/EnumSet of (Ljava/lang/Enum;[Ljava/lang/Enum;)Ljava/util/EnumSet; 768 1536 5604 0 -1
ciMethod java/util/EnumSet noneOf (Ljava/lang/Class;)Ljava/util/EnumSet; 516 0 5411 0 -1
ciInstanceKlass jdk/internal/ref/CleanerImpl$PhantomCleanableRef 1 1 51 10 7 12 1 1 1 9 7 12 1 1 1 10 12 1 11 7 12 1 1 100 1 8 1 10 12 1 8 1 1 1 1 1 1 1 1 1 1 1 1 1 1 1 1 1 1 100 1 1 1
ciInstanceKlass java/util/concurrent/atomic/AtomicInteger 1 1 181 10 7 12 1 1 1 9 7 12 1 1 1 9 12 1 1 9 12 1 1 10 7 12 1 1 1 10 12 1 1 10 12 1 1 10 12 1 10 12 1 10 12 1 1 11 100 12 1 1 1 10 12 1 1 11 100 12 1 1 10 7 12 1 1 1 10 12 1 1 10 12 1 10 12 1 10 12 1 10 12 1 10 12 1 1 10 12 1 10 12 1 10 12 1 10 12 1 10 12 1 10 12 1 1 8 10 12 1 1 7 1 1 1 5 0 1 1 1 1 1 1 1 1 1 1 1 1 1 1 1 1 1 1 1 1 1 1 1 1 1 1 1 1 1 1 1 1 1 1 1 1 1 1 1 1 1 1 1 1 1 1 1 1 1 1 1 1 1 1 1 1 1 1 1 1 1 1 1 1 1
staticfield java/util/concurrent/atomic/AtomicInteger U Ljdk/internal/misc/Unsafe; jdk/internal/misc/Unsafe
staticfield java/util/concurrent/atomic/AtomicInteger VALUE J 12
ciMethod java/util/concurrent/atomic/AtomicInteger get ()I 296 0 148 0 0
ciMethod java/util/concurrent/atomic/AtomicInteger set (I)V 268 0 134 0 -1
ciInstanceKlass java/util/concurrent/locks/Lock 1 0 19 100 1 100 1 1 1 1 1 100 1 1 1 1 1 1 1 1 1
instanceKlass org/springframework/util/ConcurrentReferenceHashMap$Segment
instanceKlass jdk/internal/loader/NativeLibraries$CountedLock
instanceKlass java/util/concurrent/ConcurrentHashMap$Segment
ciInstanceKlass java/util/concurrent/locks/ReentrantLock 1 1 177 10 7 12 1 1 1 7 1 10 9 7 12 1 1 1 100 1 10 10 7 12 1 1 10 12 1 10 12 1 1 10 7 12 1 1 1 10 12 1 1 10 12 1 1 10 12 1 1 10 12 1 1 10 12 1 10 12 1 10 12 1 1 10 12 1 10 12 1 1 10 12 1 10 12 1 1 100 1 10 100 1 100 1 8 1 10 12 1 10 12 1 1 10 12 1 1 10 12 1 1 7 1 10 10 12 1 1 10 12 1 1 8 1 8 1 10 7 12 1 1 8 1 10 7 1 7 1 1 1 1 5 0 1 1 1 1 1 1 1 1 1 1 100 1 1 1 1 1 1 1 1 1 1 1 1 1 1 1 1 1 1 1 1 1 7 1 1 1 1 1 1 1 1 100 1 1
ciMethod java/util/concurrent/locks/ReentrantLock lock ()V 12 0 22284 0 616
ciMethod java/util/concurrent/locks/ReentrantLock unlock ()V 10 0 28155 0 344
ciInstanceKlass java/util/concurrent/locks/LockSupport 1 1 105 10 7 12 1 1 1 9 7 12 1 1 1 9 12 1 1 10 7 12 1 1 1 10 7 12 1 1 1 10 12 1 1 10 100 12 1 1 1 10 12 1 10 12 1 1 10 12 1 10 12 1 10 12 1 10 12 1 100 1 10 10 12 1 1 10 12 1 1 10 12 1 1 8 1 10 12 1 1 1 1 1 1 1 1 1 1 1 1 1 1 1 7 1 1 1 1 1 1 1 1 1 1 1 1
staticfield java/util/concurrent/locks/LockSupport U Ljdk/internal/misc/Unsafe; jdk/internal/misc/Unsafe
staticfield java/util/concurrent/locks/LockSupport PARKBLOCKER J 92
ciMethod java/util/concurrent/locks/LockSupport park (Ljava/lang/Object;)V 128 0 529 0 -1
ciMethod java/util/concurrent/locks/LockSupport unpark (Ljava/lang/Thread;)V 0 0 5120 0 168
ciMethod java/util/concurrent/locks/LockSupport parkNanos (Ljava/lang/Object;J)V 204 0 5222 0 -1
ciMethod java/lang/ref/ReferenceQueue poll ()Ljava/lang/ref/Reference; 770 0 9808 0 0
ciInstanceKlass java/util/concurrent/locks/ReentrantLock$NonfairSync 1 1 69 10 7 12 1 1 1 10 7 12 1 1 1 10 7 12 1 1 1 10 12 1 1 10 12 1 10 12 1 1 7 1 8 1 10 12 1 10 12 1 1 1 1 1 5 0 1 1 1 1 1 1 1 1 1 1 1 1 1 1 1 1 1 1 100 1 1 1 1
instanceKlass java/util/concurrent/Semaphore$Sync
instanceKlass org/apache/tomcat/util/threads/ThreadPoolExecutor$Worker
instanceKlass java/util/concurrent/ThreadPoolExecutor$Worker
instanceKlass org/apache/tomcat/util/threads/LimitLatch$Sync
instanceKlass java/util/concurrent/CountDownLatch$Sync
instanceKlass java/util/concurrent/locks/ReentrantReadWriteLock$Sync
instanceKlass java/util/concurrent/locks/ReentrantLock$Sync
ciInstanceKlass java/util/concurrent/locks/AbstractQueuedSynchronizer 1 1 367 10 7 12 1 1 1 9 7 12 1 1 1 9 12 1 1 9 12 1 1 10 7 12 1 1 1 9 12 1 10 12 1 1 9 12 1 1 9 12 1 10 7 12 1 1 7 1 10 7 1 9 12 1 10 12 1 1 10 7 12 1 1 1 10 12 1 1 9 7 12 1 1 9 12 1 9 12 1 1 10 7 12 1 1 1 9 12 1 10 12 1 1 9 7 1 10 12 1 1 10 12 1 10 12 1 10 12 1 1 7 1 10 12 1 1 10 12 1 10 12 1 10 12 1 1 10 10 10 12 1 1 10 7 12 1 1 1 10 12 1 1 10 12 1 10 12 1 1 10 12 1 5 0 10 12 1 10 12 1 10 12 1 3 100 1 10 10 12 1 1 100 1 10 10 12 1 10 12 1 100 1 10 10 12 1 7 1 10 10 12 1 1 7 1 10 10 7 12 1 1 1 10 12 1 1 8 1 10 12 1 1 10 12 1 8 1 10 12 1 8 1 8 1 8 1 10 10 100 12 1 1 1 10 12 1 1 100 1 8 1 10 12 1 10 12 1 10 12 1 10 12 1 1 10 12 1 1 8 10 12 1 1 8 8 7 1 1 1 5 0 1 3 1 1 3 1 1 1 1 1 1 1 1 1 1 1 1 1 1 1 1 1 1 1 1 1 1 1 1 1 1 1 1 1 1 1 1 1 1 1 1 1 1 1 1 1 1 1 1 1 1 1 1 1 1 1 1 1 1 1 1 1 1 1 1 1 1 1 1 1 1 1 1 1 1 1 1 1 1 7 1 1 1 1 1 1 1 1 1 1 1 1 1 1 1 1
staticfield java/util/concurrent/locks/AbstractQueuedSynchronizer U Ljdk/internal/misc/Unsafe; jdk/internal/misc/Unsafe
staticfield java/util/concurrent/locks/AbstractQueuedSynchronizer STATE J 16
staticfield java/util/concurrent/locks/AbstractQueuedSynchronizer HEAD J 20
staticfield java/util/concurrent/locks/AbstractQueuedSynchronizer TAIL J 24
ciMethod java/util/concurrent/locks/AbstractQueuedSynchronizer tryAcquire (I)Z 0 0 1 0 -1
ciMethod java/util/concurrent/locks/AbstractQueuedSynchronizer tryRelease (I)Z 0 0 1 0 -1
ciMethod java/util/concurrent/locks/AbstractQueuedSynchronizer tryAcquireShared (I)I 0 0 1 0 -1
ciMethod java/util/concurrent/locks/AbstractQueuedSynchronizer getState ()I 764 0 382 0 0
ciMethod java/util/concurrent/locks/AbstractQueuedSynchronizer compareAndSetState (II)Z 1024 0 1716 0 104
ciMethod java/util/concurrent/locks/AbstractQueuedSynchronizer setState (I)V 802 0 401 0 0
ciMethod java/util/concurrent/locks/AbstractQueuedSynchronizer release (I)Z 12 0 39611 0 400
ciMethod java/util/concurrent/locks/AbstractQueuedSynchronizer acquire (I)V 0 0 5120 0 160
ciMethod java/util/concurrent/locks/AbstractQueuedSynchronizer acquire (Ljava/util/concurrent/locks/AbstractQueuedSynchronizer$Node;IZZZJ)I 396 630 10440 0 4808
ciMethod java/util/concurrent/locks/AbstractQueuedSynchronizer tryInitializeHead ()Ljava/util/concurrent/locks/AbstractQueuedSynchronizer$Node; 330 0 5287 0 -1
ciMethod java/util/concurrent/locks/AbstractQueuedSynchronizer casTail (Ljava/util/concurrent/locks/AbstractQueuedSynchronizer$Node;Ljava/util/concurrent/locks/AbstractQueuedSynchronizer$Node;)Z 312 0 1181 0 -1
ciMethod java/util/concurrent/locks/AbstractQueuedSynchronizer cleanQueue ()V 0 0 1 0 -1
ciMethod java/util/concurrent/locks/AbstractQueuedSynchronizer cancelAcquire (Ljava/util/concurrent/locks/AbstractQueuedSynchronizer$Node;ZZ)I 0 0 1 0 -1
ciMethod java/util/concurrent/locks/AbstractQueuedSynchronizer signalNextIfShared (Ljava/util/concurrent/locks/AbstractQueuedSynchronizer$Node;)V 0 0 12 0 -1
ciMethod java/util/concurrent/locks/AbstractQueuedSynchronizer acquireOnOOME (ZI)I 0 0 1 0 -1
ciMethod java/util/concurrent/locks/AbstractQueuedSynchronizer signalNext (Ljava/util/concurrent/locks/AbstractQueuedSynchronizer$Node;)V 12 0 12346 0 152
instanceKlass java/util/concurrent/locks/ReentrantLock$NonfairSync
ciInstanceKlass java/util/concurrent/locks/ReentrantLock$Sync 1 1 127 10 7 12 1 1 1 10 7 12 1 1 1 10 7 12 1 1 1 10 12 1 1 10 12 1 1 10 12 1 7 1 8 1 10 12 1 10 12 1 1 10 12 1 1 10 12 1 10 12 1 100 1 10 10 12 1 10 12 1 1 7 1 10 7 1 10 12 1 10 12 1 10 100 12 1 1 1 1 1 5 0 1 1 1 1 1 1 1 1 1 1 1 1 1 1 1 1 1 1 1 1 1 1 1 1 1 1 1 1 1 1 1 1 1 100 1 7 1 1 1 1 100 1 1 1 1
ciMethod java/util/concurrent/locks/ReentrantLock$Sync tryRelease (I)Z 12 0 13330 0 224
ciMethod java/util/concurrent/locks/ReentrantLock$Sync initialTryLock ()Z 0 0 1 0 -1
ciMethod java/util/concurrent/locks/ReentrantLock$Sync lock ()V 12 0 22287 0 0
ciMethod java/util/concurrent/locks/ReentrantLock$NonfairSync tryAcquire (I)Z 1024 0 5632 0 312
ciMethod java/util/concurrent/locks/ReentrantLock$NonfairSync initialTryLock ()Z 1024 0 11791 0 528
ciInstanceKlass java/util/concurrent/locks/AbstractQueuedSynchronizer$ExclusiveNode 1 1 22 10 7 12 1 1 1 100 1 1 1 1 1 1 1 1 1 100 1 1 1 1
instanceKlass java/util/concurrent/locks/AbstractQueuedSynchronizer$SharedNode
instanceKlass java/util/concurrent/locks/AbstractQueuedSynchronizer$ConditionNode
instanceKlass java/util/concurrent/locks/AbstractQueuedSynchronizer$ExclusiveNode
ciInstanceKlass java/util/concurrent/locks/AbstractQueuedSynchronizer$Node 1 1 84 10 7 12 1 1 1 9 7 12 1 1 1 9 7 12 1 1 1 10 7 12 1 1 1 9 12 1 9 12 1 10 12 1 1 10 12 1 1 10 12 1 1 10 12 1 8 1 10 12 1 1 8 1 8 1 1 1 1 1 1 1 1 1 1 1 1 1 1 1 1 1 1 1 1 1 1 1 1 1 1 1 1 1
staticfield java/util/concurrent/locks/AbstractQueuedSynchronizer$Node STATUS J 12
staticfield java/util/concurrent/locks/AbstractQueuedSynchronizer$Node NEXT J 20
staticfield java/util/concurrent/locks/AbstractQueuedSynchronizer$Node PREV J 16
ciMethod java/util/concurrent/locks/AbstractQueuedSynchronizer$Node setPrevRelaxed (Ljava/util/concurrent/locks/AbstractQueuedSynchronizer$Node;)V 312 0 1181 0 -1
ciMethod java/util/concurrent/locks/AbstractQueuedSynchronizer$Node getAndUnsetStatus (I)I 0 0 5124 0 144
ciMethod java/util/concurrent/locks/AbstractQueuedSynchronizer$Node clearStatus ()V 432 0 5336 0 -1
ciMethod java/util/concurrent/locks/AbstractQueuedSynchronizer$ExclusiveNode <init> ()V 240 0 375 0 -1
ciInstanceKlass java/util/Collections$EmptySet 1 1 100 10 7 12 1 1 1 10 7 12 1 1 1 11 7 12 1 1 1 7 1 10 7 12 1 1 1 10 7 12 1 1 1 9 12 1 1 100 1 100 1 1 1 1 5 0 1 1 1 1 1 1 1 1 1 1 1 1 1 1 1 1 1 1 1 1 1 1 1 1 1 1 1 1 1 1 1 1 1 1 1 1 1 1 1 1 1 1 1 1 1 1 1 1 1 1 1 1 1 1
ciInstanceKlass java/lang/invoke/BoundMethodHandle$Species_L 1 1 126 10 7 12 1 1 1 9 7 12 1 1 1 9 12 1 1 10 12 1 9 7 12 1 1 1 10 7 12 1 1 1 10 12 1 1 10 7 12 1 1 1 100 1 10 100 12 1 1 1 9 12 1 10 12 1 9 12 1 10 12 1 9 12 1 10 12 1 9 12 1 10 12 1 10 12 1 1 10 12 1 1 1 1 1 1 1 1 1 1 1 1 1 1 1 1 1 1 1 1 1 1 1 1 1 1 1 1 1 1 1 1 1 1 1 1 1 1 1 1 1 1 1 100 1 1
ciInstanceKlass java/util/RegularEnumSet 1 1 158 10 7 12 1 1 1 9 7 12 1 1 1 5 0 10 7 12 1 1 1 9 12 1 1 7 1 10 12 1 10 7 12 1 1 1 10 7 12 1 1 1 9 12 1 1 10 7 12 1 1 10 12 1 1 10 12 1 1 10 12 1 1 10 12 1 7 1 7 1 10 12 1 10 12 1 1 8 1 10 12 1 10 12 1 1 10 12 1 10 12 1 10 12 1 10 12 1 1 10 12 1 1 1 1 5 0 1 1 1 1 1 1 1 1 1 1 1 1 1 1 1 1 1 1 1 1 1 1 1 1 1 1 1 1 1 1 1 1 1 1 1 1 1 1 1 1 1 1 1 1 1 1 1 1 1 1 1
ciMethod java/util/RegularEnumSet add (Ljava/lang/Object;)Z 774 0 22800 0 -1
ciInstanceKlass jdk/internal/util/WeakReferenceKey 1 1 92 10 7 12 1 1 1 10 7 12 1 1 1 9 7 12 1 1 1 10 12 1 1 7 1 11 12 1 1 10 10 12 1 1 7 1 10 12 10 7 12 1 1 1 10 7 12 1 1 1 10 12 1 1 8 1 10 7 12 1 1 10 12 1 10 12 1 1 1 1 1 1 1 1 1 1 1 1 1 1 1 1 1 1 1 1 1 1 1 1 1 1
ciMethod java/util/HashSet <init> ()V 770 0 22847 0 -1
ciMethod java/util/Set add (Ljava/lang/Object;)Z 0 0 1 0 -1
ciMethod java/util/Collections emptySet ()Ljava/util/Set; 514 0 21627 0 -1
ciMethod java/lang/ref/ReferenceQueue headIsNull ()Z 782 0 15207 0 0
ciMethod java/lang/ref/ReferenceQueue poll0 ()Ljava/lang/ref/Reference; 4 0 3682 0 0
ciMethod java/lang/Enum getDeclaringClass ()Ljava/lang/Class; 788 0 5696 0 -1
ciMethod java/util/Arrays equals ([I[I)Z 0 0 1 0 -1
ciMethod java/util/Arrays equals ([C[C)Z 0 0 13776 0 -1
ciMethod java/util/Arrays equals ([S[S)Z 0 0 1 0 -1
ciMethod java/util/Arrays equals ([J[J)Z 0 0 1 0 -1
ciMethod java/util/Arrays equals ([F[F)Z 0 0 1 0 -1
ciMethod java/util/Arrays equals ([Ljava/lang/Object;[Ljava/lang/Object;)Z 468 570 10632 0 -1
ciMethod java/util/Arrays equals ([B[B)Z 404 0 2782 0 -1
ciMethod java/util/Arrays equals ([Z[Z)Z 0 0 1 0 -1
ciMethod java/util/Arrays equals ([D[D)Z 0 0 1 0 -1
ciMethod java/lang/Thread interrupted ()Z 770 0 36891 0 -1
ciMethod java/lang/Thread isVirtual ()Z 74 0 17104 0 -1
ciMethod java/lang/Thread onSpinWait ()V 126 0 63 0 -1
ciMethod java/lang/Thread currentThread ()Ljava/lang/Thread; 0 0 1 0 -1
ciMethod jdk/internal/misc/Unsafe getAndBitwiseAndInt (Ljava/lang/Object;JI)I 518 0 5124 0 -1
ciMethod jdk/internal/misc/Unsafe unpark (Ljava/lang/Object;)V 514 0 257 0 -1
ciMethod jdk/internal/misc/Unsafe compareAndSetInt (Ljava/lang/Object;JII)Z 768 0 384 0 -1
ciMethod java/util/Set contains (Ljava/lang/Object;)Z 0 0 1 0 -1
ciMethod java/util/Set size ()I 0 0 1 0 -1
ciMethod java/lang/Error <init> (Ljava/lang/String;)V 20 0 138 0 0
ciMethod jdk/internal/misc/VM addFinalRefCount (I)V 0 0 1 0 -1
ciMethod java/lang/Throwable <init> (Ljava/lang/String;)V 512 0 2389 0 -1
ciMethod java/lang/reflect/AnnotatedElement getDeclaredAnnotations ()[Ljava/lang/annotation/Annotation; 0 0 1 0 -1
ciMethod java/lang/Class getSimpleName ()Ljava/lang/String; 20 0 281 0 -1
ciMethod java/lang/Class getName ()Ljava/lang/String; 514 0 250017 0 -1
ciMethod java/util/Map put (Ljava/lang/Object;Ljava/lang/Object;)Ljava/lang/Object; 0 0 1 0 -1
ciMethod java/util/Map get (Ljava/lang/Object;)Ljava/lang/Object; 0 0 1 0 -1
ciMethod java/lang/Object getClass ()Ljava/lang/Class; 768 0 384 0 -1
ciMethod java/lang/Object <init> ()V 1024 0 1195265 0 -1
ciInstanceKlass  @bci com/bookstore/controller/BookApiController getStats ()Ljava/util/Map; 43 <appendix> form vmentry <vmtarget> ; 1 1 35 1 7 1 100 1 1 1 1 1 1 1 7 1 1 12 9 1 1 1 1 1 7 1 1 12 10 1 7 12 9 1 1 1 1
staticfield  @bci com/bookstore/controller/BookApiController getStats ()Ljava/util/Map; 43 <appendix> form vmentry <vmtarget> ; _D_0 Ljava/lang/invoke/LambdaForm; java/lang/invoke/LambdaForm
ciInstanceKlass org/springframework/util/ConcurrentReferenceHashMap 1 1 395 7 1 4 9 12 1 1 10 12 1 1 10 7 12 1 1 8 1 10 7 12 1 1 1 8 1 8 1 8 1 10 12 1 1 9 12 1 1 3 10 12 1 1 9 12 1 1 9 12 1 3 7 1 10 7 12 1 1 1 7 1 10 12 1 1 10 12 1 9 12 1 7 1 10 12 1 10 7 12 1 1 1 9 7 12 1 1 1 10 12 1 1 11 7 12 1 1 1 10 7 12 1 1 1 10 12 1 10 7 12 1 1 1 10 12 1 1 10 12 1 1 10 12 1 10 12 1 1 7 1 7 1 9 12 1 1 9 12 1 10 12 1 10 12 1 1 100 1 9 12 1 9 12 1 10 12 1 100 1 10 12 1 100 1 9 12 1 1 10 12 1 1 100 1 10 12 1 100 1 10 9 12 1 7 1 10 12 1 100 1 10 12 1 100 1 10 100 1 10 10 12 1 10 12 1 1 10 12 1 9 12 1 1 7 1 10 9 12 1 7 1 10 9 12 1 1 100 1 10 10 12 1 9 7 12 1 1 100 1 1 1 3 1 1 1 1 1 1 1 1 1 1 1 1 1 1 1 1 1 1 1 1 1 1 1 1 1 1 1 1 1 1 1 1 1 1 1 1 1 1 1 1 1 1 1 1 1 1 1 1 1 1 1 1 1 1 1 1 1 1 1 1 1 1 1 1 1 1 1 1 1 1 1 1 1 1 1 1 1 1 1 1 1 1 1 1 1 1 1 1 1 1 1 1 1 1 1 1 1 100 1 1 1 1 100 1 1 1 1 1 1 1 1 1 1 1 1 1 100 1 100 1 100 1 100 1 100 1 100 1 100 1 1 1 1 1 1 1 1 1 1 1 1 1 1 1 1 1 1 1 100 1 100 1
staticfield org/springframework/util/ConcurrentReferenceHashMap DEFAULT_REFERENCE_TYPE Lorg/springframework/util/ConcurrentReferenceHashMap$ReferenceType; org/springframework/util/ConcurrentReferenceHashMap$ReferenceType
instanceKlass org/springframework/util/ConcurrentReferenceHashMap$7
instanceKlass org/springframework/util/ConcurrentReferenceHashMap$6
instanceKlass org/springframework/util/ConcurrentReferenceHashMap$8
instanceKlass org/springframework/util/ConcurrentReferenceHashMap$9
instanceKlass org/springframework/util/ConcurrentReferenceHashMap$5
instanceKlass org/springframework/util/ConcurrentReferenceHashMap$4
instanceKlass org/springframework/util/ConcurrentReferenceHashMap$1
instanceKlass org/springframework/util/ConcurrentReferenceHashMap$3
instanceKlass org/springframework/util/ConcurrentReferenceHashMap$2
ciInstanceKlass org/springframework/util/ConcurrentReferenceHashMap$Task 1 1 87 9 7 12 1 1 1 10 7 12 1 1 1 100 1 10 7 12 1 1 1 10 12 1 1 9 12 1 1 10 12 1 1 10 12 1 1 1 1 1 1 1 1 1 1 1 1 1 1 100 1 100 1 1 1 1 1 1 1 1 1 1 1 1 1 1 1 1 1 1 1 1 1 1 1 1 1 1 100 1 1 100 1 1 100 1 1
ciInstanceKlass org/springframework/util/ConcurrentReferenceHashMap$1 1 1 95 9 7 12 1 1 1 9 12 1 1 9 12 1 1 10 7 12 1 1 1 10 100 12 1 1 1 10 12 1 1 8 1 10 7 12 1 1 1 11 7 12 1 1 1 1 1 1 1 1 1 1 1 1 1 1 1 1 1 1 1 1 1 1 1 1 1 1 1 100 1 1 1 1 1 1 1 1 1 100 1 12 1 1 1 1 1 100 1 1 1 1 100 1 1
ciInstanceKlass org/springframework/util/ConcurrentReferenceHashMap$6 1 1 97 9 7 12 1 1 1 9 12 1 1 9 12 1 1 10 7 12 1 1 1 10 100 12 1 1 1 11 7 12 1 1 1 8 1 10 7 12 1 1 1 11 7 12 1 1 1 1 1 1 1 1 1 1 1 1 1 1 1 1 1 1 1 1 1 1 1 1 1 1 1 100 1 1 1 1 1 1 1 1 1 100 1 12 1 1 1 1 1 100 1 1 1 1 100 1 1
ciInstanceKlass org/springframework/util/ConcurrentReferenceHashMap$Segment 1 1 280 7 1 9 7 12 1 1 1 10 7 12 1 1 1 7 1 10 9 12 1 1 10 12 1 1 9 12 1 1 9 12 1 1 10 12 1 1 9 12 1 1 9 12 1 9 7 12 1 1 1 10 12 1 1 10 12 1 1 10 12 1 1 10 12 1 1 9 7 12 1 1 1 10 7 12 1 1 1 9 12 1 9 12 1 10 12 1 1 10 12 1 11 7 12 1 1 18 12 1 1 10 12 1 9 12 1 10 12 1 1 10 12 1 1 10 7 12 1 1 1 10 12 1 1 10 7 12 1 1 1 7 1 10 11 7 12 1 1 11 12 1 3 11 12 1 11 12 1 10 12 1 1 11 12 1 10 7 12 1 1 1 10 7 12 1 1 1 10 12 1 10 12 1 1 1 1 1 1 1 1 1 1 1 1 1 1 1 1 1 1 1 1 1 1 1 1 1 1 1 1 1 1 1 1 1 1 1 1 1 1 1 1 100 1 100 1 100 1 1 1 1 1 1 1 1 1 1 1 1 1 1 1 1 1 100 1 1 1 1 1 1 1 1 1 1 1 1 1 1 1 1 1 1 16 1 15 10 12 15 10 7 12 1 1 1 1 1 1 1 1 1 1 1 1 100 1 100 1 1
ciInstanceKlass org/springframework/util/ConcurrentReferenceHashMap$ReferenceManager 1 1 85 9 7 12 1 1 1 10 7 12 1 1 1 7 1 10 9 12 1 1 9 7 12 1 1 1 9 7 12 1 1 100 1 10 12 1 7 1 10 10 12 1 1 100 1 1 1 1 1 1 1 1 1 1 1 1 1 1 1 1 1 1 1 1 1 1 1 1 1 1 1 1 1 1 1 1 1 1 1 1 100 1 1 1 1
ciInstanceKlass org/springframework/util/ConcurrentReferenceHashMap$Reference 1 0 29 100 1 100 1 1 1 1 1 1 1 1 1 1 1 1 1 1 1 1 1 1 100 1 1 1 100 1 1
ciInstanceKlass org/springframework/util/ConcurrentReferenceHashMap$Restructure 1 1 58 7 1 9 12 1 1 9 12 1 9 12 1 1 10 100 12 1 1 10 7 12 1 1 1 10 12 1 1 8 10 8 10 12 1 1 1 1 1 1 1 1 1 1 1 1 1 1 1 1 1 1 1 1 100 1 1 1
staticfield org/springframework/util/ConcurrentReferenceHashMap$Restructure WHEN_NECESSARY Lorg/springframework/util/ConcurrentReferenceHashMap$Restructure; org/springframework/util/ConcurrentReferenceHashMap$Restructure
staticfield org/springframework/util/ConcurrentReferenceHashMap$Restructure NEVER Lorg/springframework/util/ConcurrentReferenceHashMap$Restructure; org/springframework/util/ConcurrentReferenceHashMap$Restructure
staticfield org/springframework/util/ConcurrentReferenceHashMap$Restructure $VALUES [Lorg/springframework/util/ConcurrentReferenceHashMap$Restructure; 2 [Lorg/springframework/util/ConcurrentReferenceHashMap$Restructure;
ciInstanceKlass org/springframework/util/ConcurrentReferenceHashMap$TaskOption 1 1 66 7 1 9 12 1 1 9 12 1 9 12 1 9 12 1 9 12 1 1 10 7 12 1 1 10 7 12 1 1 1 10 12 1 1 8 10 8 8 8 10 12 1 1 1 1 1 1 1 1 1 1 1 1 1 1 1 1 1 1 1 1 100 1 1 1
staticfield org/springframework/util/ConcurrentReferenceHashMap$TaskOption RESTRUCTURE_BEFORE Lorg/springframework/util/ConcurrentReferenceHashMap$TaskOption; org/springframework/util/ConcurrentReferenceHashMap$TaskOption
staticfield org/springframework/util/ConcurrentReferenceHashMap$TaskOption RESTRUCTURE_AFTER Lorg/springframework/util/ConcurrentReferenceHashMap$TaskOption; org/springframework/util/ConcurrentReferenceHashMap$TaskOption
staticfield org/springframework/util/ConcurrentReferenceHashMap$TaskOption SKIP_IF_EMPTY Lorg/springframework/util/ConcurrentReferenceHashMap$TaskOption; org/springframework/util/ConcurrentReferenceHashMap$TaskOption
staticfield org/springframework/util/ConcurrentReferenceHashMap$TaskOption RESIZE Lorg/springframework/util/ConcurrentReferenceHashMap$TaskOption; org/springframework/util/ConcurrentReferenceHashMap$TaskOption
staticfield org/springframework/util/ConcurrentReferenceHashMap$TaskOption $VALUES [Lorg/springframework/util/ConcurrentReferenceHashMap$TaskOption; 4 [Lorg/springframework/util/ConcurrentReferenceHashMap$TaskOption;
ciInstanceKlass  @bci org/springframework/util/ConcurrentReferenceHashMap$Segment doTask (ILjava/lang/Object;Lorg/springframework/util/ConcurrentReferenceHashMap$Task;)Ljava/lang/Object; 112 <appendix> member <vmtarget> ; 1 1 41 1 7 1 7 1 100 1 1 1 1 1 1 1 1 1 1 1 1 12 10 12 9 12 9 12 9 12 9 12 9 1 1 1 7 1 1 12 10 1 1
ciInstanceKlass org/springframework/util/ConcurrentReferenceHashMap$Entry 1 1 103 10 7 12 1 1 1 9 7 12 1 1 1 9 12 1 100 1 10 12 1 1 11 10 100 12 1 1 1 10 12 1 11 10 12 1 1 10 100 12 1 1 1 18 12 1 1 1 1 1 1 1 1 1 1 1 1 1 1 1 1 1 1 1 1 1 1 1 1 1 1 1 1 1 1 1 1 1 1 1 1 1 1 100 1 1 8 1 15 10 100 12 1 1 1 1 100 1 100 1 100 1 1
ciInstanceKlass org/springframework/util/ConcurrentReferenceHashMap$SoftEntryReference 1 1 68 10 7 12 1 1 1 9 7 12 1 1 1 9 12 1 1 10 12 1 1 10 12 1 1 7 1 100 1 1 1 1 1 1 1 1 1 1 1 1 1 1 1 1 1 1 1 1 1 1 1 1 1 1 1 1 1 1 1 1 1 1 100 1 1 1 1 1
instanceKlass org/apache/coyote/http11/HeadersTooLargeException
instanceKlass java/nio/channels/WritePendingException
instanceKlass java/nio/channels/ReadPendingException
instanceKlass java/nio/channels/CancelledKeyException
instanceKlass java/util/concurrent/CancellationException
instanceKlass org/apache/tomcat/util/http/InvalidParameterException
instanceKlass org/apache/catalina/session/TooManyActiveSessionsException
instanceKlass org/springframework/context/annotation/ConflictingBeanDefinitionException
instanceKlass org/springframework/beans/factory/support/ImplicitlyAppearedSingletonException
instanceKlass org/springframework/core/env/MissingRequiredPropertiesException
ciInstanceKlass java/lang/IllegalStateException 1 1 35 10 7 12 1 1 1 10 12 1 10 12 1 10 12 1 100 1 1 1 1 5 0 1 1 1 1 1 1 1 1 1 1 1 1
ciInstanceKlass java/util/concurrent/locks/ReentrantReadWriteLock$NonfairSync 1 1 33 10 7 12 1 1 1 10 7 12 1 1 1 1 1 1 5 0 1 1 1 1 1 1 1 1 1 1 100 1 1 1 1
ciInstanceKlass jdk/proxy1/$Proxy0 1 1 142 1 7 1 7 1 100 1 1 12 10 1 1 1 1 1 100 1 100 1 100 1 1 12 9 12 9 1 7 1 1 12 11 1 100 1 12 10 1 100 1 12 10 1 1 1 12 9 1 100 1 100 1 1 12 10 1 1 1 12 9 1 100 1 1 1 12 9 1 7 1 1 1 12 9 1 7 1 1 1 100 1 100 1 1 12 10 1 8 1 1 12 10 8 1 1 12 10 8 8 1 8 8 8 1 100 1 12 10 1 12 10 1 100 10 1 100 1 1 1 100 1 100 1 12 10 1 12 10 1 100 1 1 12 10 12 10 10 1 1 1 1
staticfield jdk/proxy1/$Proxy0 m0 Ljava/lang/reflect/Method; java/lang/reflect/Method
staticfield jdk/proxy1/$Proxy0 m1 Ljava/lang/reflect/Method; java/lang/reflect/Method
staticfield jdk/proxy1/$Proxy0 m2 Ljava/lang/reflect/Method; java/lang/reflect/Method
staticfield jdk/proxy1/$Proxy0 m3 Ljava/lang/reflect/Method; java/lang/reflect/Method
staticfield jdk/proxy1/$Proxy0 m4 Ljava/lang/reflect/Method; java/lang/reflect/Method
ciInstanceKlass java/util/concurrent/CountDownLatch$Sync 1 1 50 10 7 12 1 1 1 10 7 12 1 1 1 10 12 1 1 10 12 1 1 1 1 1 5 0 1 1 1 1 1 1 1 1 1 1 1 1 1 1 1 1 1 1 1 1 100 1 1 1
ciInstanceKlass org/springframework/util/ObjectUtils 1 1 526 7 1 10 7 12 1 1 1 100 1 100 1 10 12 1 1 10 7 12 1 1 1 10 12 1 1 10 12 1 1 7 1 10 12 1 7 1 11 10 100 12 1 1 1 7 1 11 100 1 11 10 12 1 1 8 1 10 100 12 1 1 1 10 12 1 1 10 12 1 1 10 100 12 1 1 1 10 7 12 1 1 10 12 1 1 100 1 10 12 1 10 12 1 18 12 1 1 10 12 1 10 12 1 1 10 12 1 1 7 1 10 7 12 1 1 1 9 12 1 10 12 1 1 18 12 1 10 12 1 1 10 10 12 1 10 7 12 1 1 7 1 10 12 1 7 1 10 12 1 7 1 10 12 1 7 1 10 12 1 7 1 10 12 1 7 1 10 12 1 7 1 10 12 1 7 1 10 12 1 10 12 1 10 12 1 1 10 12 1 10 12 1 10 12 1 10 12 1 10 12 1 10 12 1 10 12 1 10 12 1 10 12 1 8 1 10 12 1 18 10 12 1 10 7 12 1 1 1 10 12 1 8 1 10 12 1 10 12 1 10 12 1 10 12 1 10 12 1 10 12 1 10 12 1 10 12 1 10 12 1 10 8 1 100 1 8 1 8 1 8 1 10 12 1 10 12 1 1 10 10 12 1 10 100 12 1 1 1 10 12 1 18 10 12 1 18 10 12 1 10 12 1 10 12 10 12 1 8 1 8 1 10 12 1 10 12 1 10 12 1 8 1 8 1 100 1 10 12 1 100 1 10 12 1 100 1 10 12 1 10 100 12 1 1 1 10 100 12 1 1 1 10 12 1 1 1 1 1 1 1 1 1 1 1 1 1 1 1 1 1 1 1 1 1 1 1 1 1 1 1 1 1 1 100 1 1 1 1 1 1 1 1 1 1 1 1 1 1 1 1 1 1 1 1 1 1 1 1 1 1 1 1 1 1 1 1 1 1 1 1 1 1 1 1 1 1 1 100 1 1 1 1 1 1 1 1 1 1 1 1 1 1 1 1 1 1 1 1 1 1 1 1 1 1 1 1 1 1 1 1 1 1 1 1 1 1 1 1 1 1 1 1 1 1 1 1 1 1 1 1 1 1 1 1 1 1 1 1 1 1 1 1 1 1 1 1 1 1 1 1 1 1 1 8 1 8 1 8 1 8 1 8 1 15 10 7 12 1 1 1 100 1 100 1 1
staticfield org/springframework/util/ObjectUtils EMPTY_OBJECT_ARRAY [Ljava/lang/Object; 0 [Ljava/lang/Object;
ciInstanceKlass org/springframework/core/annotation/AnnotationFilter 1 1 92 11 7 12 1 1 1 11 7 12 1 1 1 10 7 12 1 1 1 11 12 1 7 1 10 12 1 1 7 1 8 1 8 1 11 12 1 1 9 12 1 1 8 1 8 1 9 12 1 7 1 10 12 1 9 12 1 7 1 10 9 12 1 100 1 1 1 1 1 1 1 1 1 1 1 1 1 1 1 1 1 1 1 1 1 1 1 1 1 1 1 1
staticfield org/springframework/core/annotation/AnnotationFilter PLAIN Lorg/springframework/core/annotation/AnnotationFilter; org/springframework/core/annotation/PackagesAnnotationFilter
staticfield org/springframework/core/annotation/AnnotationFilter JAVA Lorg/springframework/core/annotation/AnnotationFilter; org/springframework/core/annotation/PackagesAnnotationFilter
staticfield org/springframework/core/annotation/AnnotationFilter ALL Lorg/springframework/core/annotation/AnnotationFilter; org/springframework/core/annotation/AnnotationFilter$1
staticfield org/springframework/core/annotation/AnnotationFilter NONE Lorg/springframework/core/annotation/AnnotationFilter; org/springframework/core/annotation/AnnotationFilter$2
ciInstanceKlass org/springframework/core/annotation/PackagesAnnotationFilter 1 1 110 10 7 12 1 1 1 8 1 10 7 12 1 1 1 7 1 9 7 12 1 1 1 8 1 10 12 1 1 18 12 1 1 10 7 12 1 1 1 10 12 1 1 9 12 1 10 12 1 1 10 12 1 1 10 12 1 1 10 100 12 1 1 1 18 100 1 1 1 1 1 1 1 1 1 1 1 1 100 1 1 1 1 1 1 1 1 1 1 1 1 1 1 1 8 1 8 1 15 10 7 12 1 1 1 100 1 100 1 1
ciInstanceKlass org/springframework/core/annotation/AnnotationsScanner 1 1 410 10 7 12 1 1 1 10 7 12 1 1 1 11 7 12 1 1 1 7 1 10 12 1 1 7 1 10 12 1 1 10 12 1 1 9 7 12 1 1 1 10 7 12 1 1 1 100 1 10 10 12 1 1 9 7 12 1 1 1 10 12 1 1 10 12 1 1 100 1 3 10 12 1 1 11 12 1 1 10 12 1 1 10 12 1 1 11 7 12 1 1 1 11 12 1 1 10 12 1 7 1 10 100 12 1 1 1 10 12 1 10 12 1 1 11 7 12 1 1 1 10 12 1 10 12 1 1 10 12 1 10 12 1 1 10 12 1 1 10 12 1 1 10 12 1 1 10 12 1 10 7 12 1 1 1 9 12 1 1 9 12 1 1 11 7 12 1 1 7 10 7 12 1 1 1 10 12 11 12 1 1 10 12 1 10 12 1 1 10 7 12 1 1 10 12 1 10 12 1 10 7 12 1 1 10 12 1 1 10 12 1 10 100 12 1 1 1 10 12 1 10 7 12 1 1 1 10 100 12 1 1 1 9 12 1 7 1 11 7 12 1 10 12 1 10 7 12 1 1 1 10 12 1 1 9 12 1 7 1 10 12 1 1 9 7 12 1 1 1 11 12 1 9 12 1 1 10 12 1 1 11 10 8 1 10 12 1 1 7 1 11 12 1 7 1 10 12 1 1 1 1 1 1 1 1 1 1 1 1 1 1 1 1 1 1 1 1 1 1 1 1 1 1 1 1 1 1 1 1 1 1 1 1 1 1 1 1 1 1 1 1 1 1 1 1 1 1 1 1 1 1 1 1 1 100 1 1 1 1 1 1 1 1 1 1 1 1 1 1 1 1 1 1 1 1 1 1 1 1 1 1 1 1 1 1 1 1 1 1 1 1 1 1 1 1 1 1 1 1 1 1 1 1 1 1 100 1 1 1
staticfield org/springframework/core/annotation/AnnotationsScanner NO_ANNOTATIONS [Ljava/lang/annotation/Annotation; 0 [Ljava/lang/annotation/Annotation;
staticfield org/springframework/core/annotation/AnnotationsScanner NO_METHODS [Ljava/lang/reflect/Method; 0 [Ljava/lang/reflect/Method;
staticfield org/springframework/core/annotation/AnnotationsScanner declaredAnnotationCache Ljava/util/Map; org/springframework/util/ConcurrentReferenceHashMap
staticfield org/springframework/core/annotation/AnnotationsScanner baseTypeMethodsCache Ljava/util/Map; org/springframework/util/ConcurrentReferenceHashMap
instanceKlass org/springframework/core/ResolvableType$1
ciInstanceKlass org/springframework/core/ResolvableType 1 1 738 10 7 12 1 1 1 9 7 12 1 1 1 9 12 1 1 9 12 1 1 9 12 1 1 10 12 1 1 10 7 12 1 1 1 9 12 1 1 9 12 1 1 10 12 1 1 10 7 12 1 1 1 7 1 11 12 1 1 7 1 11 7 12 1 1 1 10 12 1 1 10 12 1 10 12 1 1 10 7 12 1 1 1 10 12 1 1 10 12 1 8 1 10 7 12 1 1 1 9 12 1 11 7 12 1 1 1 10 10 12 1 1 10 12 1 10 12 1 10 12 1 1 10 7 12 1 1 10 12 1 1 10 12 1 1 10 12 1 10 12 1 10 12 1 10 12 1 7 1 11 7 12 1 1 1 10 12 10 12 1 10 12 1 1 10 12 1 10 12 1 7 1 10 12 1 11 12 1 1 10 7 1 10 12 1 10 12 10 12 1 1 11 12 1 7 1 10 12 1 10 12 1 10 12 1 9 12 1 10 12 1 100 1 9 12 1 1 9 12 1 10 12 1 1 10 12 1 1 9 12 1 1 10 12 1 10 7 12 1 1 10 12 1 11 7 12 1 1 10 12 1 1 10 12 1 1 10 12 1 7 1 10 11 12 1 7 1 11 12 1 11 12 1 10 12 1 1 10 12 1 10 12 1 10 12 1 1 9 12 1 11 12 1 9 7 12 1 1 10 100 12 1 1 1 10 12 1 1 11 12 10 11 12 1 1 10 7 12 1 1 1 11 12 1 10 12 1 11 12 1 11 10 12 1 1 7 1 10 12 1 10 100 12 1 1 18 12 1 1 8 1 10 8 1 10 100 12 1 1 1 18 12 1 10 12 1 7 1 10 12 1 8 1 10 12 1 8 1 8 1 10 12 1 1 18 12 1 10 12 1 1 7 1 10 7 1 10 12 1 7 1 10 12 1 7 1 11 12 1 8 1 100 1 10 12 1 10 12 1 10 100 12 1 1 10 12 1 1 10 12 1 8 1 7 1 10 12 1 10 12 1 1 10 12 1 8 1 10 12 1 10 12 1 8 1 10 12 1 10 7 1 10 12 1 10 12 1 9 12 1 1 10 12 1 8 1 10 12 1 10 12 1 10 100 1 10 12 1 1 10 12 1 9 12 1 1 10 7 1 10 12 1 10 10 12 1 9 10 12 1 18 10 100 1 1 1 1 1 1 1 1 1 1 1 1 1 1 1 1 1 1 1 1 1 1 1 1 1 1 1 1 1 1 1 1 1 1 1 1 1 1 1 1 1 1 1 1 1 1 1 1 1 100 1 1 1 1 1 1 1 1 1 1 1 1 1 100 1 1 1 1 1 1 1 1 1 1 1 1 1 1 1 1 1 1 100 1 1 1 1 1 1 1 100 1 1 1 1 1 1 1 1 1 1 1 1 1 1 100 1 1 1 1 1 1 1 1 1 1 1 1 1 1 1 1 1 1 1 1 1 1 1 1 1 1 1 1 1 1 1 1 1 1 1 1 1 1 1 1 1 1 1 1 1 1 1 1 1 1 1 1 1 1 1 1 1 1 1 1 1 1 1 1 1 1 1 1 1 1 1 1 1 1 1 100 1 1 8 1 8 1 16 15 10 12 16 8 1 15 10 100 12 1 1 15 10 7 12 1 1 1 1 1 1 1 1 1 1 1 1 1 1 100 1 100 1 1
staticfield org/springframework/core/ResolvableType NONE Lorg/springframework/core/ResolvableType; org/springframework/core/ResolvableType
staticfield org/springframework/core/ResolvableType EMPTY_TYPES_ARRAY [Lorg/springframework/core/ResolvableType; 0 [Lorg/springframework/core/ResolvableType;
staticfield org/springframework/core/ResolvableType cache Lorg/springframework/util/ConcurrentReferenceHashMap; org/springframework/util/ConcurrentReferenceHashMap
ciInstanceKlass org/springframework/core/annotation/AttributeMethods 1 1 326 10 7 12 1 1 1 9 7 12 1 1 1 9 12 1 1 9 12 1 1 10 7 12 1 1 1 10 12 1 1 10 7 12 1 1 1 10 12 1 10 12 1 10 7 12 1 1 1 7 1 10 12 1 9 12 1 1 9 12 1 10 12 1 1 10 12 1 1 10 12 1 10 12 1 1 10 7 12 1 1 1 100 1 7 1 9 12 1 1 10 7 12 1 1 11 100 12 1 10 12 1 1 18 12 1 1 10 12 1 1 10 12 1 10 12 1 18 12 1 10 12 1 8 1 10 7 12 1 1 1 10 12 1 1 10 12 1 1 10 7 12 1 1 1 10 9 12 1 1 9 12 1 1 18 12 1 1 11 7 12 1 1 1 10 12 1 1 10 12 1 1 9 12 1 1 10 7 12 1 1 1 10 12 1 1 7 10 12 1 10 12 1 9 7 12 1 1 8 1 10 12 1 10 12 1 1 10 18 8 1 18 10 12 1 10 12 1 9 12 1 7 1 10 18 12 1 1 1 1 1 1 1 1 1 1 1 1 1 1 1 1 1 1 1 1 1 1 100 1 1 1 1 1 1 1 1 1 1 1 1 1 1 1 1 1 1 1 1 1 1 1 1 1 1 1 1 1 1 1 1 1 1 1 1 1 1 8 1 8 1 16 1 15 10 12 16 8 1 8 1 16 1 15 10 12 16 15 10 100 12 1 1 15 10 7 12 1 1 1 1 100 1 100 1 1
staticfield org/springframework/core/annotation/AttributeMethods failureLogger Lorg/springframework/core/annotation/IntrospectionFailureLogger; org/springframework/core/annotation/IntrospectionFailureLogger$3
staticfield org/springframework/core/annotation/AttributeMethods NONE Lorg/springframework/core/annotation/AttributeMethods; org/springframework/core/annotation/AttributeMethods
staticfield org/springframework/core/annotation/AttributeMethods cache Ljava/util/Map; org/springframework/util/ConcurrentReferenceHashMap
staticfield org/springframework/core/annotation/AttributeMethods methodComparator Ljava/util/Comparator; org/springframework/core/annotation/AttributeMethods$$Lambda+0x000001faad0ae708
instanceKlass org/springframework/core/annotation/IntrospectionFailureLogger$3
instanceKlass org/springframework/core/annotation/IntrospectionFailureLogger$2
instanceKlass org/springframework/core/annotation/IntrospectionFailureLogger$1
ciInstanceKlass org/springframework/core/annotation/IntrospectionFailureLogger 1 1 130 7 1 9 12 1 1 9 12 1 9 12 1 9 12 1 1 10 100 12 1 1 10 7 12 1 1 1 10 12 1 1 10 100 12 1 1 18 12 1 1 8 1 18 12 1 10 12 1 1 9 12 1 1 100 1 10 100 12 1 1 1 7 1 8 10 7 1 8 10 7 1 8 10 10 12 1 1 1 1 1 1 1 1 1 1 1 1 1 1 1 1 1 1 1 1 1 1 1 1 1 1 1 1 1 100 1 1 1 1 1 1 1 1 8 1 8 1 15 10 100 12 1 1 1 100 1 100 1 1
staticfield org/springframework/core/annotation/IntrospectionFailureLogger DEBUG Lorg/springframework/core/annotation/IntrospectionFailureLogger; org/springframework/core/annotation/IntrospectionFailureLogger$1
staticfield org/springframework/core/annotation/IntrospectionFailureLogger INFO Lorg/springframework/core/annotation/IntrospectionFailureLogger; org/springframework/core/annotation/IntrospectionFailureLogger$2
staticfield org/springframework/core/annotation/IntrospectionFailureLogger WARN Lorg/springframework/core/annotation/IntrospectionFailureLogger; org/springframework/core/annotation/IntrospectionFailureLogger$3
staticfield org/springframework/core/annotation/IntrospectionFailureLogger $VALUES [Lorg/springframework/core/annotation/IntrospectionFailureLogger; 3 [Lorg/springframework/core/annotation/IntrospectionFailureLogger;
ciInstanceKlass  @bci org/springframework/core/annotation/AttributeMethods forAnnotationType (Ljava/lang/Class;)Lorg/springframework/core/annotation/AttributeMethods; 12 <appendix> argL0 ; 1 1 23 1 7 1 7 1 100 1 1 12 10 1 1 1 7 1 7 1 1 12 10 1 1
ciInstanceKlass org/springframework/core/annotation/AnnotationUtils 1 1 877 7 1 10 7 12 1 1 1 11 7 12 1 1 1 11 7 12 1 1 1 11 12 1 1 7 1 10 7 12 1 1 1 10 12 1 1 10 12 1 8 1 10 7 12 1 1 1 10 7 12 1 1 1 10 12 1 1 10 12 1 1 10 12 7 1 10 7 12 1 1 1 11 7 12 1 1 1 11 12 1 1 11 12 1 1 18 12 1 1 11 12 1 1 10 7 12 1 1 1 9 7 12 1 1 1 11 12 1 11 100 12 1 1 1 9 7 12 1 1 1 11 12 1 11 12 1 1 10 7 12 1 1 1 10 12 1 11 12 1 1 10 12 1 1 7 1 10 12 1 1 10 7 1 10 12 1 1 10 12 1 1 10 12 1 9 12 1 11 12 1 1 18 12 1 1 10 100 12 1 1 1 11 100 12 1 1 1 18 11 12 1 1 10 100 12 1 1 1 11 12 1 1 100 1 10 12 1 9 12 1 11 12 1 18 10 9 12 1 10 10 12 1 1 10 12 1 1 11 12 1 18 11 12 1 11 12 1 11 12 1 10 12 1 1 11 100 12 1 1 1 11 12 1 1 11 12 1 11 12 1 18 12 1 10 12 1 1 11 12 1 10 12 1 11 12 1 9 12 1 11 12 1 11 12 11 12 1 10 7 12 1 1 1 10 12 1 1 10 12 1 1 10 12 1 10 12 1 10 7 12 1 1 1 11 12 1 18 11 12 1 1 7 1 10 10 12 1 10 100 12 1 1 1 10 12 1 1 10 100 12 1 1 18 12 1 1 11 7 12 1 1 1 9 12 1 1 18 11 12 1 1 10 12 1 10 100 12 1 1 1 10 12 1 10 100 12 1 1 1 10 12 1 10 12 1 10 12 1 10 100 1 10 12 1 11 12 1 1 11 12 1 18 9 12 1 1 10 12 1 1 11 100 1 11 12 1 11 12 1 9 12 1 1 10 7 12 1 1 10 12 1 10 100 12 1 1 1 10 100 1 10 12 1 9 12 1 1 18 12 1 1 10 100 12 1 1 1 10 12 1 1 10 12 10 10 10 12 1 1 10 9 12 1 1 100 1 11 12 1 7 1 10 12 1 10 12 1 10 7 12 1 1 1 8 1 10 12 1 10 7 12 1 1 10 12 1 1 10 12 1 10 12 1 10 12 1 1 10 12 1 1 10 7 12 1 1 10 12 1 1 11 7 12 1 1 1 10 100 12 1 1 100 1 10 12 1 1 9 100 12 1 1 1 10 12 1 9 12 1 10 12 1 8 1 8 1 10 12 1 1 18 12 1 1 10 12 1 1 18 12 1 10 12 10 12 1 11 12 1 10 12 1 10 12 1 11 12 1 100 1 100 1 100 1 10 12 11 7 1 100 1 10 12 1 10 9 12 1 11 12 1 9 9 7 12 1 1 11 12 1 10 12 1 8 1 11 12 1 1 7 1 10 1 1 1 1 1 1 1 1 1 1 1 1 1 1 1 1 1 1 1 1 1 1 1 1 1 1 1 1 1 1 1 1 1 1 1 1 1 1 1 1 1 1 1 1 1 1 1 1 1 1 1 1 1 1 1 1 1 1 1 1 1 1 1 1 1 1 1 1 1 1 1 1 1 1 1 1 1 1 1 1 1 1 1 1 1 1 1 1 1 1 1 1 1 1 1 1 1 1 1 1 1 1 1 1 1 1 1 1 1 1 1 1 1 1 1 1 1 1 1 1 1 1 1 1 1 1 1 1 1 100 1 100 1 1 1 1 1 1 1 1 1 1 1 1 1 1 100 1 1 1 1 1 1 1 1 1 1 1 16 15 10 12 16 16 15 16 1 15 16 1 15 11 12 15 16 15 11 12 1 16 15 10 12 16 16 1 15 10 100 12 1 1 16 1 15 10 12 16 15 10 12 16 15 10 12 8 1 8 1 15 10 7 12 1 1 1 15 10 100 12 1 1 1 1 1 1 1 1 1 100 1 100 1 1
staticfield org/springframework/core/annotation/AnnotationUtils JAVA_LANG_ANNOTATION_FILTER Lorg/springframework/core/annotation/AnnotationFilter; org/springframework/core/annotation/PackagesAnnotationFilter
staticfield org/springframework/core/annotation/AnnotationUtils defaultValuesCache Ljava/util/Map; org/springframework/util/ConcurrentReferenceHashMap
ciInstanceKlass org/springframework/boot/context/config/ConfigData$Option 1 1 62 7 1 9 12 1 1 9 12 1 9 12 1 9 12 1 1 10 7 12 1 1 10 7 12 1 1 1 10 12 1 1 8 10 8 8 10 12 1 1 1 1 1 1 1 1 1 1 1 1 1 1 1 1 1 1 1 1 100 1 1 1
staticfield org/springframework/boot/context/config/ConfigData$Option IGNORE_IMPORTS Lorg/springframework/boot/context/config/ConfigData$Option; org/springframework/boot/context/config/ConfigData$Option
staticfield org/springframework/boot/context/config/ConfigData$Option IGNORE_PROFILES Lorg/springframework/boot/context/config/ConfigData$Option; org/springframework/boot/context/config/ConfigData$Option
staticfield org/springframework/boot/context/config/ConfigData$Option PROFILE_SPECIFIC Lorg/springframework/boot/context/config/ConfigData$Option; org/springframework/boot/context/config/ConfigData$Option
staticfield org/springframework/boot/context/config/ConfigData$Option $VALUES [Lorg/springframework/boot/context/config/ConfigData$Option; 3 [Lorg/springframework/boot/context/config/ConfigData$Option;
ciInstanceKlass jdk/proxy2/$Proxy10 1 1 149 1 7 1 7 1 100 1 1 12 10 1 1 1 1 1 100 1 100 1 7 1 1 12 9 12 9 1 7 1 1 12 11 1 100 1 12 10 1 100 1 12 10 1 1 1 12 9 1 100 1 100 1 1 12 10 1 1 1 12 9 1 7 1 1 12 9 1 1 1 12 9 1 7 1 1 12 9 1 1 12 9 1 1 1 100 1 100 1 1 12 10 1 8 1 1 12 10 8 1 1 12 10 8 8 1 8 8 8 8 8 1 100 1 12 10 1 12 10 1 100 10 1 100 1 1 1 100 1 100 1 12 10 1 12 10 1 100 1 1 12 10 12 10 10 1 1 1 1
staticfield jdk/proxy2/$Proxy10 m0 Ljava/lang/reflect/Method; java/lang/reflect/Method
staticfield jdk/proxy2/$Proxy10 m1 Ljava/lang/reflect/Method; java/lang/reflect/Method
staticfield jdk/proxy2/$Proxy10 m2 Ljava/lang/reflect/Method; java/lang/reflect/Method
staticfield jdk/proxy2/$Proxy10 m3 Ljava/lang/reflect/Method; java/lang/reflect/Method
staticfield jdk/proxy2/$Proxy10 m4 Ljava/lang/reflect/Method; java/lang/reflect/Method
staticfield jdk/proxy2/$Proxy10 m5 Ljava/lang/reflect/Method; java/lang/reflect/Method
staticfield jdk/proxy2/$Proxy10 m6 Ljava/lang/reflect/Method; java/lang/reflect/Method
ciInstanceKlass jdk/proxy2/$Proxy20 1 1 139 1 7 1 7 1 100 1 1 12 10 1 1 1 1 1 100 1 100 1 7 1 1 12 9 12 9 1 7 1 1 12 11 1 100 1 12 10 1 100 1 12 10 1 1 1 12 9 1 100 1 100 1 1 12 10 1 1 1 12 9 1 100 1 1 12 9 1 1 1 12 9 1 7 1 1 1 100 1 100 1 1 12 10 1 8 1 1 12 10 8 1 1 12 10 8 8 1 8 8 8 1 100 1 12 10 1 12 10 1 100 10 1 100 1 1 1 100 1 100 1 12 10 1 12 10 1 100 1 1 12 10 12 10 10 1 1 1 1
staticfield jdk/proxy2/$Proxy20 m0 Ljava/lang/reflect/Method; java/lang/reflect/Method
staticfield jdk/proxy2/$Proxy20 m1 Ljava/lang/reflect/Method; java/lang/reflect/Method
staticfield jdk/proxy2/$Proxy20 m2 Ljava/lang/reflect/Method; java/lang/reflect/Method
staticfield jdk/proxy2/$Proxy20 m3 Ljava/lang/reflect/Method; java/lang/reflect/Method
staticfield jdk/proxy2/$Proxy20 m4 Ljava/lang/reflect/Method; java/lang/reflect/Method
ciInstanceKlass org/apache/tomcat/util/threads/TaskThread 1 1 67 7 1 10 12 1 1 10 7 12 1 1 10 7 12 1 1 1 9 7 12 1 1 1 10 12 1 10 7 12 1 1 1 9 12 1 1 10 7 12 1 1 1 9 12 1 1 1 1 1 1 1 1 1 1 1 1 1 1 1 1 1 1 1 1 1 1
staticfield org/apache/tomcat/util/threads/TaskThread log Lorg/apache/juli/logging/Log; org/apache/juli/logging/DirectJDKLog
staticfield org/apache/tomcat/util/threads/TaskThread sm Lorg/apache/tomcat/util/res/StringManager; org/apache/tomcat/util/res/StringManager
ciInstanceKlass java/util/concurrent/locks/AbstractQueuedSynchronizer$SharedNode 1 1 22 10 7 12 1 1 1 100 1 1 1 1 1 1 1 1 1 100 1 1 1 1
ciMethodData java/lang/Object <init> ()V 2 1194753 orig 80 0 0 0 0 0 0 0 0 0 0 0 0 0 0 0 0 0 0 0 0 0 0 0 0 0 0 0 0 0 0 0 0 0 0 0 0 0 0 0 0 0 0 0 0 0 0 0 0 0 0 0 0 0 0 0 0 0 0 0 0 0 0 0 0 0 0 0 0 0 0 0 0 0 0 0 0 0 0 0 0 data 4 0x0 0x9 0x1 0x0 oops 0 methods 0
ciMethodData java/lang/ref/ReferenceQueue headIsNull ()Z 2 14816 orig 80 0 0 0 0 0 0 0 0 0 0 0 0 0 0 0 0 0 0 0 0 0 0 0 0 0 0 0 0 0 0 0 0 0 0 0 0 0 0 0 0 0 0 0 0 0 0 0 0 0 0 0 0 0 0 0 0 0 0 0 0 0 0 0 0 0 0 0 0 0 0 0 0 0 0 0 0 0 0 0 0 data 16 0x40007 0x16e 0x38 0x3872 0x80003 0x3872 0x18 0x0 0x0 0x0 0x0 0x0 0x0 0x9 0x1 0x0 oops 0 methods 0
ciMethodData java/lang/ref/ReferenceQueue poll0 ()Ljava/lang/ref/Reference; 2 3680 orig 80 0 0 0 0 0 0 0 0 0 0 0 0 250 1 0 0 0 0 0 0 0 0 0 0 0 0 0 0 0 0 0 0 0 0 0 0 0 0 0 0 0 0 0 0 0 0 0 0 0 0 0 0 0 0 0 0 0 0 0 0 0 0 0 0 0 0 0 0 0 0 0 0 0 0 0 0 0 0 0 0 data 32 0x60007 0xb6 0xb8 0xdac 0x180007 0xd73 0x38 0x3a 0x1c0003 0x3a 0x18 0x330004 0x95 0x1faf460abd8 0x59c 0x1faf460ac88 0x783 0x360007 0xdb0 0x30 0x0 0x3a0002 0x0 0x0 0x0 0x0 0x0 0x0 0x0 0x9 0x1 0xe oops 2 13 jdk/internal/ref/CleanerImpl$PhantomCleanableRef 15 jdk/internal/util/WeakReferenceKey methods 0
ciMethodData java/lang/ref/ReferenceQueue poll ()Ljava/lang/ref/Reference; 2 9423 orig 80 1 0 0 0 0 0 0 0 0 0 0 0 0 0 0 0 0 0 0 0 0 0 0 0 0 0 0 0 0 0 0 0 0 0 0 0 0 0 0 2 0 0 0 0 0 0 0 0 0 0 0 0 0 0 0 0 0 0 0 0 0 0 0 0 0 0 0 0 0 0 0 0 0 0 0 0 0 0 0 0 data 44 0x10005 0x24cf 0x0 0x0 0x0 0x0 0x8000000600040007 0x5a 0x20 0x2477 0xd0005 0x0 0x1faf1429f70 0x5a 0x0 0x0 0x110005 0x5a 0x0 0x0 0x0 0x0 0x190005 0x0 0x1faf1429f70 0x5a 0x0 0x0 0x230005 0x0 0x0 0x0 0x0 0x0 0x0 0x0 0x0 0x0 0x0 0x0 0x9 0x1 0x0 0x1e0001 oops 2 12 java/util/concurrent/locks/ReentrantLock 24 java/util/concurrent/locks/ReentrantLock methods 0
ciMethodData java/util/concurrent/locks/ReentrantLock lock ()V 2 22278 orig 80 0 0 0 0 0 0 0 0 0 0 0 0 250 1 0 0 0 0 0 0 0 0 0 0 0 0 0 0 0 0 0 0 0 0 0 0 0 0 0 0 0 0 0 0 0 0 0 0 0 0 0 0 0 0 0 0 0 0 0 0 0 0 0 0 0 0 0 0 0 0 0 0 0 0 0 0 0 0 0 0 data 15 0x40005 0x5707 0x0 0x0 0x0 0x0 0x0 0x0 0x0 0x0 0x0 0x0 0x9 0x1 0x0 oops 0 methods 0
ciMethodData java/util/concurrent/locks/ReentrantLock$Sync lock ()V 2 22281 orig 80 0 0 0 0 0 0 0 0 0 0 0 0 250 1 0 0 0 0 0 0 0 0 0 0 0 0 0 0 0 0 0 0 0 0 0 0 0 0 0 0 0 0 0 0 0 0 0 0 0 0 0 0 0 0 0 0 0 0 0 0 0 0 0 0 0 0 0 0 0 0 0 0 0 0 0 0 0 0 0 0 data 25 0x10005 0x0 0x1faf3198918 0x570d 0x0 0x0 0x40007 0x558b 0x50 0x190 0x90005 0x190 0x0 0x0 0x0 0x0 0x0 0x0 0x0 0x0 0x0 0x0 0x9 0x1 0xffffffffffffffff oops 1 2 java/util/concurrent/locks/ReentrantLock$NonfairSync methods 0
ciMethodData java/util/concurrent/locks/AbstractQueuedSynchronizer acquire (I)V 2 5120 orig 80 0 0 0 0 0 0 0 0 0 0 0 0 250 1 0 0 0 0 0 0 0 0 0 0 0 0 0 0 0 0 0 0 0 0 0 0 0 0 0 0 0 0 0 0 0 0 0 0 0 0 0 0 0 0 0 0 0 0 0 0 0 0 0 0 0 0 0 0 0 0 0 0 0 0 0 0 0 0 0 0 data 26 0x20005 0x11ff 0x1faf3198918 0x159 0x1faf2d6eb30 0xa8 0x50007 0x12ef 0x50 0x111 0xf0005 0x111 0x0 0x0 0x0 0x0 0x0 0x0 0x0 0x0 0x0 0x0 0x9 0x2 0x0 0x0 oops 2 2 java/util/concurrent/locks/ReentrantLock$NonfairSync 4 java/util/concurrent/locks/ReentrantReadWriteLock$NonfairSync methods 0
ciMethodData java/util/concurrent/locks/ReentrantLock unlock ()V 2 28150 orig 80 0 0 0 0 0 0 0 0 0 0 0 0 250 1 0 0 0 0 0 0 0 0 0 0 0 0 0 0 0 0 0 0 0 0 0 0 0 0 0 0 0 0 0 0 0 0 0 0 0 0 0 0 0 0 0 0 0 0 0 0 0 0 0 0 0 0 0 0 0 0 0 0 0 0 0 0 0 0 0 0 data 15 0x50005 0x6df6 0x0 0x0 0x0 0x0 0x0 0x0 0x0 0x0 0x0 0x0 0x9 0x1 0x0 oops 0 methods 0
ciMethodData java/util/concurrent/locks/AbstractQueuedSynchronizer release (I)Z 2 39605 orig 80 0 0 0 0 0 0 0 0 0 0 0 0 250 1 0 0 0 0 0 0 0 0 0 0 0 0 0 0 0 0 0 0 0 0 0 0 0 0 0 0 0 0 0 0 0 0 0 0 0 0 0 0 0 0 0 0 0 0 0 0 0 0 0 0 0 0 0 0 0 0 0 0 0 0 0 0 0 0 0 0 data 22 0x20005 0x1705 0x1faf3198918 0x8308 0x1faf2d6eb30 0xa8 0x50007 0x2e 0x30 0x9a90 0xc0002 0x9a90 0x0 0x0 0x0 0x0 0x0 0x0 0x9 0x2 0x0 0x0 oops 2 2 java/util/concurrent/locks/ReentrantLock$NonfairSync 4 java/util/concurrent/locks/ReentrantReadWriteLock$NonfairSync methods 0
ciMethodData java/util/concurrent/locks/ReentrantLock$Sync tryRelease (I)Z 2 13324 orig 80 1 0 0 0 0 0 0 0 0 0 0 0 250 1 0 0 0 0 0 0 0 0 0 0 0 0 0 0 0 0 0 0 0 0 0 0 0 0 0 1 0 0 0 0 0 0 0 0 0 0 0 0 0 0 0 0 0 0 0 0 0 0 0 0 0 0 0 0 0 0 0 0 0 0 0 0 0 0 0 0 data 53 0x10005 0x340c 0x0 0x0 0x0 0x0 0x80005 0x340c 0x0 0x0 0x0 0x0 0xb0002 0x340c 0xe0007 0x340c 0x30 0x0 0x150002 0x0 0x80000006001a0007 0x1d 0x38 0x33f0 0x1e0003 0x33f0 0x18 0x240007 0x1d 0x50 0x33f0 0x290005 0x33f0 0x0 0x0 0x0 0x0 0x2e0005 0x340d 0x0 0x0 0x0 0x0 0x0 0x0 0x0 0x0 0x0 0x0 0x9 0x2 0x0 0x0 oops 0 methods 0
ciMethodData java/util/concurrent/locks/AbstractQueuedSynchronizer signalNext (Ljava/util/concurrent/locks/AbstractQueuedSynchronizer$Node;)V 2 12340 orig 80 1 0 0 0 0 0 0 0 0 0 0 0 250 1 0 0 0 0 0 0 0 0 0 0 0 0 0 0 0 0 0 0 0 0 0 0 0 0 0 1 0 0 0 0 0 0 0 0 0 0 0 0 0 0 0 0 0 0 0 0 0 0 0 0 0 0 0 0 0 0 0 0 0 0 0 0 0 0 0 0 data 29 0x8000000600010007 0x287d 0xa0 0x7b9 0xa0007 0x557 0x80 0x262 0x110007 0x218 0x60 0x4a 0x160005 0x4a 0x0 0x0 0x0 0x0 0x1e0002 0x4a 0x0 0x0 0x0 0x0 0x0 0x0 0x9 0x1 0x0 oops 0 methods 0
ciMethodData java/lang/ref/SoftReference get ()Ljava/lang/Object; 2 6207 orig 80 0 0 0 0 0 0 0 0 0 0 0 0 0 0 0 0 0 0 0 0 0 0 0 0 0 0 0 0 0 0 0 0 0 0 0 0 0 0 0 0 0 0 0 0 0 0 0 0 0 0 0 0 0 0 0 0 0 0 0 0 0 0 0 0 0 0 0 0 0 0 0 0 0 0 0 0 0 0 0 0 data 19 0x10002 0x183f 0x60007 0x9 0x40 0x1836 0x110007 0x1765 0x20 0xd1 0x0 0x0 0x0 0x0 0x0 0x0 0x9 0x1 0x30 oops 0 methods 0
ciMethodData java/util/concurrent/locks/ReentrantLock$NonfairSync initialTryLock ()Z 2 11279 orig 80 1 0 0 0 0 0 0 0 0 0 0 0 0 0 0 0 0 0 0 0 0 0 0 0 0 0 0 0 0 0 0 0 0 0 0 0 0 0 0 1 0 0 0 0 0 0 0 0 0 0 0 0 0 0 0 0 0 0 0 0 0 0 0 0 0 0 0 0 0 0 0 0 0 0 0 0 0 0 0 0 data 55 0x2 0x2c10 0x70005 0x2c10 0x0 0x0 0x0 0x0 0x80000006000a0007 0xc5 0x50 0x2b50 0xf0005 0x2b50 0x0 0x0 0x0 0x0 0x150005 0xc5 0x0 0x0 0x0 0x0 0x190007 0xac 0xb0 0x19 0x1d0005 0x19 0x0 0x0 0x0 0x0 0x240007 0x19 0x30 0x0 0x2d0002 0x0 0x330005 0x19 0x0 0x0 0x0 0x0 0x0 0x0 0x0 0x0 0x0 0x0 0x9 0x1 0x0 oops 0 methods 0
ciMethodData java/util/concurrent/locks/AbstractQueuedSynchronizer compareAndSetState (II)Z 2 1204 orig 80 0 0 0 0 0 0 0 0 0 0 0 0 0 0 0 0 0 0 0 0 0 0 0 0 0 0 0 0 0 0 0 0 0 0 0 0 0 0 0 0 0 0 0 0 0 0 0 0 0 0 0 0 0 0 0 0 0 0 0 0 0 0 0 0 0 0 0 0 0 0 0 0 0 0 0 0 0 0 0 0 data 17 0x90005 0x1f3 0x0 0x0 0x0 0x0 0x0 0x0 0x0 0x0 0x0 0x0 0x9 0x3 0xffffffffffffffff 0x0 0x0 oops 0 methods 0
ciMethodData java/util/concurrent/locks/AbstractQueuedSynchronizer$Node getAndUnsetStatus (I)I 2 5124 orig 80 0 0 0 0 0 0 0 0 0 0 0 0 250 1 0 0 0 0 0 0 0 0 0 0 0 0 0 0 0 0 0 0 0 0 0 0 0 0 0 0 0 0 0 0 0 0 0 0 0 0 0 0 0 0 0 0 0 0 0 0 0 0 0 0 0 0 0 0 0 0 0 0 0 0 0 0 0 0 0 0 data 19 0xa000b 0x1404 0x0 0x0 0x0 0x0 0x2 0x1 0x2 0x0 0x0 0x0 0x0 0x0 0x0 0x9 0x2 0xffffffffffffffff 0x0 oops 0 methods 0
ciMethodData java/util/concurrent/locks/LockSupport unpark (Ljava/lang/Thread;)V 2 5120 orig 80 0 0 0 0 0 0 0 0 0 0 0 0 250 1 0 0 0 0 0 0 0 0 0 0 0 0 0 0 0 0 0 0 0 0 0 0 0 0 0 0 0 0 0 0 0 0 0 0 0 0 0 0 0 0 0 0 0 0 0 0 0 0 0 0 0 0 0 0 0 0 0 0 0 0 0 0 0 0 0 0 data 34 0x10007 0x5 0xc8 0x13fb 0x50005 0x13fb 0x0 0x0 0x0 0x0 0x80007 0x13fb 0x48 0x0 0xc0002 0x0 0xf0003 0x0 0x48 0x160005 0x13fb 0x0 0x0 0x0 0x0 0x0 0x0 0x0 0x0 0x0 0x0 0x9 0x1 0xffffffffffffffff oops 0 methods 0
ciMethodData java/lang/Error <init> (Ljava/lang/String;)V 1 128 orig 80 0 0 0 0 0 0 0 0 0 0 0 0 250 1 0 0 0 0 0 0 0 0 0 0 0 0 0 0 0 0 0 0 0 0 0 0 0 0 0 0 0 0 0 0 0 0 0 0 0 0 0 0 0 0 0 0 0 0 0 0 0 0 0 0 0 0 0 0 0 0 0 0 0 0 0 0 0 0 0 0 data 24 0x20002 0x80 0x80007 0x80 0x60 0x0 0xc0005 0x0 0x0 0x0 0x0 0x0 0x100002 0x0 0x0 0x0 0x0 0x0 0x0 0x0 0x9 0x2 0x1c 0x0 oops 0 methods 0
ciMethodData java/lang/invoke/Invokers$Holder linkToTargetMethod (Ljava/lang/Object;)Ljava/lang/Object; 2 78989 orig 80 0 0 0 0 0 0 0 0 0 0 0 0 0 0 0 0 0 0 0 0 0 0 0 0 0 0 0 0 0 0 0 0 0 0 0 0 0 0 0 0 0 0 0 0 0 0 0 0 0 0 0 0 0 0 0 0 0 0 0 0 0 0 0 0 0 0 0 0 0 0 0 0 0 0 0 0 0 0 0 0 data 27 0x10004 0x0 0x1faabab5160 0x1b2e 0x0 0x0 0x4000b 0x1348d 0x0 0x0 0x0 0x0 0x1 0x2 0x0 0x0 0x0 0x0 0x0 0x0 0x9 0x1 0x0 0xc 0x2 0x0 0x1faabab5160 oops 2 2 java/lang/invoke/BoundMethodHandle$Species_L 26 java/lang/invoke/BoundMethodHandle$Species_L methods 0
ciMethodData java/util/RegularEnumSet add (Ljava/lang/Object;)Z 2 22413 orig 80 0 0 0 0 0 0 0 0 0 0 0 0 0 0 0 0 0 0 0 0 0 0 0 0 0 0 0 0 0 0 0 0 0 0 0 0 0 0 0 0 0 0 0 0 0 0 0 0 0 0 0 0 0 0 0 0 0 0 0 0 0 0 0 0 0 0 0 0 0 0 0 0 0 0 0 0 0 0 0 0 data 22 0x20004 0x261 0x1faabab80c0 0x30f 0x1faf46080f0 0x2 0x50005 0x578d 0x0 0x0 0x0 0x0 0x0 0x0 0x0 0x0 0x0 0x0 0x9 0x2 0x18 0x0 oops 2 2 org/springframework/util/ConcurrentReferenceHashMap$TaskOption 4 org/springframework/boot/context/config/ConfigData$Option methods 0
ciMethod  @bci com/bookstore/controller/BookApiController getStats ()Ljava/util/Map; 43 <appendix> form vmentry <vmtarget> ; invoke (Ljava/lang/Object;)Ljava/lang/Object; 530 0 79254 0 -1
ciMethodData  @bci com/bookstore/controller/BookApiController getStats ()Ljava/util/Map; 43 <appendix> form vmentry <vmtarget> ; invoke (Ljava/lang/Object;)Ljava/lang/Object; 2 78989 orig 80 0 0 0 0 0 0 0 0 0 0 0 0 0 0 0 0 0 0 0 0 0 0 0 0 0 0 0 0 0 0 0 0 0 0 0 0 0 0 0 0 0 0 0 0 0 0 0 0 0 0 0 0 0 0 0 0 0 0 0 0 0 0 0 0 0 0 0 0 0 0 0 0 0 0 0 0 0 0 0 0 data 19 0x10004 0x0 0x1faabab5160 0x1b2e 0x0 0x0 0x0 0x0 0x0 0x0 0x0 0x0 0x9 0x1 0x0 0xc 0x2 0x0 0x1faabab5160 oops 2 2 java/lang/invoke/BoundMethodHandle$Species_L 18 java/lang/invoke/BoundMethodHandle$Species_L methods 0
ciMethod org/springframework/util/ConcurrentReferenceHashMap getLoadFactor ()F 258 0 129 0 -1
ciMethod org/springframework/util/ConcurrentReferenceHashMap getHash (Ljava/lang/Object;)I 514 0 6441 0 264
ciMethod org/springframework/util/ConcurrentReferenceHashMap get (Ljava/lang/Object;)Ljava/lang/Object; 410 0 5439 0 0
ciMethod org/springframework/util/ConcurrentReferenceHashMap getReference (Ljava/lang/Object;Lorg/springframework/util/ConcurrentReferenceHashMap$Restructure;)Lorg/springframework/util/ConcurrentReferenceHashMap$Reference; 512 0 10327 0 0
ciMethod org/springframework/util/ConcurrentReferenceHashMap put (Ljava/lang/Object;Ljava/lang/Object;)Ljava/lang/Object; 188 0 5560 0 0
ciMethod org/springframework/util/ConcurrentReferenceHashMap put (Ljava/lang/Object;Ljava/lang/Object;Z)Ljava/lang/Object; 190 0 6130 0 0
ciMethod org/springframework/util/ConcurrentReferenceHashMap computeIfAbsent (Ljava/lang/Object;Ljava/util/function/Function;)Ljava/lang/Object; 366 0 5445 0 7544
ciMethod org/springframework/util/ConcurrentReferenceHashMap doTask (Ljava/lang/Object;Lorg/springframework/util/ConcurrentReferenceHashMap$Task;)Ljava/lang/Object; 794 0 5618 0 7264
ciMethod org/springframework/util/ConcurrentReferenceHashMap getSegmentForHash (I)Lorg/springframework/util/ConcurrentReferenceHashMap$Segment; 518 0 15945 0 0
ciMethod org/springframework/util/ConcurrentReferenceHashMap$Task <init> (Lorg/springframework/util/ConcurrentReferenceHashMap;[Lorg/springframework/util/ConcurrentReferenceHashMap$TaskOption;)V 780 0 5616 0 6096
ciMethod org/springframework/util/ConcurrentReferenceHashMap$1 <init> (Lorg/springframework/util/ConcurrentReferenceHashMap;[Lorg/springframework/util/ConcurrentReferenceHashMap$TaskOption;ZLjava/lang/Object;)V 708 0 6130 0 0
ciMethod org/springframework/util/ConcurrentReferenceHashMap$6 <init> (Lorg/springframework/util/ConcurrentReferenceHashMap;[Lorg/springframework/util/ConcurrentReferenceHashMap$TaskOption;Ljava/util/function/Function;Ljava/lang/Object;)V 96 0 118 0 -1
ciMethod org/springframework/util/ConcurrentReferenceHashMap$Segment getReference (Ljava/lang/Object;ILorg/springframework/util/ConcurrentReferenceHashMap$Restructure;)Lorg/springframework/util/ConcurrentReferenceHashMap$Reference; 512 0 10327 0 0
ciMethod org/springframework/util/ConcurrentReferenceHashMap$Segment doTask (ILjava/lang/Object;Lorg/springframework/util/ConcurrentReferenceHashMap$Task;)Ljava/lang/Object; 1024 0 5618 0 -1
ciMethod org/springframework/util/ConcurrentReferenceHashMap$Segment restructureIfNecessary (Z)V 512 0 5414 0 0
ciMethod org/springframework/util/ConcurrentReferenceHashMap$Segment restructure (ZLorg/springframework/util/ConcurrentReferenceHashMap$Reference;)V 4 8 1720 0 0
ciMethod org/springframework/util/ConcurrentReferenceHashMap$Segment findInChain (Lorg/springframework/util/ConcurrentReferenceHashMap$Reference;Ljava/lang/Object;I)Lorg/springframework/util/ConcurrentReferenceHashMap$Reference; 518 36 11536 0 600
ciMethod org/springframework/util/ConcurrentReferenceHashMap$Segment createReferenceArray (I)[Lorg/springframework/util/ConcurrentReferenceHashMap$Reference; 516 0 5874 0 -1
ciMethod org/springframework/util/ConcurrentReferenceHashMap$Segment getIndex (I[Lorg/springframework/util/ConcurrentReferenceHashMap$Reference;)I 526 0 22945 0 104
ciMethod org/springframework/util/ConcurrentReferenceHashMap$ReferenceManager createReference (Lorg/springframework/util/ConcurrentReferenceHashMap$Entry;ILorg/springframework/util/ConcurrentReferenceHashMap$Reference;)Lorg/springframework/util/ConcurrentReferenceHashMap$Reference; 512 0 6892 0 -1
ciMethod org/springframework/util/ConcurrentReferenceHashMap$ReferenceManager pollForPurge ()Lorg/springframework/util/ConcurrentReferenceHashMap$Reference; 512 0 5418 0 0
ciMethod org/springframework/util/ConcurrentReferenceHashMap$Reference get ()Lorg/springframework/util/ConcurrentReferenceHashMap$Entry; 0 0 1 0 -1
ciMethod org/springframework/util/ConcurrentReferenceHashMap$Reference getHash ()I 0 0 1 0 -1
ciMethod org/springframework/util/ConcurrentReferenceHashMap$Reference getNext ()Lorg/springframework/util/ConcurrentReferenceHashMap$Reference; 0 0 1 0 -1
ciMethod org/springframework/util/ConcurrentReferenceHashMap$Entry getKey ()Ljava/lang/Object; 294 0 147 0 0
ciMethod org/springframework/util/ConcurrentReferenceHashMap$Entry getValue ()Ljava/lang/Object; 316 0 158 0 0
ciMethod org/springframework/util/ConcurrentReferenceHashMap$SoftEntryReference getHash ()I 258 0 129 0 0
ciMethod org/springframework/util/ConcurrentReferenceHashMap$SoftEntryReference getNext ()Lorg/springframework/util/ConcurrentReferenceHashMap$Reference; 258 0 129 0 0
ciMethod org/springframework/util/ConcurrentReferenceHashMap$SoftEntryReference get ()Lorg/springframework/util/ConcurrentReferenceHashMap$Entry; 472 0 22067 0 216
ciMethod org/springframework/util/ObjectUtils nullSafeEquals (Ljava/lang/Object;Ljava/lang/Object;)Z 246 0 14509 0 264
ciMethod org/springframework/util/ObjectUtils arrayEquals (Ljava/lang/Object;Ljava/lang/Object;)Z 0 0 2048 0 0
ciMethod org/springframework/core/annotation/AnnotationFilter matches (Ljava/lang/Class;)Z 422 0 14465 0 1152
ciMethod org/springframework/core/annotation/AnnotationFilter matches (Ljava/lang/String;)Z 0 0 1 0 -1
ciMethod org/springframework/core/annotation/AnnotationsScanner getDeclaredAnnotations (Ljava/lang/reflect/AnnotatedElement;Z)[Ljava/lang/annotation/Annotation; 524 140 6417 0 -1
ciMethod org/springframework/core/annotation/AnnotationsScanner isIgnorable (Ljava/lang/Class;)Z 140 0 848 0 0
ciMethod org/springframework/core/annotation/AttributeMethods canLoad (Ljava/lang/annotation/Annotation;Ljava/lang/reflect/AnnotatedElement;)Z 54 128 3429 0 600
ciMethod org/springframework/core/annotation/AttributeMethods assertAnnotation (Ljava/lang/annotation/Annotation;)V 512 0 3863 0 -1
ciMethod org/springframework/core/annotation/AttributeMethods get (I)Ljava/lang/reflect/Method; 786 0 57098 0 -1
ciMethod org/springframework/core/annotation/AttributeMethods canThrowTypeNotPresentException (I)Z 516 0 17270 0 -1
ciMethod org/springframework/core/annotation/AttributeMethods size ()I 1024 0 77595 0 -1
ciMethod org/springframework/core/annotation/AttributeMethods forAnnotationType (Ljava/lang/Class;)Lorg/springframework/core/annotation/AttributeMethods; 202 0 4207 0 0
ciMethod org/springframework/core/annotation/IntrospectionFailureLogger isEnabled ()Z 0 0 1 0 -1
ciMethod org/springframework/core/annotation/AnnotationUtils invokeAnnotationMethod (Ljava/lang/reflect/Method;Ljava/lang/Object;)Ljava/lang/Object; 518 0 5659 0 -1
ciMethodData org/springframework/util/ConcurrentReferenceHashMap getSegmentForHash (I)Lorg/springframework/util/ConcurrentReferenceHashMap$Segment; 2 15686 orig 80 0 0 0 0 0 0 0 0 0 0 0 0 0 0 0 0 0 0 0 0 0 0 0 0 0 0 0 0 0 0 0 0 0 0 0 0 0 0 0 0 0 0 0 0 0 0 0 0 0 0 0 0 0 0 0 0 0 0 0 0 0 0 0 0 0 0 0 0 0 0 0 0 0 0 0 0 0 0 0 0 data 8 0x0 0x0 0x0 0x0 0x9 0x2 0x0 0x0 oops 0 methods 0
ciMethodData org/springframework/util/ConcurrentReferenceHashMap getHash (Ljava/lang/Object;)I 2 6184 orig 80 0 0 0 0 0 0 0 0 0 0 0 0 0 0 0 0 0 0 0 0 0 0 0 0 0 0 0 0 0 0 0 0 0 0 0 0 0 0 0 0 0 0 0 0 0 0 0 0 0 0 0 0 0 0 0 0 0 0 0 0 0 0 0 0 0 0 0 0 0 0 0 0 0 0 0 0 0 0 0 0 data 23 0x10007 0x0 0x68 0x1828 0x50005 0xcbd 0x1faf2cddd50 0x1f7 0x1faaba8a328 0x974 0x80003 0x1828 0x18 0x0 0x0 0x0 0x0 0x0 0x0 0x9 0x2 0x0 0xffffffffffffffff oops 2 6 org/springframework/core/ResolvableType 8 java/lang/Class methods 0
ciMethodData org/springframework/util/ConcurrentReferenceHashMap$Segment restructureIfNecessary (Z)V 2 5158 orig 80 1 0 0 0 0 0 0 0 0 0 0 0 0 0 0 0 0 0 0 0 0 0 0 0 0 0 0 0 0 0 0 0 0 0 0 0 0 3 0 0 0 0 0 0 0 0 0 0 0 0 0 0 0 0 0 0 0 0 0 0 0 0 0 0 0 0 0 0 0 0 0 0 0 0 0 0 0 0 0 0 data 51 0x40005 0x1426 0x0 0x0 0x0 0x0 0x90007 0x116f 0x78 0x2b7 0xd0007 0x9c 0x58 0x21b 0x150007 0x172 0x38 0xa9 0x190003 0xa9 0x18 0x220005 0x0 0x1faf1428f10 0x1426 0x0 0x0 0x290007 0x3 0x40 0x1426 0x2d0007 0x137d 0x50 0xa9 0x340005 0xac 0x0 0x0 0x0 0x0 0x800000020029000d 0x1faf2cd7350 0x800000020029000d 0x1faf1821ab0 0x800000020029000d 0x1faf14272c8 0x9 0x2 0xffffffffffffffff 0x0 oops 1 23 org/springframework/util/ConcurrentReferenceHashMap$ReferenceManager methods 3 42 org/springframework/util/ConcurrentReferenceHashMap get (Ljava/lang/Object;)Ljava/lang/Object; 44 org/springframework/core/annotation/AnnotationsScanner getDeclaredAnnotations (Ljava/lang/reflect/AnnotatedElement;Z)[Ljava/lang/annotation/Annotation; 46 org/springframework/util/ConcurrentReferenceHashMap$Segment restructureIfNecessary (Z)V
ciMethodData org/springframework/util/ConcurrentReferenceHashMap$ReferenceManager pollForPurge ()Lorg/springframework/util/ConcurrentReferenceHashMap$Reference; 2 5162 orig 80 0 0 0 0 0 0 0 0 0 0 0 0 250 1 0 0 0 0 0 0 0 0 0 0 0 0 0 0 0 0 0 0 0 0 0 0 0 0 0 0 0 0 0 0 0 0 0 0 0 0 0 0 0 0 0 0 0 0 0 0 0 0 0 0 0 0 0 0 0 0 0 0 0 0 0 0 0 0 0 0 data 21 0x40005 0x0 0x1faf3193540 0x142a 0x0 0x0 0x70104 0x0 0x1faf2cdb058 0x1 0x0 0x0 0x0 0x0 0x0 0x0 0x0 0x0 0x9 0x1 0x0 oops 2 2 java/lang/ref/ReferenceQueue 8 org/springframework/util/ConcurrentReferenceHashMap$SoftEntryReference methods 0
ciMethodData org/springframework/util/ConcurrentReferenceHashMap$Segment restructure (ZLorg/springframework/util/ConcurrentReferenceHashMap$Reference;)V 2 1718 orig 80 0 0 0 0 0 0 0 0 0 0 0 0 250 1 0 0 0 0 0 0 0 0 0 0 0 0 0 0 0 0 0 0 0 0 0 0 0 0 0 0 0 0 0 0 0 0 0 0 0 0 0 0 0 0 0 0 0 0 0 0 0 0 0 0 0 0 0 0 0 0 0 0 0 0 0 0 0 0 0 0 data 256 0x10005 0x0 0x1faf2cdc690 0x6b6 0x0 0x0 0x80005 0x6b6 0x0 0x0 0x0 0x0 0xc0002 0x6b6 0x120007 0x6b3 0xc8 0x3 0x190002 0x3 0x1f0007 0x3 0x98 0x4 0x250005 0x0 0x1faf40e7fa8 0x4 0x0 0x0 0x2f0005 0x0 0x1faf1428f10 0x4 0x0 0x0 0x330003 0x4 0xffffffffffffff80 0x390005 0x0 0x1faf40e9208 0x6b3 0x1faf40e7fa8 0x3 0x410007 0x1 0x58 0x6b5 0x490007 0x2 0x38 0x6b3 0x4d0003 0x6b3 0x18 0x5e0007 0x3 0x60 0x6b3 0x630007 0x0 0x40 0x6b3 0x6a0007 0x0 0x20 0x6b3 0x7b0007 0x3 0x2c8 0x6b3 0x810005 0x6b3 0x0 0x0 0x0 0x0 0x980007 0x6b3 0x230 0x22e4 0xa60007 0x22e4 0x1f8 0x1b86 0xac0005 0x0 0x1faf40e9208 0x1b86 0x0 0x0 0xb10007 0x0 0x160 0x1b86 0xb50005 0x0 0x1faf2cdb058 0x1b86 0x0 0x0 0xbe0007 0x0 0x110 0x1b86 0xc30005 0x0 0x1faf2cdb058 0x1b86 0x0 0x0 0xca0005 0x1b86 0x0 0x0 0x0 0x0 0xda0005 0x0 0x1faf2cdb058 0x1b86 0x0 0x0 0xe40005 0x0 0x1faf1428f10 0x1b86 0x0 0x0 0xe70004 0x0 0x1faf2cdb058 0x1b86 0x0 0x0 0xec0005 0x0 0x1faf2cdb058 0x1b86 0x0 0x0 0xf20003 0x1b86 0xfffffffffffffe20 0xf80003 0x22e4 0xfffffffffffffde8 0x10c0005 0x6b3 0x0 0x0 0x0 0x0 0x1140003 0x6b3 0x1e8 0x1210007 0x3 0x1d0 0x30 0x1300007 0x30 0x168 0x11 0x1360005 0x0 0x1faf40e7fa8 0x11 0x0 0x0 0x13b0007 0x4 0xd0 0xd 0x13f0005 0x0 0x1faf2cdb058 0xd 0x0 0x0 0x1480007 0x0 0x80 0xd 0x1520005 0x0 0x1faf2cdb058 0xd 0x0 0x0 0x1590005 0x0 0x1faf1428f10 0xd 0x0 0x0 0x1620005 0x0 0x1faf2cdb058 0x11 0x0 0x0 0x1680003 0x11 0xfffffffffffffeb0 0x1730104 0x0 0x1faf2cdb058 0x9 0x0 0x0 0x1770003 0x30 0xfffffffffffffe48 0x1800005 0x6b6 0x0 0x0 0x0 0x0 0x1840005 0x0 0x1faf2cdc690 0x6b6 0x0 0x0 0x1870003 0x6b6 0x48 0x18d0005 0x0 0x0 0x0 0x0 0x0 0x0 0x0 0x0 0x0 0x0 0x0 0x0 0x0 0x0 0x0 0x0 0x0 0x0 0x9 0x3 0x0 0x0 0x0 0x18a0001 0x18a0001 oops 19 2 org/springframework/util/ConcurrentReferenceHashMap$Segment 26 java/util/HashSet 32 org/springframework/util/ConcurrentReferenceHashMap$ReferenceManager 41 java/util/Collections$EmptySet 43 java/util/HashSet 88 java/util/Collections$EmptySet 98 org/springframework/util/ConcurrentReferenceHashMap$SoftEntryReference 108 org/springframework/util/ConcurrentReferenceHashMap$SoftEntryReference 120 org/springframework/util/ConcurrentReferenceHashMap$SoftEntryReference 126 org/springframework/util/ConcurrentReferenceHashMap$ReferenceManager 132 org/springframework/util/ConcurrentReferenceHashMap$SoftEntryReference 138 org/springframework/util/ConcurrentReferenceHashMap$SoftEntryReference 167 java/util/HashSet 177 org/springframework/util/ConcurrentReferenceHashMap$SoftEntryReference 187 org/springframework/util/ConcurrentReferenceHashMap$SoftEntryReference 193 org/springframework/util/ConcurrentReferenceHashMap$ReferenceManager 199 org/springframework/util/ConcurrentReferenceHashMap$SoftEntryReference 208 org/springframework/util/ConcurrentReferenceHashMap$SoftEntryReference 223 org/springframework/util/ConcurrentReferenceHashMap$Segment methods 0
ciMethodData org/springframework/util/ConcurrentReferenceHashMap$Segment findInChain (Lorg/springframework/util/ConcurrentReferenceHashMap$Reference;Ljava/lang/Object;I)Lorg/springframework/util/ConcurrentReferenceHashMap$Reference; 2 11277 orig 80 1 0 0 0 0 0 0 0 0 0 0 0 0 0 0 0 0 0 0 0 0 0 0 0 0 0 0 0 0 0 0 0 0 0 0 0 0 0 0 2 0 0 0 0 0 0 0 0 0 0 0 0 0 0 0 0 0 0 0 0 0 0 0 0 0 0 0 0 0 0 0 0 0 0 0 0 0 0 0 0 data 57 0x50007 0x146d 0x168 0x20c6 0xa0005 0x0 0x1faf2cdb058 0x20c6 0x0 0x0 0x100007 0x8af 0xd0 0x1817 0x150005 0x0 0x1faf2cdb058 0x1817 0x0 0x0 0x1e0007 0x0 0x80 0x1817 0x230005 0x1817 0x0 0x0 0x0 0x0 0x2b0002 0x1817 0x80000006002e0007 0x77 0x20 0x17a2 0x360005 0x0 0x1faf2cdb058 0x926 0x0 0x0 0x3d0003 0x926 0xfffffffffffffeb0 0x0 0x0 0x0 0x0 0x0 0x0 0x9 0x4 0x0 0xffffffffffffffff 0xffffffffffffffff 0x0 oops 3 6 org/springframework/util/ConcurrentReferenceHashMap$SoftEntryReference 16 org/springframework/util/ConcurrentReferenceHashMap$SoftEntryReference 38 org/springframework/util/ConcurrentReferenceHashMap$SoftEntryReference methods 0
ciMethodData org/springframework/util/ConcurrentReferenceHashMap$SoftEntryReference get ()Lorg/springframework/util/ConcurrentReferenceHashMap$Entry; 2 21831 orig 80 0 0 0 0 0 0 0 0 0 0 0 0 250 1 0 0 0 0 0 0 0 0 0 0 0 0 0 0 0 0 0 0 0 0 0 0 0 0 0 0 0 0 0 0 0 0 0 0 0 0 0 0 0 0 0 0 0 0 0 0 0 0 0 0 0 0 0 0 0 0 0 0 0 0 0 0 0 0 0 0 data 17 0x10002 0x5547 0x40004 0x0 0x1faf2cda9f0 0x5547 0x0 0x0 0x0 0x0 0x0 0x0 0x0 0x0 0x9 0x1 0x30 oops 1 4 org/springframework/util/ConcurrentReferenceHashMap$Entry methods 0
ciMethodData org/springframework/util/ObjectUtils nullSafeEquals (Ljava/lang/Object;Ljava/lang/Object;)Z 2 14386 orig 80 1 0 0 0 0 0 0 0 0 0 0 0 250 1 0 0 0 0 0 0 0 0 0 0 0 0 0 0 0 0 0 0 0 0 0 0 0 0 0 1 0 0 0 0 0 0 0 0 0 0 0 0 0 0 0 0 0 0 0 0 0 0 0 0 0 0 0 0 0 0 0 0 0 0 0 0 0 0 0 0 data 66 0x20007 0x1906 0x20 0x1f2c 0x80007 0xab 0x40 0x185b 0x80000006000c0007 0x185b 0x20 0x1 0x130005 0x1142 0x1faf2cddd50 0x309 0x1faaba8a298 0x410 0x160007 0x13b5 0x20 0x4a6 0x1c0005 0x13b5 0x0 0x0 0x0 0x0 0x1f0005 0x13b5 0x0 0x0 0x0 0x0 0x220007 0x1293 0xb0 0x122 0x260005 0x122 0x0 0x0 0x0 0x0 0x290005 0x122 0x0 0x0 0x0 0x0 0x2c0007 0x0 0x30 0x122 0x310002 0x122 0x0 0x0 0x0 0x0 0x0 0x0 0x9 0x2 0xffffffffffffffff 0xffffffffffffffff oops 2 14 org/springframework/core/ResolvableType 16 java/lang/String methods 0
ciMethodData org/springframework/util/ConcurrentReferenceHashMap$Segment getIndex (I[Lorg/springframework/util/ConcurrentReferenceHashMap$Reference;)I 2 22682 orig 80 0 0 0 0 0 0 0 0 0 0 0 0 0 0 0 0 0 0 0 0 0 0 0 0 0 0 0 0 0 0 0 0 0 0 0 0 0 0 0 0 0 0 0 0 0 0 0 0 0 0 0 0 0 0 0 0 0 0 0 0 0 0 0 0 0 0 0 0 0 0 0 0 0 0 0 0 0 0 0 0 data 7 0x0 0x0 0x9 0x3 0x0 0x0 0x0 oops 0 methods 0
ciMethodData org/springframework/util/ConcurrentReferenceHashMap get (Ljava/lang/Object;)Ljava/lang/Object; 2 5234 orig 80 1 0 0 0 0 0 0 0 0 0 0 0 250 1 0 0 0 0 0 0 0 0 0 0 0 0 0 0 0 0 0 0 0 0 0 0 0 0 0 0 0 0 0 0 0 0 0 0 0 0 0 0 0 0 0 0 0 0 0 0 0 0 0 0 0 0 0 0 0 0 0 0 0 0 0 0 0 0 0 0 data 42 0x50005 0x1472 0x0 0x0 0x0 0x0 0xa0007 0x4f0 0x68 0xf84 0xe0005 0x0 0x1faf2cdb058 0xf84 0x0 0x0 0x130003 0xf84 0x18 0x190007 0x4f0 0x68 0xf84 0x1d0005 0xf84 0x0 0x0 0x0 0x0 0x200003 0xf84 0x18 0x0 0x0 0x0 0x0 0x0 0x0 0x9 0x2 0x0 0x0 oops 1 12 org/springframework/util/ConcurrentReferenceHashMap$SoftEntryReference methods 0
ciMethodData org/springframework/util/ConcurrentReferenceHashMap put (Ljava/lang/Object;Ljava/lang/Object;)Ljava/lang/Object; 2 5466 orig 80 0 0 0 0 0 0 0 0 0 0 0 0 250 1 0 0 0 0 0 0 0 0 0 0 0 0 0 0 0 0 0 0 0 0 0 0 0 0 0 0 0 0 0 0 0 0 0 0 0 0 0 0 0 0 0 0 0 0 0 0 0 0 0 0 0 0 0 0 0 0 0 0 0 0 0 0 0 0 0 0 data 17 0x40005 0x155a 0x0 0x0 0x0 0x0 0x0 0x0 0x0 0x0 0x0 0x0 0x9 0x3 0x0 0xffffffffffffffff 0x0 oops 0 methods 0
ciMethodData org/springframework/util/ConcurrentReferenceHashMap put (Ljava/lang/Object;Ljava/lang/Object;Z)Ljava/lang/Object; 2 6035 orig 80 0 0 0 0 0 0 0 0 0 0 0 0 250 1 0 0 0 0 0 0 0 0 0 0 0 0 0 0 0 0 0 0 0 0 0 0 0 0 0 0 0 0 0 0 0 0 0 0 0 0 0 0 0 0 0 0 0 0 0 0 0 0 0 0 0 0 0 0 0 0 0 0 0 0 0 0 0 0 0 0 data 32 0x100004 0x0 0x1faabab80c0 0x1793 0x0 0x0 0x160004 0x0 0x1faabab80c0 0x1793 0x0 0x0 0x190002 0x1793 0x1c0005 0x1793 0x0 0x0 0x0 0x0 0x0 0x0 0x0 0x0 0x0 0x0 0x9 0x4 0x0 0x0 0x0 0x0 oops 2 2 org/springframework/util/ConcurrentReferenceHashMap$TaskOption 8 org/springframework/util/ConcurrentReferenceHashMap$TaskOption methods 0
ciMethodData org/springframework/util/ConcurrentReferenceHashMap getReference (Ljava/lang/Object;Lorg/springframework/util/ConcurrentReferenceHashMap$Restructure;)Lorg/springframework/util/ConcurrentReferenceHashMap$Reference; 2 10071 orig 80 1 0 0 0 0 0 0 0 0 0 0 0 0 0 0 0 0 0 0 0 0 0 0 0 0 0 0 0 0 0 0 0 0 0 0 0 0 0 0 0 0 0 0 0 0 0 0 0 0 0 0 0 0 0 0 0 0 0 0 0 0 0 0 0 0 0 0 0 0 0 0 0 0 0 0 0 0 0 0 0 data 29 0x20005 0x0 0x1faf18221f0 0x2757 0x0 0x0 0x80005 0x2757 0x0 0x0 0x0 0x0 0xe0005 0x2757 0x0 0x0 0x0 0x0 0x0 0x0 0x0 0x0 0x0 0x0 0x9 0x3 0x0 0x0 0x0 oops 1 2 org/springframework/util/ConcurrentReferenceHashMap methods 0
ciMethodData org/springframework/util/ConcurrentReferenceHashMap$Segment getReference (Ljava/lang/Object;ILorg/springframework/util/ConcurrentReferenceHashMap$Restructure;)Lorg/springframework/util/ConcurrentReferenceHashMap$Reference; 2 10071 orig 80 0 0 0 0 0 0 0 0 0 0 0 0 250 1 0 0 0 0 0 0 0 0 0 0 0 0 0 0 0 0 0 0 0 0 0 0 0 0 0 0 0 0 0 0 0 0 0 0 0 0 0 0 0 0 0 0 0 0 0 0 0 0 0 0 0 0 0 0 0 0 0 0 0 0 0 0 0 0 0 0 data 44 0x40007 0x147b 0x50 0x12dc 0x90005 0x12dc 0x0 0x0 0x0 0x0 0x100005 0x2759 0x0 0x0 0x0 0x0 0x130007 0x26ae 0x20 0xab 0x220005 0x26ae 0x0 0x0 0x0 0x0 0x330005 0x26ae 0x0 0x0 0x0 0x0 0x0 0x0 0x0 0x0 0x0 0x0 0x9 0x4 0xffffffffffffffff 0xffffffffffffffff 0x0 0x0 oops 0 methods 0
ciMethodData org/springframework/util/ObjectUtils arrayEquals (Ljava/lang/Object;Ljava/lang/Object;)Z 2 2048 orig 80 0 0 0 0 0 0 0 0 0 0 0 0 250 1 0 0 0 0 0 0 0 0 0 0 0 0 0 0 0 0 0 0 0 0 0 0 0 0 0 0 0 0 0 0 0 0 0 0 0 0 0 0 0 0 0 0 0 0 0 0 0 0 0 0 0 0 0 0 0 0 0 0 0 0 0 0 0 0 0 0 data 237 0x10004 0x265 0x1faf460bcb8 0x19 0x1faf460bd20 0x582 0x40007 0x0 0xe0 0x800 0x80004 0x265 0x1faf460bcb8 0x19 0x1faf460bd20 0x582 0xd0004 0x25f 0x1faf460bcb8 0x19 0x1faf460bd20 0x588 0x100007 0x0 0x60 0x800 0x140004 0x25f 0x1faf460bcb8 0x19 0x1faf460bd20 0x588 0x1a0002 0x800 0x1f0005 0x0 0x0 0x0 0x0 0x0 0x240005 0x0 0x0 0x0 0x0 0x0 0x2b0007 0x0 0xb0 0x0 0x310007 0x0 0x90 0x0 0x350004 0x0 0x0 0x0 0x0 0x0 0x390004 0x0 0x0 0x0 0x0 0x0 0x3c0002 0x0 0x430007 0x0 0xb0 0x0 0x490007 0x0 0x90 0x0 0x4d0004 0x0 0x0 0x0 0x0 0x0 0x510004 0x0 0x0 0x0 0x0 0x0 0x540002 0x0 0x5b0007 0x0 0xb0 0x0 0x610007 0x0 0x90 0x0 0x650004 0x0 0x0 0x0 0x0 0x0 0x690004 0x0 0x0 0x0 0x0 0x0 0x6c0002 0x0 0x730007 0x0 0xb0 0x0 0x790007 0x0 0x90 0x0 0x7d0004 0x0 0x0 0x0 0x0 0x0 0x810004 0x0 0x0 0x0 0x0 0x0 0x840002 0x0 0x8b0007 0x0 0xb0 0x0 0x910007 0x0 0x90 0x0 0x950004 0x0 0x0 0x0 0x0 0x0 0x990004 0x0 0x0 0x0 0x0 0x0 0x9c0002 0x0 0xa30007 0x0 0xb0 0x0 0xa90007 0x0 0x90 0x0 0xad0004 0x0 0x0 0x0 0x0 0x0 0xb10004 0x0 0x0 0x0 0x0 0x0 0xb40002 0x0 0xbb0007 0x0 0xb0 0x0 0xc10007 0x0 0x90 0x0 0xc50004 0x0 0x0 0x0 0x0 0x0 0xc90004 0x0 0x0 0x0 0x0 0x0 0xcc0002 0x0 0xd30007 0x0 0xb0 0x0 0xd90007 0x0 0x90 0x0 0xdd0004 0x0 0x0 0x0 0x0 0x0 0xe10004 0x0 0x0 0x0 0x0 0x0 0xe40002 0x0 0x0 0x0 0x0 0x0 0x0 0x0 0x0 0x0 0x0 0x0 0x0 0x9 0x2 0x0 0x0 oops 8 2 [Lorg/springframework/core/ResolvableType; 4 [Ljava/lang/String; 12 [Lorg/springframework/core/ResolvableType; 14 [Ljava/lang/String; 18 [Lorg/springframework/core/ResolvableType; 20 [Ljava/lang/String; 28 [Lorg/springframework/core/ResolvableType; 30 [Ljava/lang/String; methods 0
ciMethodData org/springframework/core/annotation/AnnotationsScanner getDeclaredAnnotations (Ljava/lang/reflect/AnnotatedElement;Z)[Ljava/lang/annotation/Annotation; 2 6155 orig 80 1 0 0 0 0 0 0 0 0 0 0 0 0 0 0 0 0 0 0 0 0 0 0 0 0 0 0 0 0 0 0 0 0 0 0 0 0 0 0 0 0 0 0 0 0 0 0 0 0 0 0 0 0 0 0 0 0 0 0 0 0 0 0 0 0 0 0 0 0 0 0 0 0 0 0 0 0 0 0 0 data 142 0x60005 0x0 0x1faf18221f0 0x180b 0x0 0x0 0xb0104 0x0 0x1faf1821c68 0x654 0x0 0x0 0x100007 0x11b8 0x38 0x654 0x150003 0x654 0x2e0 0x190005 0x36e 0x1faaba8bd48 0x9d3 0x1faaba8a328 0x477 0x210007 0xfee 0x298 0x1ca 0x2e0007 0x1ca 0x170 0x30a 0x390005 0x2b5 0x1faf18222a0 0x29 0x1faf1822350 0x2c 0x3e0002 0x30a 0x410007 0xcb 0xb0 0x23f 0x460005 0x213 0x1faf18222a0 0x29 0x1faf1822400 0x3 0x4b0002 0x23f 0x510005 0x23f 0x0 0x0 0x0 0x0 0x540007 0x23f 0x68 0x0 0x5b0104 0x0 0x0 0x0 0x0 0x0 0x5c0003 0xcb 0x18 0x650003 0x30a 0xfffffffffffffea8 0x6a0007 0x175 0x38 0x55 0x700003 0x55 0x18 0x760004 0x78 0x1faaba8bd48 0xbe 0x1faaba8a328 0x94 0x790007 0x94 0x70 0x136 0x7d0004 0x72 0x1faaba8bd48 0xbe 0x1faaba8bc28 0x6 0x800007 0x72 0x50 0xc4 0x880005 0x0 0x1faf18221f0 0x158 0x0 0x0 0x910007 0x17fa 0x60 0x12 0x960007 0xd 0x40 0x5 0x9a0007 0x5 0x20 0x0 0xa00005 0x0 0x1faf1821c68 0x5 0x0 0x0 0xa30004 0x0 0x1faf1821c68 0x5 0x0 0x0 0x0 0x0 0x0 0x0 0x0 0x0 0x9 0x2 0x0 0x0 oops 15 2 org/springframework/util/ConcurrentReferenceHashMap 8 [Ljava/lang/annotation/Annotation; 21 java/lang/reflect/Method 23 java/lang/Class 35 jdk/proxy2/$Proxy10 37 jdk/proxy1/$Proxy0 47 jdk/proxy2/$Proxy10 49 jdk/proxy2/$Proxy20 84 java/lang/reflect/Method 86 java/lang/Class 94 java/lang/reflect/Method 96 java/lang/reflect/Field 104 org/springframework/util/ConcurrentReferenceHashMap 122 [Ljava/lang/annotation/Annotation; 128 [Ljava/lang/annotation/Annotation; methods 0
ciMethodData org/springframework/core/annotation/AnnotationsScanner isIgnorable (Ljava/lang/Class;)Z 1 778 orig 80 0 0 0 0 0 0 0 0 0 0 0 0 250 1 0 0 0 0 0 0 0 0 0 0 0 0 0 0 0 0 0 0 0 0 0 0 0 0 0 0 0 0 0 0 0 0 0 0 0 0 0 0 0 0 0 0 0 0 0 0 0 0 0 0 0 0 0 0 0 0 0 0 0 0 0 0 0 0 0 0 data 15 0x40005 0x0 0x1faf1806770 0x30a 0x0 0x0 0x0 0x0 0x0 0x0 0x0 0x0 0x9 0x1 0x0 oops 1 2 org/springframework/core/annotation/PackagesAnnotationFilter methods 0
ciMethodData org/springframework/core/annotation/AnnotationFilter matches (Ljava/lang/Class;)Z 2 14254 orig 80 0 0 0 0 0 0 0 0 0 0 0 0 250 1 0 0 0 0 0 0 0 0 0 0 0 0 0 0 0 0 0 0 0 0 0 0 0 0 0 0 0 0 0 0 0 0 0 0 0 0 0 0 0 0 0 0 0 0 0 0 0 0 0 0 0 0 0 0 0 0 0 0 0 0 0 0 0 0 0 0 data 22 0x20005 0x37ae 0x0 0x0 0x0 0x0 0x50005 0x0 0x1faf1806770 0x37ae 0x0 0x0 0x0 0x0 0x0 0x0 0x0 0x0 0x9 0x2 0xffffffffffffffff 0xffffffffffffffff oops 1 8 org/springframework/core/annotation/PackagesAnnotationFilter methods 0
ciMethodData org/springframework/core/annotation/AttributeMethods forAnnotationType (Ljava/lang/Class;)Lorg/springframework/core/annotation/AttributeMethods; 2 4106 orig 80 0 0 0 0 0 0 0 0 0 0 0 0 250 1 0 0 0 0 0 0 0 0 0 0 0 0 0 0 0 0 0 0 0 0 0 0 0 0 0 0 0 0 0 0 0 0 0 0 0 0 0 0 0 0 0 0 0 0 0 0 0 0 0 0 0 0 0 0 0 0 0 0 0 0 0 0 0 0 0 0 data 29 0x10007 0x100a 0x20 0x0 0xc000a 0x100a 0x1 0x1faabab49f8 0x110005 0x0 0x1faf18221f0 0x100a 0x0 0x0 0x160004 0x0 0x1faf1826b40 0x100a 0x0 0x0 0x0 0x0 0x0 0x0 0x0 0x0 0x9 0x1 0x0 oops 3 7  @bci org/springframework/core/annotation/AttributeMethods forAnnotationType (Ljava/lang/Class;)Lorg/springframework/core/annotation/AttributeMethods; 12 <appendix> argL0 ; 10 org/springframework/util/ConcurrentReferenceHashMap 16 org/springframework/core/annotation/AttributeMethods methods 0
ciMethodData org/springframework/util/ConcurrentReferenceHashMap computeIfAbsent (Ljava/lang/Object;Ljava/util/function/Function;)Ljava/lang/Object; 2 5262 orig 80 0 0 0 0 0 0 0 0 0 0 0 0 250 1 0 0 0 0 0 0 0 0 0 0 0 0 0 0 0 0 0 0 0 0 0 0 0 0 0 0 0 0 0 0 0 0 0 0 0 0 0 0 0 0 0 0 0 0 0 0 0 0 0 0 0 0 0 0 0 0 0 0 0 0 0 0 0 0 0 0 data 60 0x50005 0x148e 0x0 0x0 0x0 0x0 0xa0007 0x58 0x68 0x1436 0xe0005 0x0 0x1faf2cdb058 0x1436 0x0 0x0 0x130003 0x1436 0x18 0x1b0007 0x58 0x50 0x1436 0x200005 0x1436 0x0 0x0 0x0 0x0 0x340004 0x0 0x1faabab80c0 0x58 0x0 0x0 0x3a0004 0x0 0x1faabab80c0 0x58 0x0 0x0 0x3d0002 0x58 0x400005 0x58 0x0 0x0 0x0 0x0 0x0 0x0 0x0 0x0 0x0 0x0 0x9 0x3 0x0 0x0 0x0 oops 3 12 org/springframework/util/ConcurrentReferenceHashMap$SoftEntryReference 31 org/springframework/util/ConcurrentReferenceHashMap$TaskOption 37 org/springframework/util/ConcurrentReferenceHashMap$TaskOption methods 0
ciMethodData org/springframework/core/annotation/AttributeMethods canLoad (Ljava/lang/annotation/Annotation;Ljava/lang/reflect/AnnotatedElement;)Z 2 3402 orig 80 0 0 0 0 0 0 0 0 0 0 0 0 250 1 0 0 0 0 0 0 0 0 0 0 0 0 0 0 0 0 0 0 0 0 0 0 0 0 0 0 0 0 0 0 0 0 0 0 0 0 0 0 0 0 0 0 0 0 0 0 0 0 0 0 0 0 0 0 0 0 0 0 0 0 0 0 0 0 0 0 data 90 0x20005 0xd4a 0x0 0x0 0x0 0x0 0x90005 0x4db9 0x0 0x0 0x0 0x0 0xc0007 0xd4a 0x208 0x406f 0x110005 0x406f 0x0 0x0 0x0 0x0 0x140007 0x2dda 0x1a0 0x1295 0x190005 0x1295 0x0 0x0 0x0 0x0 0x1d0002 0x1295 0x210003 0x1295 0x140 0x260003 0x0 0x128 0x2e0005 0x0 0x0 0x0 0x0 0x0 0x310007 0x0 0xe0 0x0 0x380005 0x0 0x0 0x0 0x0 0x0 0x3d0005 0x0 0x0 0x0 0x0 0x0 0x40000a 0x0 0x3 0x0 0x0 0x1faaba8a298 0x480005 0x0 0x0 0x0 0x0 0x0 0x500003 0x406f 0xfffffffffffffde0 0x0 0x0 0x0 0x0 0x0 0x0 0x9 0x3 0x0 0xffffffffffffffff 0x0 0x240001 0x290001 oops 1 67 java/lang/String methods 0
ciMethodData java/util/concurrent/locks/ReentrantLock$NonfairSync tryAcquire (I)Z 2 5120 orig 80 0 0 0 0 0 0 0 0 0 0 0 0 0 0 0 0 0 0 0 0 0 0 0 0 0 0 0 0 0 0 0 0 0 0 0 0 0 0 0 0 0 0 0 0 0 0 0 0 0 0 0 0 0 0 0 0 0 0 0 0 0 0 0 0 0 0 0 0 0 0 0 0 0 0 0 0 0 0 0 0 data 38 0x10005 0x1401 0x0 0x0 0x0 0x0 0x40007 0x360 0xb0 0x10a1 0xa0005 0x10a1 0x0 0x0 0x0 0x0 0xd0007 0x11 0x60 0x1090 0x110002 0x1090 0x140005 0x1090 0x0 0x0 0x0 0x0 0x0 0x0 0x0 0x0 0x0 0x0 0x9 0x2 0xffffffffffffffff 0x0 oops 0 methods 0
ciMethodData java/lang/Enum getDeclaringClass ()Ljava/lang/Class; 2 5302 orig 80 0 0 0 0 0 0 0 0 0 0 0 0 0 0 0 0 0 0 0 0 0 0 0 0 0 0 0 0 0 0 0 0 0 0 0 0 0 0 0 0 0 0 0 0 0 0 0 0 0 0 0 0 0 0 0 0 0 0 0 0 0 0 0 0 0 0 0 0 0 0 0 0 0 0 0 0 0 0 0 0 data 28 0x10005 0x14b6 0x0 0x0 0x0 0x0 0x60005 0x14b6 0x0 0x0 0x0 0x0 0xd0007 0x0 0x38 0x14b6 0x110003 0x14b6 0x18 0x0 0x0 0x0 0x0 0x0 0x0 0x9 0x1 0x0 oops 0 methods 0
ciMethodData java/util/EnumSet of (Ljava/lang/Enum;[Ljava/lang/Enum;)Ljava/util/EnumSet; 2 5220 orig 80 0 0 0 0 0 0 0 0 0 0 0 0 0 0 0 0 0 0 0 0 0 0 0 0 0 0 0 0 0 0 0 0 0 0 0 0 0 0 0 0 0 0 0 0 0 0 0 0 0 0 0 0 0 0 0 0 0 0 0 0 0 0 0 0 0 0 0 0 0 0 0 0 0 0 0 0 0 0 0 0 data 37 0x10005 0x1464 0x0 0x0 0x0 0x0 0x40002 0x1464 0xa0005 0x1462 0x1faf4607450 0x2 0x0 0x0 0x1b0007 0x1464 0x68 0x28c8 0x270005 0x28c4 0x1faf4607450 0x4 0x0 0x0 0x2e0003 0x28c8 0xffffffffffffffb0 0x0 0x0 0x0 0x0 0x0 0x0 0x9 0x2 0x0 0x0 oops 2 10 java/util/RegularEnumSet 20 java/util/RegularEnumSet methods 0
ciMethodData org/springframework/util/ConcurrentReferenceHashMap$Task <init> (Lorg/springframework/util/ConcurrentReferenceHashMap;[Lorg/springframework/util/ConcurrentReferenceHashMap$TaskOption;)V 2 5226 orig 80 0 0 0 0 0 0 0 0 0 0 0 0 0 0 0 0 0 0 0 0 0 0 0 0 0 0 0 0 0 0 0 0 0 0 0 0 0 0 0 0 0 0 0 0 0 0 0 0 0 0 0 0 0 0 0 0 0 0 0 0 0 0 0 0 0 0 0 0 0 0 0 0 0 0 0 0 0 0 0 0 data 24 0x60002 0x146a 0xc0007 0x146a 0x48 0x0 0x110002 0x0 0x140003 0x0 0x28 0x1b0002 0x146a 0x0 0x0 0x0 0x0 0x0 0x0 0x9 0x3 0x0 0x0 0x0 oops 0 methods 0
ciMethodData org/springframework/util/ConcurrentReferenceHashMap$1 <init> (Lorg/springframework/util/ConcurrentReferenceHashMap;[Lorg/springframework/util/ConcurrentReferenceHashMap$TaskOption;ZLjava/lang/Object;)V 2 5776 orig 80 0 0 0 0 0 0 0 0 0 0 0 0 250 1 0 0 0 0 0 0 0 0 0 0 0 0 0 0 0 0 0 0 0 0 0 0 0 0 0 0 0 0 0 0 0 0 0 0 0 0 0 0 0 0 0 0 0 0 0 0 0 0 0 0 0 0 0 0 0 0 0 0 0 0 0 0 0 0 0 0 data 13 0x130002 0x1690 0x0 0x0 0x0 0x0 0x9 0x5 0x0 0x0 0x0 0x0 0x0 oops 0 methods 0
ciMethodData org/springframework/util/ConcurrentReferenceHashMap doTask (Ljava/lang/Object;Lorg/springframework/util/ConcurrentReferenceHashMap$Task;)Ljava/lang/Object; 2 5221 orig 80 0 0 0 0 0 0 0 0 0 0 0 0 250 1 0 0 0 0 0 0 0 0 0 0 0 0 0 0 0 0 0 0 0 0 0 0 0 0 0 0 0 0 0 0 0 0 0 0 0 0 0 0 0 0 0 0 0 0 0 0 0 0 0 0 0 0 0 0 0 0 0 0 0 0 0 0 0 0 0 0 data 29 0x20005 0x0 0x1faf18221f0 0x1465 0x0 0x0 0x80005 0x1465 0x0 0x0 0x0 0x0 0xe0005 0x1465 0x0 0x0 0x0 0x0 0x0 0x0 0x0 0x0 0x0 0x0 0x9 0x3 0x0 0x0 0x0 oops 1 2 org/springframework/util/ConcurrentReferenceHashMap methods 0
ciMethodData org/springframework/util/ConcurrentReferenceHashMap$6 <init> (Lorg/springframework/util/ConcurrentReferenceHashMap;[Lorg/springframework/util/ConcurrentReferenceHashMap$TaskOption;Ljava/util/function/Function;Ljava/lang/Object;)V 1 70 orig 80 0 0 0 0 0 0 0 0 0 0 0 0 250 1 0 0 0 0 0 0 0 0 0 0 0 0 0 0 0 0 0 0 0 0 0 0 0 0 0 0 0 0 0 0 0 0 0 0 0 0 0 0 0 0 0 0 0 0 0 0 0 0 0 0 0 0 0 0 0 0 0 0 0 0 0 0 0 0 0 0 data 13 0x130002 0x46 0x0 0x0 0x0 0x0 0x9 0x5 0x0 0x0 0x0 0x0 0x0 oops 0 methods 0
ciMethodData org/springframework/util/ConcurrentReferenceHashMap$Segment doTask (ILjava/lang/Object;Lorg/springframework/util/ConcurrentReferenceHashMap$Task;)Ljava/lang/Object; 2 5106 orig 80 0 0 0 0 0 0 0 0 0 0 0 0 0 0 0 0 0 0 0 0 0 0 0 0 0 0 0 0 0 0 0 0 0 0 0 0 0 0 0 0 0 0 0 0 0 0 0 0 0 0 0 0 0 0 0 0 0 0 0 0 0 0 0 0 0 0 0 0 0 0 0 0 0 0 0 0 0 0 0 0 data 152 0x40005 0x0 0x1faf403be00 0x13c7 0x1faabab7ff0 0x2c 0xd0005 0x0 0x1faf403be00 0x13c7 0x1faabab7ff0 0x2c 0x100007 0x0 0x50 0x13f3 0x160005 0x13f3 0x0 0x0 0x0 0x0 0x1d0005 0x0 0x1faf403be00 0x13c7 0x1faabab7ff0 0x2c 0x200007 0x13f3 0xa0 0x0 0x270005 0x0 0x0 0x0 0x0 0x0 0x2a0007 0x0 0x50 0x0 0x310005 0x0 0x0 0x0 0x0 0x0 0x360005 0x0 0x1faf2cdc690 0x13f3 0x0 0x0 0x3f0005 0x13f3 0x0 0x0 0x0 0x0 0x520005 0x13f3 0x0 0x0 0x0 0x0 0x590007 0x13f3 0x68 0x0 0x5e0005 0x0 0x0 0x0 0x0 0x0 0x630003 0x0 0x18 0x70000a 0x13f3 0x5 0x0 0x1faf2cdc690 0x1 0x2 0x1faf460ced8 0x7e0005 0x0 0x1faf403be00 0x13c7 0x1faabab7ff0 0x2c 0x840005 0x0 0x1faf2cdc690 0x13f6 0x0 0x0 0x8b0005 0x0 0x1faf403be00 0x13ca 0x1faabab7ff0 0x2c 0x8e0007 0x13f6 0x50 0x0 0x940005 0x0 0x0 0x0 0x0 0x0 0x9d0005 0x0 0x0 0x0 0x0 0x0 0xa40005 0x0 0x0 0x0 0x0 0x0 0xa70007 0x0 0x50 0x0 0xad0005 0x0 0x0 0x0 0x0 0x0 0x0 0x0 0x0 0x0 0x0 0x0 0x0 0x9 0x4 0x0 0x0 0x0 0x0 0x9a0001 0x9a0001 oops 14 2 org/springframework/util/ConcurrentReferenceHashMap$1 4 org/springframework/util/ConcurrentReferenceHashMap$6 8 org/springframework/util/ConcurrentReferenceHashMap$1 10 org/springframework/util/ConcurrentReferenceHashMap$6 24 org/springframework/util/ConcurrentReferenceHashMap$1 26 org/springframework/util/ConcurrentReferenceHashMap$6 50 org/springframework/util/ConcurrentReferenceHashMap$Segment 83 org/springframework/util/ConcurrentReferenceHashMap$Segment 86  @bci org/springframework/util/ConcurrentReferenceHashMap$Segment doTask (ILjava/lang/Object;Lorg/springframework/util/ConcurrentReferenceHashMap$Task;)Ljava/lang/Object; 112 <appendix> member <vmtarget> ; 89 org/springframework/util/ConcurrentReferenceHashMap$1 91 org/springframework/util/ConcurrentReferenceHashMap$6 95 org/springframework/util/ConcurrentReferenceHashMap$Segment 101 org/springframework/util/ConcurrentReferenceHashMap$1 103 org/springframework/util/ConcurrentReferenceHashMap$6 methods 0
ciMethodData java/util/concurrent/locks/AbstractQueuedSynchronizer acquire (Ljava/util/concurrent/locks/AbstractQueuedSynchronizer$Node;IZZZJ)I 2 10242 orig 80 1 0 0 0 0 0 0 0 0 0 0 0 250 1 0 0 0 0 0 0 0 0 0 0 0 0 0 0 0 0 0 0 0 0 0 0 0 0 0 1 0 0 0 0 0 0 0 0 0 0 0 0 0 0 0 0 0 0 0 0 0 0 0 0 0 0 0 0 0 0 0 0 0 0 0 0 0 0 0 0 data 280 0x2 0x2802 0x160007 0x2c9 0x180 0x2a4b 0x1a0007 0x290b 0x38 0x140 0x1e0003 0x140 0x18 0x280007 0x1212 0x128 0x183a 0x310007 0x42 0x38 0x17f8 0x350003 0x17f8 0x18 0x3c0007 0x17f8 0xd0 0x42 0x440007 0x42 0x68 0x0 0x480005 0x0 0x0 0x0 0x0 0x0 0x4b0003 0x0 0xfffffffffffffee0 0x530007 0x42 0x48 0x0 0x560002 0x0 0x590003 0x0 0xfffffffffffffe98 0x5e0007 0x1ac1 0x40 0x1253 0x630007 0x42 0x1f8 0x1212 0x670007 0x2c9d 0xa0 0x36 0x6c0005 0x0 0x1faf21c0a30 0x36 0x0 0x0 0x6f0007 0x2d 0x38 0x9 0x730003 0x9 0x18 0x790003 0x36 0x48 0x7e0005 0x0 0x1faf3198918 0x2c9d 0x0 0x0 0x830003 0x2cd3 0x48 0x8d0005 0x0 0x0 0x0 0x0 0x0 0x960007 0x4d0 0xc0 0x2803 0x9b0007 0x100b 0xa0 0x17f8 0xb40007 0x17ef 0x30 0x9 0xb80002 0x9 0xbd0007 0x17f5 0x50 0x3 0xc20005 0x0 0x1faf21c0ae0 0x3 0x0 0x0 0xce0007 0x505 0xa0 0xd 0xd20005 0xd 0x0 0x0 0x0 0x0 0xd50007 0xd 0x3d0 0x0 0xdb0005 0x0 0x0 0x0 0x0 0x0 0xe00007 0x3f7 0xc0 0x10e 0xe40007 0x105 0x48 0x9 0xeb0002 0x9 0xee0003 0x9 0x28 0xf50002 0x105 0xf90003 0x10e 0x308 0x1010005 0x0 0x0 0x0 0x0 0x0 0x1070007 0x30a 0x100 0xec 0x1130005 0xec 0x0 0x0 0x0 0x0 0x11a0005 0xec 0x0 0x0 0x0 0x0 0x80000006011d0007 0xeb 0x68 0x2 0x1220005 0x2 0x0 0x0 0x0 0x0 0x1250003 0x2 0x1f0 0x12e0003 0xeb 0x1d8 0x1330007 0x42 0x68 0x2c9 0x1380007 0x2c5 0x48 0x4 0x1420002 0x4 0x1450003 0x4 0x170 0x14c0007 0x154 0x38 0x1b3 0x1540003 0x1b3 0x138 0x1650007 0x4 0x48 0x150 0x1690002 0x150 0x16c0003 0x150 0x58 0x1710002 0x4 0x17a0007 0x0 0xe0 0x4 0x1800002 0x4 0x1840005 0x154 0x0 0x0 0x0 0x0 0x1890002 0x154 0x1900007 0x150 0x58 0x4 0x1950007 0x4 0x38 0x0 0x1980003 0x0 0x30 0x19b0003 0x513 0xfffffffffffff848 0x1a40005 0x0 0x0 0x0 0x0 0x0 0x0 0x0 0x0 0x0 0x0 0x0 0x0 0x0 0x0 0x0 0x9 0x8 0x0 0x0 0x0 0x0 0x0 0x0 0x0 0x0 0x860001 0xfc0001 oops 3 64 java/util/concurrent/CountDownLatch$Sync 80 java/util/concurrent/locks/ReentrantLock$NonfairSync 113 org/apache/tomcat/util/threads/TaskThread methods 0
ciMethod java/util/concurrent/locks/AbstractQueuedSynchronizer$SharedNode <init> ()V 18 0 9 0 -1
compile org/springframework/core/annotation/AnnotationsScanner getDeclaredAnnotations (Ljava/lang/reflect/AnnotatedElement;Z)[Ljava/lang/annotation/Annotation; -1 4 inline 51 0 -1 0 org/springframework/core/annotation/AnnotationsScanner getDeclaredAnnotations (Ljava/lang/reflect/AnnotatedElement;Z)[Ljava/lang/annotation/Annotation; 1 6 0 org/springframework/util/ConcurrentReferenceHashMap get (Ljava/lang/Object;)Ljava/lang/Object; 2 5 0 org/springframework/util/ConcurrentReferenceHashMap getReference (Ljava/lang/Object;Lorg/springframework/util/ConcurrentReferenceHashMap$Restructure;)Lorg/springframework/util/ConcurrentReferenceHashMap$Reference; 3 2 0 org/springframework/util/ConcurrentReferenceHashMap getHash (Ljava/lang/Object;)I 3 8 0 org/springframework/util/ConcurrentReferenceHashMap getSegmentForHash (I)Lorg/springframework/util/ConcurrentReferenceHashMap$Segment; 3 14 0 org/springframework/util/ConcurrentReferenceHashMap$Segment getReference (Ljava/lang/Object;ILorg/springframework/util/ConcurrentReferenceHashMap$Restructure;)Lorg/springframework/util/ConcurrentReferenceHashMap$Reference; 4 9 0 org/springframework/util/ConcurrentReferenceHashMap$Segment restructureIfNecessary (Z)V 5 4 0 java/util/concurrent/atomic/AtomicInteger get ()I 5 34 0 org/springframework/util/ConcurrentReferenceHashMap$ReferenceManager pollForPurge ()Lorg/springframework/util/ConcurrentReferenceHashMap$Reference; 6 4 0 java/lang/ref/ReferenceQueue poll ()Ljava/lang/ref/Reference; 7 1 0 java/lang/ref/ReferenceQueue headIsNull ()Z 7 13 0 java/util/concurrent/locks/ReentrantLock lock ()V 8 4 0 java/util/concurrent/locks/ReentrantLock$Sync lock ()V 9 1 0 java/util/concurrent/locks/ReentrantLock$NonfairSync initialTryLock ()Z 10 7 0 java/util/concurrent/locks/AbstractQueuedSynchronizer compareAndSetState (II)Z 10 15 0 java/util/concurrent/locks/AbstractOwnableSynchronizer setExclusiveOwnerThread (Ljava/lang/Thread;)V 10 21 0 java/util/concurrent/locks/AbstractOwnableSynchronizer getExclusiveOwnerThread ()Ljava/lang/Thread; 10 29 0 java/util/concurrent/locks/AbstractQueuedSynchronizer getState ()I 10 51 0 java/util/concurrent/locks/AbstractQueuedSynchronizer setState (I)V 9 9 0 java/util/concurrent/locks/AbstractQueuedSynchronizer acquire (I)V 10 2 0 java/util/concurrent/locks/ReentrantLock$NonfairSync tryAcquire (I)Z 11 1 0 java/util/concurrent/locks/AbstractQueuedSynchronizer getState ()I 11 10 0 java/util/concurrent/locks/AbstractQueuedSynchronizer compareAndSetState (II)Z 11 20 0 java/util/concurrent/locks/AbstractOwnableSynchronizer setExclusiveOwnerThread (Ljava/lang/Thread;)V 7 25 0 java/util/concurrent/locks/ReentrantLock unlock ()V 8 5 0 java/util/concurrent/locks/AbstractQueuedSynchronizer release (I)Z 9 2 0 java/util/concurrent/locks/ReentrantLock$Sync tryRelease (I)Z 10 1 0 java/util/concurrent/locks/AbstractQueuedSynchronizer getState ()I 10 8 0 java/util/concurrent/locks/AbstractOwnableSynchronizer getExclusiveOwnerThread ()Ljava/lang/Thread; 10 41 0 java/util/concurrent/locks/AbstractOwnableSynchronizer setExclusiveOwnerThread (Ljava/lang/Thread;)V 10 46 0 java/util/concurrent/locks/AbstractQueuedSynchronizer setState (I)V 9 12 0 java/util/concurrent/locks/AbstractQueuedSynchronizer signalNext (Ljava/util/concurrent/locks/AbstractQueuedSynchronizer$Node;)V 4 16 0 java/util/concurrent/atomic/AtomicInteger get ()I 4 34 0 org/springframework/util/ConcurrentReferenceHashMap$Segment getIndex (I[Lorg/springframework/util/ConcurrentReferenceHashMap$Reference;)I 4 51 0 org/springframework/util/ConcurrentReferenceHashMap$Segment findInChain (Lorg/springframework/util/ConcurrentReferenceHashMap$Reference;Ljava/lang/Object;I)Lorg/springframework/util/ConcurrentReferenceHashMap$Reference; 5 10 0 org/springframework/util/ConcurrentReferenceHashMap$SoftEntryReference getHash ()I 5 21 0 org/springframework/util/ConcurrentReferenceHashMap$SoftEntryReference get ()Lorg/springframework/util/ConcurrentReferenceHashMap$Entry; 6 1 0 java/lang/ref/SoftReference get ()Ljava/lang/Object; 5 35 0 org/springframework/util/ConcurrentReferenceHashMap$Entry getKey ()Ljava/lang/Object; 5 43 0 org/springframework/util/ObjectUtils nullSafeEquals (Ljava/lang/Object;Ljava/lang/Object;)Z 5 54 0 org/springframework/util/ConcurrentReferenceHashMap$SoftEntryReference getNext ()Lorg/springframework/util/ConcurrentReferenceHashMap$Reference; 2 14 0 org/springframework/util/ConcurrentReferenceHashMap$SoftEntryReference get ()Lorg/springframework/util/ConcurrentReferenceHashMap$Entry; 3 1 0 java/lang/ref/SoftReference get ()Ljava/lang/Object; 2 29 0 org/springframework/util/ConcurrentReferenceHashMap$Entry getValue ()Ljava/lang/Object; 1 62 0 org/springframework/core/annotation/AnnotationsScanner isIgnorable (Ljava/lang/Class;)Z 1 75 0 org/springframework/core/annotation/AttributeMethods forAnnotationType (Ljava/lang/Class;)Lorg/springframework/core/annotation/AttributeMethods; 2 12 0 java/lang/invoke/Invokers$Holder linkToTargetMethod (Ljava/lang/Object;)Ljava/lang/Object; 3 4 0  @bci com/bookstore/controller/BookApiController getStats ()Ljava/util/Map; 43 <appendix> form vmentry <vmtarget> ; invoke (Ljava/lang/Object;)Ljava/lang/Object; 1 136 0 org/springframework/util/ConcurrentReferenceHashMap put (Ljava/lang/Object;Ljava/lang/Object;)Ljava/lang/Object; 2 4 0 org/springframework/util/ConcurrentReferenceHashMap put (Ljava/lang/Object;Ljava/lang/Object;Z)Ljava/lang/Object; 3 25 0 org/springframework/util/ConcurrentReferenceHashMap$1 <init> (Lorg/springframework/util/ConcurrentReferenceHashMap;[Lorg/springframework/util/ConcurrentReferenceHashMap$TaskOption;ZLjava/lang/Object;)V
